site_key,name_en,unesco_id,category,criteria_display,criteria_count,countries,region,continent,latitude,longitude,inscription_year,inscription_decade,age_years,is_transboundary,is_endangered,area_hectares,has_image,components_count,geographic_type,unesco_url,description_en
butrint,Butrint,570,Cultural,(iii),1,ALB,Europe and North America,Europe,,,1992,1990s,33,False,False,,True,1,Urban,https://whc.unesco.org/en/list/570,"Inhabited since prehistoric times, Butrint has been the site of a Greek colony, a Roman city and a bishopric. Following a period of prosperity under Byzantine administration, then a brief occupation by the Venetians, the city was abandoned in the late Middle Ages after marshes formed in the area. The present archaeological site is a repository of ruins representing each period in the city’s development."
al_qal_a_of_beni_hammad,Al Qal'a of Beni Hammad,102,Cultural,(iii),1,DZA,Arab States,Asia,,,1980,1980s,45,False,False,150,True,1,Mountain,https://whc.unesco.org/en/list/102,"In a mountainous site of extraordinary beauty, the ruins of the first capital of the Hammadid emirs, founded in 1007 and demolished in 1152, provide an authentic picture of a fortified Muslim city. The mosque, whose prayer room has 13 aisles with eight bays, is one of the largest in Algeria."
m_zab_valley,M'Zab Valley,188,Cultural,(ii)(iii)(v),3,DZA,Arab States,Asia,,,1982,1980s,43,False,False,665.03,True,19,Urban,https://whc.unesco.org/en/list/188,"A traditional human habitat, created in the 10th century by the Ibadites around their five ksour (fortified cities), has been preserved intact in the M’Zab valley. Simple, functional and perfectly adapted to the environment, the architecture of M’Zab was designed for community living, while respecting the structure of the family. It is a source of inspiration for today’s urban planners."
kasbah_of_algiers,Kasbah of Algiers,565,Cultural,(ii)(v),2,DZA,Arab States,Asia,,,1992,1990s,33,False,False,54.7,True,1,Coastal,https://whc.unesco.org/en/list/565,"The Kasbah is a unique kind of medina, or Islamic city. It stands in one of the finest coastal sites on the Mediterranean, overlooking the islands where a Carthaginian trading-post was established in the 4th century BC. There are the remains of the citadel, old mosques and Ottoman-style palaces as well as the remains of a traditional urban structure associated with a deep-rooted sense of community."
timgad,Timgad,194,Cultural,(ii)(iii)(iv),3,DZA,Arab States,Asia,,,1982,1980s,43,False,False,90.54,True,1,Mountain,https://whc.unesco.org/en/list/194,"Timgad lies on the northern slopes of the Aurès mountains and was created ex nihilo as a military colony by the Emperor Trajan in AD 100. With its square enclosure and orthogonal design based on the cardo and decumanus, the two perpendicular routes running through the city, it is an excellent example of Roman town planning."
mbanza_kongo_vestiges_of_the_capital_of_the_former_kingdom_of_kongo,"Mbanza Kongo, Vestiges of the Capital of the former Kingdom of Kongo",1511,Cultural,(iii)(iv),2,AGO,Africa,Africa,,,2017,2010s,8,False,False,89.29,True,1,Desert,https://whc.unesco.org/en/list/1511,"The town of Mbanza Kongo, located on a plateau at an altitude of 570 m, was the political and spiritual capital of the Kingdom of Kongo, one of the largest constituted states in Southern Africa from the 14th to 19th centuries. The historical area grew around the royal residence, the customary court and the holy tree, as well as the royal funeral places. When the Portuguese arrived in the 15th century they added stone buildings constructed in accordance with European methods to the existing urban"
esma_museum_and_site_of_memory_former_clandestine_centre_of_detention_torture_and_extermination,"ESMA Museum and Site of Memory – Former Clandestine Centre of Detention, Torture and Extermination",1681,Cultural,,0,ARG,Latin America and the Caribbean,Americas,,,2023,2020s,2,False,False,0.907,True,1,Cultural Landscape,https://whc.unesco.org/en/list/1681,"This property is located within the complex of the Former Navy School of Mechanics in Buenos Aires, in the former Officers’ Quarters. This was the Argentine Navy’s principal secret detention centre during the civil-military dictatorship of 1976-1983. As part of a national strategy to destroy armed and nonviolent opposition to the military regime, the Officers' Quarters building at ESMA (Escuela Superior de Mecánica de la Armada) was used for holding captive opponents who had been abducted in Bue"
ischigualasto_talampaya_natural_parks,Ischigualasto / Talampaya Natural Parks,966,Natural,(viii),1,ARG,Latin America and the Caribbean,Americas,,,2000,2000s,25,False,False,275369,True,1,Desert,https://whc.unesco.org/en/list/966,"These two contiguous parks, extending over 275,300 ha in the desert region on the western border of the Sierra Pampeanas of central Argentina, contain the most complete continental fossil record known from the Triassic Period (245-208 million years ago). Six geological formations in the parks contain fossils of a wide range of ancestors of mammals, dinosaurs and plants revealing the evolution of vertebrates and the nature of palaeo-environments in the Triassic Period."
cueva_de_las_manos_rio_pinturas,"Cueva de las Manos, Río Pinturas",936,Cultural,(iii),1,ARG,Latin America and the Caribbean,Americas,,,1999,1990s,26,False,False,600,True,1,Cultural Landscape,https://whc.unesco.org/en/list/936,"The Cueva de las Manos, Río Pinturas, contains an exceptional assemblage of cave art, executed between 13,000 and 9,500 years ago. It takes its name (Cave of the Hands) from the stencilled outlines of human hands in the cave, but there are also many depictions of animals, such as guanacos (Lama guanicoe ), still commonly found in the region, as well as hunting scenes. The people responsible for the paintings may have been the ancestors of the historic hunter-gatherer communities of Patagonia fou"
iguazu_national_park,Iguazu National Park,303,Natural,(vii)(x),2,ARG,Latin America and the Caribbean,Americas,,,1984,1980s,41,False,False,55000,True,1,Forest,https://whc.unesco.org/en/list/303,"The semicircular waterfall at the heart of this site is some 80 m high and 2,700 m in diameter and is situated on a basaltic line spanning the border between Argentina and Brazil. Made up of many cascades producing vast sprays of water, it is one of the most spectacular waterfalls in the world. The surrounding subtropical rainforest has over 2,000 species of vascular plants and is home to the typical wildlife of the region: tapirs, giant anteaters, howler monkeys, ocelots, jaguars and caymans."
monasteries_of_haghpat_and_sanahin,Monasteries of Haghpat and Sanahin,777,Cultural,(ii)(iv),2,ARM,Europe and North America,Europe,,,1996,1990s,29,False,False,2.65,True,3,Cultural Landscape,https://whc.unesco.org/en/list/777,"These two Byzantine monasteries in the Tumanian region from the period of prosperity during the Kiurikian dynasty (10th to 13th century) were important centres of learning. Sanahin was renown for its school of illuminators and calligraphers. The two monastic complexes represent the highest flowering of Armenian religious architecture, whose unique style developed from a blending of elements of Byzantine ecclesiastical architecture and the traditional vernacular architecture of the Caucasian regi"
greater_blue_mountains_area,Greater Blue Mountains Area,917,Natural,(ix)(x),2,AUS,Asia and the Pacific,Unknown,,,2000,2000s,25,False,False,1032649,True,1,Mountain,https://whc.unesco.org/en/list/917,"The Greater Blue Mountains Area consists of 1.03 million ha of sandstone plateaux, escarpments and gorges dominated by temperate eucalypt forest. The site, comprised of eight protected areas, is noted for its representation of the evolutionary adaptation and diversification of the eucalypts in post-Gondwana isolation on the Australian continent. Ninety-one eucalypt taxa occur within the Greater Blue Mountains Area which is also outstanding for its exceptional expression of the structural and eco"
monastery_of_geghard_and_the_upper_azat_valley,Monastery of Geghard and the Upper Azat Valley,960,Cultural,(ii),1,ARM,Europe and North America,Europe,,,2000,2000s,25,False,False,2.7,True,1,Mountain,https://whc.unesco.org/en/list/960,"The monastery of Geghard contains a number of churches and tombs, most of them cut into the rock, which illustrate the very peak of Armenian medieval architecture. The complex of medieval buildings is set into a landscape of great natural beauty, surrounded by towering cliffs at the entrance to the Azat Valley."
australian_fossil_mammal_sites_riversleigh_naracoorte,Australian Fossil Mammal Sites (Riversleigh / Naracoorte),698,Natural,(viii)(ix),2,AUS,Asia and the Pacific,Unknown,,,1994,1990s,31,False,False,10326,True,7,River/Valley,https://whc.unesco.org/en/list/698,"Riversleigh and Naracoorte, situated in the north and south respectively of eastern Australia, are among the world’s 10 greatest fossil sites. They are a superb illustration of the key stages of evolution of Australia’s unique fauna."
australian_convict_sites,Australian Convict Sites,1306,Cultural,(iv),1,AUS,Asia and the Pacific,Unknown,,,2010,2010s,15,False,False,1502.51,True,11,Coastal,https://whc.unesco.org/en/list/1306,"The property includes a selection of eleven penal sites, among the thousands established by the British Empire on Australian soil in the 18th and 19th centuries. The sites are spread across Australia, from Fremantle in Western Australia to Kingston and Arthur's Vale on Norfolk Island in the east; and from areas around Sydney in New South Wales in the north, to sites located in Tasmania in the south. Around 166,000 men, women and children were sent to Australia over 80 years between 1787 and 1868"
kakadu_national_park,Kakadu National Park,147,Mixed,(i)(vii)(ix)(x),4,AUS,Asia and the Pacific,Unknown,,,1981,1980s,44,False,False,1980994.92,True,3,Cultural Landscape,https://whc.unesco.org/en/list/147,"This unique archaeological and ethnological reserve, located in the Northern Territory, has been inhabited continuously for more than 40,000 years. The cave paintings, rock carvings and archaeological sites record the skills and way of life of the region’s inhabitants, from the hunter-gatherers of prehistoric times to the Aboriginal people still living there. It is a unique example of a complex of ecosystems, including tidal flats, floodplains, lowlands and plateaux, and provides a habitat for a"
great_barrier_reef,Great Barrier Reef,154,Natural,(vii)(viii)(ix)(x),4,AUS,Asia and the Pacific,Unknown,,,1981,1980s,44,False,False,34870000,True,1,Coastal,https://whc.unesco.org/en/list/154,"The Great Barrier Reef is a site of remarkable variety and beauty on the north-east coast of Australia. It contains the world’s largest collection of coral reefs, with 400 types of coral, 1,500 species of fish and 4,000 types of mollusc. It also holds great scientific interest as the habitat of species such as the dugong (‘sea cow’) and the large green turtle, which are threatened with extinction."
paraty_and_ilha_grande_culture_and_biodiversity,Paraty and Ilha Grande – Culture and Biodiversity,1308,Mixed,(v)(x),2,BRA,Latin America and the Caribbean,Americas,,,2019,2010s,6,False,False,173164.18,True,6,Mountain,https://whc.unesco.org/en/list/1308,"This natural-cultural landscape encompasses the historic centre of Paraty, one of Brazil's best-preserved coastal towns, four Brazilian Atlantic Forest protected natural areas, one of the world’s five key biodiversity hotspots, as well as part of the Serra da Bocaina mountain range and the Atlantic coastal region. Serra do Mar and Ilha Grande Bay is home to an impressive diversity of animal species, some of which are threatened, such as the jaguar (Panthera onca), the white-lipped peccary (Tayas"
ningaloo_coast,Ningaloo Coast,1369,Natural,(vii)(x),2,AUS,Asia and the Pacific,Unknown,,,2011,2010s,14,False,False,705015,True,1,Coastal,https://whc.unesco.org/en/list/1369,"The 604,500 hectare marine and terrestrial property of Ningaloo Coast, on the remote western coast of Australia, includes one of the longest near-shore reefs in the world. On land the site features an extensive karst system and network of underground caves and water courses. Annual gatherings of whale sharks occur at Ningaloo Coast, which is home to numerous marine species, among them a wealth of sea turtles. The terrestrial part of the site features subterranean water bodies with a substantial "
lord_howe_island_group,Lord Howe Island Group,186,Natural,(vii)(x),2,AUS,Asia and the Pacific,Unknown,,,1982,1980s,43,False,False,146300,True,1,Coastal,https://whc.unesco.org/en/list/186,"A remarkable example of isolated oceanic islands, born of volcanic activity more than 2,000 m under the sea, these islands boast a spectacular topography and are home to numerous endemic species, especially birds."
shark_bay_western_australia,"Shark Bay, Western Australia",578,Natural,(vii)(viii)(ix)(x),4,AUS,Asia and the Pacific,Unknown,,,1991,1990s,34,False,False,2200902,True,1,Coastal,https://whc.unesco.org/en/list/578,"At the most westerly point of the Australian continent, Shark Bay, with its islands and the land surrounding it, has three exceptional natural features: its vast sea-grass beds, which are the largest (4,800 km2) and richest in the world; its dugong (‘sea cow’) population; and its stromatolites (colonies of algae which form hard, dome-shaped deposits and are among the oldest forms of life on earth). Shark Bay is also home to five species of endangered mammals."
sydney_opera_house,Sydney Opera House,166,Cultural,(i),1,AUS,Asia and the Pacific,Unknown,,,2007,2000s,18,False,False,5.8,True,1,Urban,https://whc.unesco.org/en/list/166,"Inaugurated in 1973, the Sydney Opera House is a great architectural work of the 20th century that brings together multiple strands of creativity and innovation in both architectural form and structural design. A great urban sculpture set in a remarkable waterscape, at the tip of a peninsula projecting into Sydney Harbour, the building has had an enduring influence on architecture. The Sydney Opera House comprises three groups of interlocking vaulted ‘shells’ which roof two main performance hall"
royal_exhibition_building_and_carlton_gardens,Royal Exhibition Building and Carlton Gardens,1131,Cultural,(ii),1,AUS,Asia and the Pacific,Unknown,,,2004,2000s,21,False,False,26,True,1,Cultural Landscape,https://whc.unesco.org/en/list/1131,"The Royal Exhibition Building and its surrounding Carlton Gardens were designed for the great international exhibitions of 1880 and 1888 in Melbourne. The building and grounds were designed by Joseph Reed. The building is constructed of brick and timber, steel and slate. It combines elements from the Byzantine, Romanesque, Lombardic and Italian Renaissance styles. The property is typical of the international exhibition movement which saw over 50 exhibitions staged between 1851 and 1915 in venues"
wet_tropics_of_queensland,Wet Tropics of Queensland,486,Natural,(vii)(viii)(ix)(x),4,AUS,Asia and the Pacific,Unknown,,,1988,1980s,37,False,False,893453,True,14,Coastal,https://whc.unesco.org/en/list/486,"This area, which stretches along the north-east coast of Australia for some 450 km, is made up largely of tropical rainforests. This biotope offers a particularly extensive and varied array of plants, as well as marsupials and singing birds, along with other rare and endangered animals and plant species."
prehistoric_pile_dwellings_around_the_alps,Prehistoric Pile Dwellings around the Alps,1363,Cultural,(iv)(v),2,"ITA, FRA, AUT, SVN, CHE, DEU",Europe and North America,Europe,,,2011,2010s,14,True,False,274.2,True,111,Mountain,https://whc.unesco.org/en/list/1363,"This serial property of 111 small individual sites encompasses the remains of prehistoric pile-dwelling (or stilt house) settlements in and around the Alps built from around 5000 to 500 B.C. on the edges of lakes, rivers or wetlands. Excavations, only conducted in some of the sites, have yielded evidence that provides insight into life in prehistoric times during the Neolithic and Bronze Age in Alpine Europe and the way communities interacted with their environment. Fifty-six of the sites are lo"
wachau_cultural_landscape,Wachau Cultural Landscape,970,Cultural,(ii)(iv),2,AUT,Europe and North America,Europe,,,2000,2000s,25,False,False,18462,True,1,Urban,https://whc.unesco.org/en/list/970,"The Wachau is a stretch of the Danube Valley between Melk and Krems, a landscape of high visual quality. It preserves in an intact and visible form many traces - in terms of architecture, (monasteries, castles, ruins), urban design, (towns and villages), and agricultural use, principally for the cultivation of vines - of its evolution since prehistoric times."
cultural_landscape_of_khinalig_people_and_koc_yolu_transhumance_route,Cultural Landscape of Khinalig People and “Köç Yolu” Transhumance Route,1696,Cultural,(iii)(v),2,AZE,Europe and North America,Europe,,,2023,2020s,2,False,False,44829.41,True,1,Mountain,https://whc.unesco.org/en/list/1696,"This cultural landscape is comprised of the high-mountain Khinalig village in northern Azerbaijan, high-altitude summer pastures and agricultural terraces in the Greater Caucasus Mountains, winter pastures in the lowland plains in central Azerbaijan, and the connecting 200-kilometre-long seasonal transhumance route called Köç Yolu (“Migration Route”). The village of Khinalig is home to the semi-nomadic Khinalig people, whose culture and lifestyle are defined by the seasonal migration between sum"
pearling_testimony_of_an_island_economy,"Pearling, Testimony of an Island Economy",1364,Cultural,(iii),1,BHR,Arab States,Asia,,,2012,2010s,13,False,False,35086.81,True,20,Coastal,https://whc.unesco.org/en/list/1364,"The site consists of seventeen buildings in Muharraq City, three offshore oyster beds, part of the seashore and the Qal’at Bu Mahir fortress on the southern tip of Muharraq Island, from where boats used to set off for the oyster beds. The listed buildings include residences of wealthy merchants, shops, storehouses and a mosque. The site is the last remaining complete example of the cultural tradition of pearling and the wealth it generated at a time when the trade dominated the Gulf economy (2nd"
historic_centre_of_sheki_with_the_khans_palace,Historic Centre of Sheki with the Khan’s Palace,1549,Cultural,(ii)(v),2,AZE,Europe and North America,Europe,,,2019,2010s,6,False,False,120.5,True,1,Mountain,https://whc.unesco.org/en/list/1549,"The historic city of Sheki is located at the foot of the Greater Caucasus Mountains and divided in two by the Gurjana River. While the older northern part is built on the mountain, its southern part extends into the river valley. Its historic centre, rebuilt after the destruction of an earlier town by mudflows in the 18th century, is characterized by a traditional architectural ensemble of houses with high gabled roofs. Located along important historic trade routes, the city's architecture is in"
fujian_em_tulou_em,Fujian <em>Tulou</em>,1113,Cultural,(iii)(iv)(v),3,CHN,Asia and the Pacific,Unknown,,,2008,2000s,17,False,False,152.65,True,10,Urban,https://whc.unesco.org/en/list/1113,"Fujian Tulou is a property of 46 buildings constructed between the 15th and 20th centuries over 120 km in south-west of Fujian province, inland from the Taiwan Strait. Set amongst rice, tea and tobacco fields the Tulou are earthen houses. Several storeys high, they are built along an inward-looking, circular or square floor plan as housing for up to 800 people each. They were built for defence purposes around a central open courtyard with only one entrance and windows to the outside only above t"
walled_city_of_baku_with_the_shirvanshah_s_palace_and_maiden_tower,Walled City of Baku with the Shirvanshah's Palace and Maiden Tower,958,Cultural,(iv),1,AZE,Europe and North America,Europe,,,2000,2000s,25,False,False,21.5,True,1,Urban,https://whc.unesco.org/en/list/958,"Built on a site inhabited since the Palaeolithic period, the Walled City of Baku reveals evidence of Zoroastrian, Sasanian, Arabic, Persian, Shirvani, Ottoman, and Russian presence in cultural continuity. The Inner City (Icheri Sheher) has preserved much of its 12th-century defensive walls. The 12th-century Maiden Tower (Giz Galasy) is built over earlier structures dating from the 7th to 6th centuries BC, and the 15th-century Shirvanshahs' Palace is one of the pearls of Azerbaijan's architecture"
the_sundarbans,The Sundarbans,798,Natural,(ix)(x),2,BGD,Asia and the Pacific,Unknown,,,1997,1990s,28,False,False,139500,True,3,Coastal,https://whc.unesco.org/en/list/798,"The Sundarbans mangrove forest, one of the largest such forests in the world (140,000 ha), lies on the delta of the Ganges, Brahmaputra and Meghna rivers on the Bay of Bengal. It is adjacent to the border of India’s Sundarbans World Heritage site inscribed in 1987. The site is intersected by a complex network of tidal waterways, mudflats and small islands of salt-tolerant mangrove forests, and presents an excellent example of ongoing ecological processes. The area is known for its wide range of "
qalat_al_bahrain_ancient_harbour_and_capital_of_dilmun,Qal’at al-Bahrain – Ancient Harbour and Capital of Dilmun,1192,Cultural,(ii)(iii)(iv),3,BHR,Arab States,Asia,,,2005,2000s,20,False,False,70.4,True,2,Cultural Landscape,https://whc.unesco.org/en/list/1192,"Qal’at al-Bahrain is a typical tell – an artificial mound created by many successive layers of human occupation. The strata of the 300 × 600 m tell testify to continuous human presence from about 2300 BC to the 16th century AD. About 25% of the site has been excavated, revealing structures of different types: residential, public, commercial, religious and military. They testify to the importance of the site, a trading port, over the centuries. On the top of the 12 m mound there is the impressive"
belfries_of_belgium_and_france,Belfries of Belgium and France,943,Cultural,(ii)(iv),2,"FRA, BEL",Europe and North America,Europe,,,1999,1990s,26,True,False,0,True,56,Urban,https://whc.unesco.org/en/list/943,"Twenty-three belfries in the north of France and the belfry of Gembloux in Belgium were inscribed in 2005, as an extension to the 32 Belgian belfries inscribed in 1999 as Belfries of Flanders and Wallonia. Built between the 11th and 17th centuries, they showcase the Roman, Gothic, Renaissance and Baroque styles of architecture. They are highly significant tokens of the winning of civil liberties. While Italian, German and English towns mainly opted to build town halls, in part of north-western E"
koutammakou_the_land_of_the_batammariba,"Koutammakou, the Land of the Batammariba",1140,Cultural,(v),1,"TGO, BEN",Africa,Africa,,,2004,2000s,21,True,False,271826,True,1,Forest,https://whc.unesco.org/en/list/1140,"The Koutammakou landscape in north-eastern Togo and neighbouring Benin is home to the Batammariba, whose remarkable mud tower-houses are known as takienta (sikien in the plural). Nature is strongly associated with the rituals and beliefs of society here. The landscape is exceptional due to the architecture of the tower-houses which reflect the social structure; its farmland and forest; and the associations between people and landscape. The buildings are grouped in villages, which also include ce"
neolithic_flint_mines_at_spiennes_mons,Neolithic Flint Mines at Spiennes (Mons),1006,Cultural,(i)(iii)(iv),3,BEL,Europe and North America,Europe,,,2000,2000s,25,False,False,172,True,1,Cultural Landscape,https://whc.unesco.org/en/list/1006,"The Neolithic flint mines at Spiennes, covering more than 100 ha, are the largest and earliest concentration of ancient mines in Europe. They are also remarkable for the diversity of technological solutions used for extraction and for the fact that they are directly linked to a settlement of the same period."
the_four_lifts_on_the_canal_du_centre_and_their_environs_la_louviere_and_le_roeulx_hainaut,"The Four Lifts on the Canal du Centre and their Environs, La Louvière and Le Roeulx (Hainaut)",856,Cultural,(iii)(iv),2,BEL,Europe and North America,Europe,,,1998,1990s,27,False,False,67.3436,True,1,Cultural Landscape,https://whc.unesco.org/en/list/856,"The four hydraulic boat-lifts on this short stretch of the historic Canal du Centre are industrial monuments of the highest quality. Together with the canal itself and its associated structures, they constitute a remarkably well-preserved and complete example of a late-19th-century industrial landscape. Of the eight hydraulic boat-lifts built at the end of the 19th and beginning of the 20th century, the only ones in the world which still exist in their original working condition are these four l"
stoclet_house,Stoclet House,1298,Cultural,(i)(ii),2,BEL,Europe and North America,Europe,,,2009,2000s,16,False,False,0.86,True,1,Cultural Landscape,https://whc.unesco.org/en/list/1298,"When banker and art collector Adolphe Stoclet commissioned this house from one of the leading architects of the Vienna Secession movement, Josef Hoffmann, in 1905, he imposed neither aesthetic nor financial restrictions on the project. The house and garden were completed in 1911 and their austere geometry marked a turning point in Art Nouveau, foreshadowing Art Deco and the Modern Movement in architecture. Stoclet House is one of the most accomplished and homogenous buildings of the Vienna Seces"
jesuit_missions_of_the_chiquitos,Jesuit Missions of the Chiquitos,529,Cultural,(iv)(v),2,BOL,Latin America and the Caribbean,Americas,,,1990,1990s,35,False,False,0,True,6,Cultural Landscape,https://whc.unesco.org/en/list/529,"Between 1696 and 1760, six ensembles of reducciones (settlements of Christianized Indians) inspired by the ‘ideal cities’ of the 16th-century philosophers were founded by the Jesuits in a style that married Catholic architecture with local traditions. The six that remain – San Francisco Javier, Concepción, Santa Ana, San Miguel, San Rafael and San José – make up a living heritage on the former territory of the Chiquitos."
mehmed_pasa_sokolovic_bridge_in_visegrad,Mehmed Paša Sokolović Bridge in Višegrad,1260,Cultural,(ii)(iv),2,BIH,Europe and North America,Europe,,,2007,2000s,18,False,False,1.5,True,1,River/Valley,https://whc.unesco.org/en/list/1260,"The Mehmed Paša Sokolović Bridge of Višegrad across the Drina River in the east of Bosnia and Herzegovina was built at the end of the 16th century by the court architect Mimar Koca Sinan on the orders of Grand Vizier Mehmed Paša Sokolović. Characteristic of the apogee of Ottoman monumental architecture and civil engineering, the bridge has 11 masonry arches with spans of 11 m to 15 m, and an access ramp at right angles with four arches on the left bank of the river. The 179.5 m long bridge is a "
tsodilo,Tsodilo,1021,Cultural,(i)(iii),2,BWA,Africa,Africa,,,2001,2000s,24,False,False,4800,True,1,Desert,https://whc.unesco.org/en/list/1021,"With one of the highest concentrations of rock art in the world, Tsodilo has been called the ''Louvre of the Desert''. Over 4,500 paintings are preserved in an area of only 10 km2 of the Kalahari Desert. The archaeological record of the area gives a chronological account of human activities and environmental changes over at least 100,000 years. Local communities in this hostile environment respect Tsodilo as a place of worship frequented by ancestral spirits."
vjetrenica_cave_ravno,"Vjetrenica Cave, Ravno",1673,Natural,(x),1,BIH,Europe and North America,Europe,,,2024,2020s,1,False,False,413.97,True,1,Mountain,https://whc.unesco.org/en/list/1673,"Located in the Dinaric mountain range, the property stands out with its remarkable cave biodiversity and endemicity. Known since antiquity, the well-conserved representation of karst topography is one of the world’s most important biodiversity hotspots for cave-dwelling fauna, notably subterranean aquatic fauna. It is home to a number of globally threatened vertebrate species, and the only subterranean tubeworm in the world, as well as a diversity of plant species endemic to the Balkans. Additio"
brasilia,Brasilia,445,Cultural,(i)(iv),2,BRA,Latin America and the Caribbean,Americas,,,1987,1980s,38,False,False,11268.92,True,1,Urban,https://whc.unesco.org/en/list/445,"Brasilia, a capital created ex nihilo in the centre of the country in 1956, was a landmark in the history of town planning. Urban planner Lucio Costa and architect Oscar Niemeyer intended that every element – from the layout of the residential and administrative districts (often compared to the shape of a bird in flight) to the symmetry of the buildings themselves – should be in harmony with the city’s overall design. The official buildings, in particular, are innovative and imaginative."
brazilian_atlantic_islands_fernando_de_noronha_and_atol_das_rocas_reserves,Brazilian Atlantic Islands: Fernando de Noronha and Atol das Rocas Reserves,1000,Natural,(vii)(ix)(x),3,BRA,Latin America and the Caribbean,Americas,,,2001,2000s,24,False,False,43270,True,2,Mountain,https://whc.unesco.org/en/list/1000,"Peaks of the Southern Atlantic submarine ridge form the Fernando de Noronha Archipelago and Rocas Atoll off the coast of Brazil. They represent a large proportion of the island surface of the South Atlantic and their rich waters are extremely important for the breeding and feeding of tuna, shark, turtle and marine mammals. The islands are home to the largest concentration of tropical seabirds in the Western Atlantic. Baia de Golfinhos has an exceptional population of resident dolphin and at low "
discovery_coast_atlantic_forest_reserves,Discovery Coast Atlantic Forest Reserves,892,Natural,(ix)(x),2,BRA,Latin America and the Caribbean,Americas,,,1999,1990s,26,False,False,111930,True,8,Coastal,https://whc.unesco.org/en/list/892,"The Discovery Coast Atlantic Forest Reserves, in the states of Bahia and Espírito Santo, consist of eight separate protected areas containing 112,000 ha of Atlantic forest and associated shrub (restingas). The rainforests of Brazil’s Atlantic coast are the world’s richest in terms of biodiversity. The site contains a distinct range of species with a high level of endemism and reveals a pattern of evolution that is not only of great scientific interest but is also of importance for conservation."
historic_centre_of_the_town_of_olinda,Historic Centre of the Town of Olinda,189,Cultural,(ii)(iv),2,BRA,Latin America and the Caribbean,Americas,,,1982,1980s,43,False,False,190.9,True,1,Urban,https://whc.unesco.org/en/list/189,"Founded in the 16th century by the Portuguese, the town’s history is linked to the sugar-cane industry. Rebuilt after being looted by the Dutch, its basic urban fabric dates from the 18th century. The harmonious balance between the buildings, gardens, 20 Baroque churches, convents and numerous small passos (chapels) all contribute to Olinda’s particular charm."
historic_centre_of_the_town_of_goias,Historic Centre of the Town of Goiás,993,Cultural,(ii)(iv),2,BRA,Latin America and the Caribbean,Americas,,,2001,2000s,24,False,False,40.3,True,1,Urban,https://whc.unesco.org/en/list/993,"Goiás testifies to the occupation and colonization of the lands of central Brazil in the 18th and 19th centuries. The urban layout is an example of the organic development of a mining town, adapted to the conditions of the site. Although modest, both public and private architecture form a harmonious whole, thanks to the coherent use of local materials and vernacular techniques."
pantanal_conservation_area,Pantanal Conservation Area,999,Natural,(vii)(ix)(x),3,BRA,Latin America and the Caribbean,Americas,,,2000,2000s,25,False,False,187818,True,1,River/Valley,https://whc.unesco.org/en/list/999,"The Pantanal Conservation Area consists of a cluster of four protected areas with a total area of 187,818 ha. Located in western central Brazil at the south-west corner of the State of Mato Grosso, the site represents 1.3% of Brazil's Pantanal region, one of the world's largest freshwater wetland ecosystems. The headwaters of the region's two major river systems, the Cuiabá and the Paraguay rivers, are located here, and the abundance and diversity of its vegetation and animal life are spectacula"
pampulha_modern_ensemble,Pampulha Modern Ensemble,1493,Cultural,(i)(ii)(iv),3,BRA,Latin America and the Caribbean,Americas,,,2016,2010s,9,False,False,154,True,1,Urban,https://whc.unesco.org/en/list/1493,"The Pampulha Modern Ensemble was the centre of a visionary garden city project created in 1940 at Belo Horizonte, the capital of Minas Gerais State. Designed around an artificial lake, this cultural and leisure centre included a casino, a ballroom, the Golf Yacht Club and the São Francisco de Assis church. The buildings were designed by architect Oscar Niemeyer, in collaboration with innovative artists. The Ensemble comprises bold forms that exploit the plastic potential of concrete, while fusin"
peruacu_river_canyon,Peruaçu River Canyon,1747,Natural,(vii)(viii),2,BRA,Latin America and the Caribbean,Americas,,,2025,2020s,0,False,False,38003,True,1,Forest,https://whc.unesco.org/en/list/1747,"Located in northern Minas Gerais and featuring dramatic karst landscapes, vast caves, and rich biodiversity, the park’s horizontal cave systems, formed in carbonate rock, reveal striking speleothems, collapsed dolines, limestone arches, and underground rivers. Developed in the stable São Francisco craton, the landscape reflects major climatic and geological changes from the Plio-Pleistocene. The park lies at the intersection of the Cerrado, Caatinga, and Atlantic Forest biomes, supporting over 2"
rio_de_janeiro_carioca_landscapes_between_the_mountain_and_the_sea,Rio de Janeiro: Carioca Landscapes between the Mountain and the Sea,1100,Cultural,(v),1,BRA,Latin America and the Caribbean,Americas,,,2012,2010s,13,False,False,7248.78,True,4,Mountain,https://whc.unesco.org/en/list/1100,"The site consists of an exceptional urban setting encompassing the key natural elements that have shaped and inspired the development of the city: from the highest points of the Tijuca National Park’s mountains down to the sea. They also include the Botanical Gardens, established in 1808, Corcovado Mountain with its celebrated statue of Christ, and the hills around Guanabara Bay, including the extensive designed landscapes along Copacabana Bay which have contributed to the outdoor living culture"
valongo_wharf_archaeological_site,Valongo Wharf Archaeological Site,1548,Cultural,,0,BRA,Latin America and the Caribbean,Americas,,,2017,2010s,8,False,False,0.3895,True,1,Cultural Landscape,https://whc.unesco.org/en/list/1548,"Valongo Wharf Archaeological Site is located in central Rio de Janeiro and encompasses the entirety of Jornal do Comércio Square. It is in the former harbour area of Rio de Janeiro in which the old stone wharf was built for the landing of enslaved Africans reaching the South American continent from 1811 onwards. An estimated 900,000 Africans arrived in South America via Valongo. The site is composed of several archaeological layers, the lowest of which consists of floor pavings in pé de moleque "
sitio_roberto_burle_marx,Sítio Roberto Burle Marx,1620,Cultural,(ii)(iv),2,BRA,Latin America and the Caribbean,Americas,,,2021,2020s,4,False,False,40.53,True,1,Coastal,https://whc.unesco.org/en/list/1620,"Situated in the western region of Rio de Janeiro, the property embodies a successful project developed over more than 40 years by landscape architect and artist Roberto Burle Marx (1909-1994), a “landscape laboratory” to create “living works of art” using native plants and drawing on Modernist ideas. Began in 1949, the property encompasses extensive landscapes, gardens, buildings and collections, which feature the key characteristics that came to define Burle Marx’s landscape gardens and influen"
pirin_national_park,Pirin National Park,225,Natural,(vii)(viii)(ix),3,BGR,Europe and North America,Europe,,,1983,1980s,42,False,False,38350.04,True,1,Mountain,https://whc.unesco.org/en/list/225,"Spread over an area of over 27,000 ha, at an altitude between 1008 and 2914 m in the Pirin Mountains, southwest Bulgaria, the site comprises diverse limestone mountain landscapes with glacial lakes, waterfalls, caves and predominantly coniferous forests. It was added to the World Heritage List in 1983. The extension now covers an area of around 40,000 ha in the Pirin Mountains, and overlaps with the Pirin National Park, except for two areas developed for tourism (skiing). The dominant part of th"
rila_monastery,Rila Monastery,216,Cultural,,0,BGR,Europe and North America,Europe,,,1983,1980s,42,False,False,10.7,True,5,Cultural Landscape,https://whc.unesco.org/en/list/216,"Rila Monastery was founded in the 10th century by St John of Rila, a hermit canonized by the Orthodox Church. His ascetic dwelling and tomb became a holy site and were transformed into a monastic complex which played an important role in the spiritual and social life of medieval Bulgaria. Destroyed by fire at the beginning of the 19th century, the complex was rebuilt between 1834 and 1862. A characteristic example of the Bulgarian Renaissance (18th–19th centuries), the monument symbolizes the aw"
cidade_velha_historic_centre_of_ribeira_grande,"Cidade Velha, Historic Centre of Ribeira Grande",1310,Cultural,(ii)(iii),2,CPV,Africa,Africa,,,2009,2000s,16,False,False,209.1,True,1,Coastal,https://whc.unesco.org/en/list/1310,"The town of Ribeira Grande, renamed Cidade Velha in the late 18th century, was the first European colonial outpost in the tropics. Located in the south of the island of Santiago, the town features some of the original street layout impressive remains including two churches, a royal fortress and Pillory Square with its ornate 16th century marble pillar."
kulangsu_a_historic_international_settlement,"Kulangsu, a Historic International Settlement",1541,Cultural,(ii)(iv),2,CHN,Asia and the Pacific,Unknown,,,2017,2010s,8,False,False,316.2,True,1,Coastal,https://whc.unesco.org/en/list/1541,"Kulangsu is a tiny island located on the estuary of the Chiu-lung River, facing the city of Xiamen. With the opening of a commercial port at Xiamen in 1843, and the establishment of the island as an international settlement in 1903, this island off the southern coast of the Chinese empire suddenly became an important window for Sino-foreign exchanges. Kulangsu is an exceptional example of the cultural fusion that emerged from these exchanges, which remain legible in its urban fabric. There is a "
koh_ker_archaeological_site_of_ancient_lingapura_or_chok_gargyar,Koh Ker: Archaeological Site of Ancient Lingapura or Chok Gargyar,1667,Cultural,(ii)(iv),2,KHM,Asia and the Pacific,Unknown,,,2023,2020s,2,False,False,1187.61,True,1,Urban,https://whc.unesco.org/en/list/1667,"The archaeological site of Koh Ker is a sacred urban ensemble of numerous temples and sanctuaries including sculptures, inscriptions, wall paintings, and archaeological remains. Constructed over a twenty-three-year period, it was one of two rival Khmer Empire capitals – the other being Angkor – and was the sole capital from 928 to 944 CE. Established by King Jayavarman IV, his sacred city was believed to be laid out on the basis of ancient Indian religious concepts of the universe. The new city "
temple_zone_of_sambor_prei_kuk_archaeological_site_of_ancient_ishanapura,"Temple Zone of Sambor Prei Kuk, Archaeological Site of Ancient Ishanapura",1532,Cultural,(ii)(iii),2,KHM,Asia and the Pacific,Unknown,,,2017,2010s,8,False,False,840.03,True,1,Forest,https://whc.unesco.org/en/list/1532,"The archaeological site of Sambor Prei Kuk, “the temple in the richness of the forest” in the Khmer language, has been identified as Ishanapura, the capital of the Chenla Empire that flourished in the late 6th and early 7th centuries AD. The property comprises more than a hundred temples, ten of which are octagonal, unique specimens of their genre in South-East Asia. Decorated sandstone elements in the site are characteristic of the pre-Angkor decorative idiom, known as the Sambor Prei Kuk Style"
diy_gid_biy_cultural_landscape_of_the_mandara_mountains,Diy-Gid-Biy Cultural Landscape of the Mandara Mountains,1745,Cultural,(iii),1,CMR,Africa,Africa,,,2025,2020s,0,False,False,2500,True,1,Cultural Landscape,https://whc.unesco.org/en/list/1745,"Located in the Far North Region of Cameroon, the property includes sixteen archaeological sites across seven villages. Known as Diy-Gid-Biy (meaning “Ruin of the Chief’s Residence” in the Mafa language), these dry-stone architectural structures were likely built between the 12th and 17th centuries. While their original builders remain unknown, the area has been inhabited by the Mafa people since the 15th century. The surrounding landscape features agricultural terraces, homes, tombs, places of w"
gros_morne_national_park,Gros Morne National Park,419,Natural,(vii)(viii),2,CAN,Europe and North America,Europe,,,1987,1980s,38,False,False,180500,True,1,Mountain,https://whc.unesco.org/en/list/419,"Situated on the west coast of the island of Newfoundland, the park provides a rare example of the process of continental drift, where deep ocean crust and the rocks of the earth's mantle lie exposed. More recent glacial action has resulted in some spectacular scenery, with coastal lowland, alpine plateau, fjords, glacial valleys, sheer cliffs, waterfalls and many pristine lakes."
dinosaur_provincial_park,Dinosaur Provincial Park,71,Natural,(vii)(viii),2,CAN,Europe and North America,Europe,,,1979,1970s,46,False,False,7825,True,1,Natural Landscape,https://whc.unesco.org/en/list/71,"In addition to its particularly beautiful scenery, Dinosaur Provincial Park – located at the heart of the province of Alberta's badlands – contains some of the most important fossil discoveries ever made from the 'Age of Reptiles', in particular about 35 species of dinosaur, dating back some 75 million years."
lanse_aux_meadows_national_historic_site,L’Anse aux Meadows National Historic Site,4,Cultural,,0,CAN,Europe and North America,Europe,,,1978,1970s,47,False,False,7991,True,1,Coastal,https://whc.unesco.org/en/list/4,"At the tip of the Great Northern Peninsula of the island of Newfoundland, the remains of an 11th-century Viking settlement are evidence of the first European presence in North America. The excavated remains of wood-framed peat-turf buildings are similar to those found in Norse Greenland and Iceland."
mistaken_point,Mistaken Point,1497,Natural,(viii),1,CAN,Europe and North America,Europe,,,2016,2010s,9,False,False,146,True,1,Coastal,https://whc.unesco.org/en/list/1497,"This fossil site is located at the south-eastern tip of the island of Newfoundland, in eastern Canada. It consists of a narrow, 17 km-long strip of rugged coastal cliffs. Of deep marine origin, these cliffs date to the Ediacaran Period (580-560 million years ago), representing the oldest known assemblages of large fossils anywhere. These fossils illustrate a watershed in the history of life on earth: the appearance of large, biologically complex organisms, after almost three billion years of mic"
nahanni_national_park,Nahanni National Park,24,Natural,(vii)(viii),2,CAN,Europe and North America,Europe,,,1978,1970s,47,False,False,476560,True,1,Mountain,https://whc.unesco.org/en/list/24,"Located along the South Nahanni River, one of the most spectacular wild rivers in North America, this park contains deep canyons and huge waterfalls, as well as a unique limestone cave system. The park is also home to animals of the boreal forest, such as wolves, grizzly bears and caribou. Dall's sheep and mountain goats are found in the park's alpine environment."
red_bay_basque_whaling_station,Red Bay Basque Whaling Station,1412,Cultural,(iii)(iv),2,CAN,Europe and North America,Europe,,,2013,2010s,12,False,False,312.973,True,1,Coastal,https://whc.unesco.org/en/list/1412,"Red Bay, established by Basque mariners in the 16th century at the north-eastern tip of Canada on the shore of the Strait of Belle Isle is an archaeological site that provides the earliest, most complete and best preserved testimony of the European whaling tradition. Gran Baya, as it was called by those who founded the station in 1530s, was used as a base for coastal hunting, butchering, rendering of whale fat by heading to produce oil and storage. It became a major source of whale oil which was"
pimachiowin_aki,Pimachiowin Aki,1415,Mixed,(iii)(ix),2,CAN,Europe and North America,Europe,,,2018,2010s,7,False,False,2904000,True,1,Forest,https://whc.unesco.org/en/list/1415,"Pimachiowin Aki ('The Land That Gives Life') is a landscape of rivers, lakes, wetlands, and boreal forest. It forms part of the ancestral home of the Anishinaabeg, an indigenous people living from fishing, hunting and gathering. The site encompasses the traditional lands of four Anishinaabeg communities (Bloodvein River, Little Grand Rapids, Pauingassi and Poplar River). It is an exceptional example of the cultural tradition of Ji-ganawendamang Gidakiiminaan ('keeping the land'), which consists "
trondek_klondike,Tr’ondëk-Klondike,1564,Cultural,(iv),1,CAN,Europe and North America,Europe,,,2023,2020s,2,False,False,334.54,True,8,River/Valley,https://whc.unesco.org/en/list/1564,"Located along the Yukon River in the sub-arctic region of Northwest Canada, Tr’ondëk-Klondike lies within the homeland of the Tr’ondëk Hwëch’in First Nation. It contains archaeological and historic sources that reflect Indigenous people’s adaptation to unprecedented changes caused by the Klondike Gold Rush at the end of the 19th century. The series illustrates different aspects of the colonization of this area, including sites of exchange between the Indigenous population and the colonists, and "
writing_on_stone_aisinaipi,Writing-on-Stone / Áísínai’pi,1597,Cultural,(iii),1,CAN,Europe and North America,Europe,,,2019,2010s,6,False,False,1106,True,3,Desert,https://whc.unesco.org/en/list/1597,"The property is located on the northern edge of the semi-arid Great Plains of North America, on the border between Canada and the United States of America. The Milk River Valley dominates the topography of this cultural landscape, which is characterized by a concentration of pillars or hoodoos – columns of rock sculpted by erosion into spectacular shapes. The Blackfoot Confederacy (Siksikáíítsitapi) left engravings and paintings on the sandstone walls of the Milk River Valley, bearing testimony "
churches_of_chiloe,Churches of Chiloé,971,Cultural,(ii)(iii),2,CHL,Latin America and the Caribbean,Americas,,,2000,2000s,25,False,False,13.8977,True,16,Cultural Landscape,https://whc.unesco.org/en/list/971,"The Churches of Chiloé represent a unique example in Latin America of an outstanding form of ecclesiastical wooden architecture. They represent a tradition initiated by the Jesuit Peripatetic Mission in the 17th and 18th centuries, continued and enriched by the Franciscans during the 19th century and still prevailing today. These churches embody the intangible richness of the Chiloé Archipelago, and bear witness to a successful fusion of indigenous and European culture, the full integration of i"
sewell_mining_town,Sewell Mining Town,1214,Cultural,(ii),1,CHL,Latin America and the Caribbean,Americas,,,2006,2000s,19,False,False,17.2,True,1,Mountain,https://whc.unesco.org/en/list/1214,"Situated at 2,000 m in the Andes, 60 km to the east of Rancagua, in an environment marked by extremes of climate, Sewell Mining Town was built by the Braden Copper company in 1905 to house workers at what was to become the world’s largest underground copper mine, El Teniente. It is an outstanding example of the company towns that were born in many remote parts of the world from the fusion of local labour and resources from an industrialized nation, to mine and process high-value natural resource"
beijing_central_axis_a_building_ensemble_exhibiting_the_ideal_order_of_the_chinese_capital,Beijing Central Axis: A Building Ensemble Exhibiting the Ideal Order of the Chinese Capital,1714,Cultural,(iii)(iv),2,CHN,Asia and the Pacific,Unknown,,,2024,2020s,1,False,False,589,True,1,Urban,https://whc.unesco.org/en/list/1714,"Running north to south through the heart of historical Beijing, the Central Axis consists of former imperial palaces and gardens, sacrificial structures, and ceremonial and public buildings. Together they bear testimony to the evolution of the city and exhibits evidence of the imperial dynastic system and urban planning traditions of China. The location, layout, urban pattern, roads and design showcase the ideal capital city as prescribed in the Kaogongji, an ancient text known as the Book of Di"
archaeological_ruins_of_liangzhu_city,Archaeological Ruins of Liangzhu City,1592,Cultural,(iii)(iv),2,CHN,Asia and the Pacific,Unknown,,,2019,2010s,6,False,False,1433.66,True,4,Coastal,https://whc.unesco.org/en/list/1592,"Located in the Yangtze River Basin on the south-eastern coast of the country, the archaeological ruins of Liangzhu (about 3,300-2,300 BCE) reveal an early regional state with a unified belief system based on rice cultivation in Late Neolithic China. The property is composed of four areas – the Area of Yaoshan Site, the Area of High-dam at the Mouth of the Valley, the Area of Low-dam on the Plain and the Area of City Site. These ruins are an outstanding example of early urban civilization express"
ancient_villages_in_southern_anhui_xidi_and_hongcun,Ancient Villages in Southern Anhui – Xidi and Hongcun,1002,Cultural,(iii)(iv)(v),3,CHN,Asia and the Pacific,Unknown,,,2000,2000s,25,False,False,52,True,2,Urban,https://whc.unesco.org/en/list/1002,"The two traditional villages of Xidi and Hongcun preserve to a remarkable extent the appearance of non-urban settlements of a type that largely disappeared or was transformed during the last century. Their street plan, their architecture and decoration, and the integration of houses with comprehensive water systems are unique surviving examples."
china_danxia,China Danxia,1335,Natural,(vii)(viii),2,CHN,Asia and the Pacific,Unknown,,,2010,2010s,15,False,False,82151,True,9,Forest,https://whc.unesco.org/en/list/1335,"China Danxia is the name given in China to landscapes developed on continental red terrigenous sedimentary beds influenced by endogenous forces (including uplift) and exogenous forces (including weathering and erosion). The inscribed site comprises six areas found in the sub-tropical zone of south-west China. They are characterized by spectacular red cliffs and a range of erosional landforms, including dramatic natural pillars, towers, ravines, valleys and waterfalls. These rugged landscapes hav"
chengjiang_fossil_site,Chengjiang Fossil Site,1388,Natural,(viii),1,CHN,Asia and the Pacific,Unknown,,,2012,2010s,13,False,False,512,True,1,Natural Landscape,https://whc.unesco.org/en/list/1388,"A hilly 512 ha site in Yunnan province, Chengjiang’s fossils present the most complete record of an early Cambrian marine community with exceptionally preserved biota, displaying the anatomy of hard and soft tissues in a very wide variety of organisms, invertebrate and vertebrate. They record the early establishment of a complex marine ecosystem. The site documents at least sixteen phyla and a variety of enigmatic groups as well as about 196 species, presenting exceptional testimony to the rapid"
capital_cities_and_tombs_of_the_ancient_koguryo_kingdom,Capital Cities and Tombs of the Ancient Koguryo Kingdom,1135,Cultural,(i)(ii)(iii)(iv)(v),5,CHN,Asia and the Pacific,Unknown,,,2004,2000s,21,False,False,4164.8599,True,5,Mountain,https://whc.unesco.org/en/list/1135,"The site includes archaeological remains of three cities and 40 tombs: Wunu Mountain City, Guonei City and Wandu Mountain City, 14 tombs are imperial, 26 of nobles. All belong to the Koguryo culture, named after the dynasty that ruled over parts of northern China and the northern half of the Korean Peninsula from 277 BC to AD 668. Wunu Mountain City is only partly excavated. Guonei City, within the modern city of Ji’an, played the role of a ‘supporting capital’ after the main Koguryo capital mov"
historic_centre_of_macao,Historic Centre of Macao,1110,Cultural,(ii)(iii)(iv),3,CHN,Asia and the Pacific,Unknown,,,2005,2000s,20,False,False,16.1678,True,2,Urban,https://whc.unesco.org/en/list/1110,"Macao, a lucrative port of strategic importance in the development of international trade, was under Portuguese administration from the mid-16th century until 1999, when it came under Chinese sovereignty. With its historic street, residential, religious and public Portuguese and Chinese buildings, the historic centre of Macao provides a unique testimony to the meeting of aesthetic, cultural, architectural and technological influences from East and West. The site also contains a fortress and a li"
historic_monuments_of_dengfeng_in_the_centre_of_heaven_and_earth,Historic Monuments of Dengfeng in “The Centre of Heaven and Earth”,1305,Cultural,(iii),1,CHN,Asia and the Pacific,Unknown,,,2010,2010s,15,False,False,825,True,8,Mountain,https://whc.unesco.org/en/list/1305,"Mount Songshang is considered to be the central sacred mountain of China. At the foot of this 1500 metre high mountain, close to the city of Dengfeng in Henan province and spread over a 40 square-kilometre circle, stand eight clusters of buildings and sites, including three Han Que gates - remains of the oldest religious edifices in China -, temples, the Zhougong Sundial Platform and the Dengfeng Observatory. Constructed over the course of nine dynasties, these buildings are reflections of diffe"
huanglong_scenic_and_historic_interest_area,Huanglong Scenic and Historic Interest Area,638,Natural,(vii),1,CHN,Asia and the Pacific,Unknown,,,1992,1990s,33,False,False,60000,True,1,Mountain,https://whc.unesco.org/en/list/638,"Situated in the north-west of Sichuan Province, the Huanglong valley is made up of snow-capped peaks and the easternmost of all the Chinese glaciers. In addition to its mountain landscape, diverse forest ecosystems can be found, as well as spectacular limestone formations, waterfalls and hot springs. The area also has a population of endangered animals, including the giant panda and the Sichuan golden snub-nosed monkey."
imperial_palaces_of_the_ming_and_qing_dynasties_in_beijing_and_shenyang,Imperial Palaces of the Ming and Qing Dynasties in Beijing and Shenyang,439,Cultural,(i)(ii)(iii)(iv),4,CHN,Asia and the Pacific,Unknown,,,1987,1980s,38,False,False,84.96,True,2,Coastal,https://whc.unesco.org/en/list/439,"Seat of supreme power for over five centuries (1416-1911), the Forbidden City in Beijing, with its landscaped gardens and many buildings (whose nearly 10,000 rooms contain furniture and works of art), constitutes a priceless testimony to Chinese civilization during the Ming and Qing dynasties. The Imperial Palace of the Qing Dynasty in Shenyang consists of 114 buildings constructed between 1625–26 and 1783. It contains an important library and testifies to the foundation of the last dynasty that"
mausoleum_of_the_first_qin_emperor,Mausoleum of the First Qin Emperor,441,Cultural,(i)(iii)(iv),3,CHN,Asia and the Pacific,Unknown,,,1987,1980s,38,False,False,244,True,1,Urban,https://whc.unesco.org/en/list/441,"No doubt thousands of statues still remain to be unearthed at this archaeological site, which was not discovered until 1974. Qin (d. 210 B.C.), the first unifier of China, is buried, surrounded by the famous terracotta warriors, at the centre of a complex designed to mirror the urban plan of the capital, Xianyan. The small figures are all different; with their horses, chariots and weapons, they are masterpieces of realism and also of great historical interest."
migratory_bird_sanctuaries_along_the_coast_of_yellow_sea_bohai_gulf_of_china,Migratory Bird Sanctuaries along the Coast of Yellow Sea-Bohai Gulf of China,1606,Natural,(x),1,CHN,Asia and the Pacific,Unknown,,,2019,2010s,6,False,False,289710.94,True,12,Coastal,https://whc.unesco.org/en/list/1606,"The Migratory Bird Sanctuaries along the Coast of Yellow Sea-Bohai Gulf of China is a serial extension of the property of the same name already inscribed on the World Heritage List. As part of the world’s largest intertidal wetland system, this area within the Yellow Sea Ecoregion supports crucial habitats for birds migrating on the East Asian-Australasian Flyway which spans some 25 countries from the Arctic to South-East Asia and Australasia. The wetlands serve a unique ecological function as i"
lushan_national_park,Lushan National Park,778,Cultural,(ii)(iii)(iv),3,CHN,Asia and the Pacific,Unknown,,,1996,1990s,29,False,False,30200,True,1,Cultural Landscape,https://whc.unesco.org/en/list/778,"Mount Lushan, in Jiangxi, is one of the spiritual centres of Chinese civilization. Buddhist and Taoist temples, along with landmarks of Confucianism, where the most eminent masters taught, blend effortlessly into a strikingly beautiful landscape which has inspired countless artists who developed the aesthetic approach to nature found in Chinese culture."
mount_huangshan,Mount Huangshan,547,Mixed,(ii)(vii)(x),3,CHN,Asia and the Pacific,Unknown,,,1990,1990s,35,False,False,16060,True,1,Mountain,https://whc.unesco.org/en/list/547,"Huangshan, known as 'the loveliest mountain of China', was acclaimed through art and literature during a good part of Chinese history (e.g. the Shanshui 'mountain and water' style of the mid-16th century). Today it holds the same fascination for visitors, poets, painters and photographers who come on pilgrimage to the site, which is renowned for its magnificent scenery made up of many granite peaks and rocks emerging out of a sea of clouds."
mount_wutai,Mount Wutai,1279,Cultural,(ii)(iii)(iv),3,CHN,Asia and the Pacific,Unknown,,,2009,2000s,16,False,False,18415,True,2,Mountain,https://whc.unesco.org/en/list/1279,"With its five flat peaks, Mount Wutai is a sacred Buddhist mountain. The cultural landscape is home to forty-one monasteries and includes the East Main Hall of Foguang Temple, the highest surviving timber building of the Tang dynasty, with life-size clay sculptures. It also features the Ming dynasty Shuxiang Temple with a huge complex of 500 statues representing Buddhist stories woven into three-dimensional pictures of mountains and water. Overall, the buildings on the site catalogue the way in "
mount_taishan,Mount Taishan,437,Mixed,(i)(ii)(iii)(iv)(v)(vii),6,CHN,Asia and the Pacific,Unknown,,,1987,1980s,38,False,False,25000,True,1,Mountain,https://whc.unesco.org/en/list/437,"The sacred Mount Tai ('shan' means 'mountain') was the object of an imperial cult for nearly 2,000 years, and the artistic masterpieces found there are in perfect harmony with the natural landscape. It has always been a source of inspiration for Chinese artists and scholars and symbolizes ancient Chinese civilizations and beliefs."
peking_man_site_at_zhoukoudian,Peking Man Site at Zhoukoudian,449,Cultural,(iii),1,CHN,Asia and the Pacific,Unknown,,,1987,1980s,38,False,False,480,True,1,Cultural Landscape,https://whc.unesco.org/en/list/449,"Scientific work at the site, which lies 42 km south-west of Beijing, is still underway. So far, it has led to the discovery of the remains of Sinanthropus pekinensis, who lived in the Middle Pleistocene, along with various objects, and remains of Homo sapiens sapiens dating as far back as 18,000–11,000 B.C. The site is not only an exceptional reminder of the prehistorical human societies of the Asian continent, but also illustrates the process of evolution."
south_china_karst,South China Karst,1248,Natural,(vii)(viii),2,CHN,Asia and the Pacific,Unknown,,,2007,2000s,18,False,False,97125,True,12,Forest,https://whc.unesco.org/en/list/1248,"South China Karst is one of the world’s most spectacular examples of humid tropical to subtropical karst landscapes. It is a serial site spread over the provinces of Guizhou, Guangxi, Yunnan and Chongqing and covers 97,125 hectares. It contains the most significant types of karst landforms, including tower karst, pinnacle karst and cone karst formations, along with other spectacular characteristics such as natural bridges, gorges and large cave systems. The stone forests of Shilin are considered"
quanzhou_emporium_of_the_world_in_song_yuan_china,Quanzhou: Emporium of the World in Song-Yuan China,1561,Cultural,(iv),1,CHN,Asia and the Pacific,Unknown,,,2021,2020s,4,False,False,536.08,True,16,Urban,https://whc.unesco.org/en/list/1561,"The serial site of Quanzhou illustrates the city’s vibrancy as a maritime emporium during the Song and Yuan periods (10th - 14th centuries AD) and its interconnection with the Chinese hinterland. Quanzhou thrived during a highly significant period for maritime trade in Asia. The site encompasses religious buildings, including the 11th century AD Qingjing Mosque, one of the earliest Islamic edifices in China, Islamic tombs, and a wide range of archaeological remains: administrative buildings, sto"
summer_palace_an_imperial_garden_in_beijing,"Summer Palace, an Imperial Garden in Beijing",880,Cultural,(i)(ii)(iii),3,CHN,Asia and the Pacific,Unknown,,,1998,1990s,27,False,False,297,True,1,Cultural Landscape,https://whc.unesco.org/en/list/880,"The Summer Palace in Beijing – first built in 1750, largely destroyed in the war of 1860 and restored on its original foundations in 1886 – is a masterpiece of Chinese landscape garden design. The natural landscape of hills and open water is combined with artificial features such as pavilions, halls, palaces, temples and bridges to form a harmonious ensemble of outstanding aesthetic value."
the_grand_canal,The Grand Canal,1443,Cultural,(i)(iii)(iv),3,CHN,Asia and the Pacific,Unknown,,,2014,2010s,11,False,False,20819.11,True,31,River/Valley,https://whc.unesco.org/en/list/1443,"The Grand Canal is a vast waterway system in the north-eastern and central-eastern plains of China, running from Beijing in the north to Zhejiang province in the south. Constructed in sections from the 5th century BC onwards, it was conceived as a unified means of communication for the Empire for the first time in the 7th century AD (Sui dynasty). This led to a series of gigantic construction sites, creating the world’s largest and most extensive civil engineering project prior to the Industrial"
temple_of_heaven_an_imperial_sacrificial_altar_in_beijing,Temple of Heaven: an Imperial Sacrificial Altar in Beijing,881,Cultural,(i)(ii)(iii),3,CHN,Asia and the Pacific,Unknown,,,1998,1990s,27,False,False,215,True,1,Cultural Landscape,https://whc.unesco.org/en/list/881,"The Temple of Heaven, founded in the first half of the 15th century, is a dignified complex of fine cult buildings set in gardens and surrounded by historic pine woods. In its overall layout and that of its individual buildings, it symbolizes the relationship between earth and heaven – the human world and God's world – which stands at the heart of Chinese cosmogony, and also the special role played by the emperors within that relationship."
yungang_grottoes,Yungang Grottoes,1039,Cultural,(i)(ii)(iii)(iv),4,CHN,Asia and the Pacific,Unknown,,,2001,2000s,24,False,False,348.75,True,1,Mountain,https://whc.unesco.org/en/list/1039,"The Yungang Grottoes, in Datong city, Shanxi Province, with their 252 caves and 51,000 statues, represent the outstanding achievement of Buddhist cave art in China in the 5th and 6th centuries. The Five Caves created by Tan Yao, with their strict unity of layout and design, constitute a classical masterpiece of the first peak of Chinese Buddhist art."
xixia_imperial_tombs,Xixia Imperial Tombs,1736,Cultural,(ii)(iii),2,CHN,Asia and the Pacific,Unknown,,,2025,2020s,0,False,False,3899,True,1,Mountain,https://whc.unesco.org/en/list/1736,"Located in the foothills of the southern Helan Mountains in Ningxia, this necropolis is the imperial cemetery of the Xixia Dynasty. It includes nine imperial mausoleums, 271 subordinate tombs, a northern architectural complex, and 32 flood control structures. Founded by the Tanguts in 1038, the Xixia Dynasty lasted until its destruction by Genghis Khan’s Mongol army in 1227. Positioned along the Silk Road, it became a multicultural civilization modelled on Chinese imperial traditions, with Buddh"
zuojiang_huashan_rock_art_cultural_landscape,Zuojiang Huashan Rock Art Cultural Landscape,1508,Cultural,(iii),1,CHN,Asia and the Pacific,Unknown,,,2016,2010s,9,False,False,6621.6,True,3,River/Valley,https://whc.unesco.org/en/list/1508,"Located on the steep cliffs in the border regions of southwest China, these 38 sites of rock art illustrate the life and rituals of the Luoyue people. They date from the period around the 5th century BCE to the 2nd century CE. In a surrounding landscape of karst, rivers and plateaux, they depict ceremonies that have been interpreted as portraying the bronze drum culture once prevalent across southern China. This cultural landscape is the only remains of this culture today."
historic_centre_of_santa_cruz_de_mompox,Historic Centre of Santa Cruz de Mompox,742,Cultural,(iv)(v),2,COL,Latin America and the Caribbean,Americas,,,1995,1990s,30,False,False,54.05,True,1,Urban,https://whc.unesco.org/en/list/742,"Founded in 1540 on the banks of the River Magdalena, Mompox played a key role in the Spanish colonization of northern South America. From the 16th to the 19th century the city developed parallel to the river, with the main street acting as a dyke. The historic centre has preserved the harmony and unity of the urban landscape. Most of the buildings are still used for their original purposes, providing an exceptional picture of what a Spanish colonial city was like."
coffee_cultural_landscape_of_colombia,Coffee Cultural Landscape of Colombia,1121,Cultural,(v),1,COL,Latin America and the Caribbean,Americas,,,2011,2010s,14,False,False,141120,True,6,Mountain,https://whc.unesco.org/en/list/1121,"An exceptional example of a sustainable and productive cultural landscape that is unique and representative of a tradition that is a strong symbol for coffee growing areas worldwide - encompasses six farming landscapes, which include 18 urban centres on the foothills of the western and central ranges of the Cordillera de los Andes in the west of the country. It reflects a centennial tradition of coffee growing in small plots in the high forest and the way farmers have adapted cultivation to diff"
malpelo_fauna_and_flora_sanctuary,Malpelo Fauna and Flora Sanctuary,1216,Natural,(vii)(ix),2,COL,Latin America and the Caribbean,Americas,,,2006,2000s,19,False,False,857500,True,1,Coastal,https://whc.unesco.org/en/list/1216,"Located some 506 km off the coast of Colombia, the site includes Malpelo island (350 ha) and the surrounding marine environment (857,150 ha). This vast marine park, the largest no-fishing zone in the Eastern Tropical Pacific, provides a critical habitat for internationally threatened marine species, and is a major source of nutrients resulting in large aggregations of marine biodiversity. It is in particular a ‘reservoir' for sharks, giant grouper and billfish and is one of the few places in the"
cocos_island_national_park,Cocos Island National Park,820,Natural,(ix)(x),2,CRI,Latin America and the Caribbean,Americas,,,1997,1990s,28,False,False,199700,True,1,Coastal,https://whc.unesco.org/en/list/820,"Cocos Island National Park, located 550 km off the Pacific coast of Costa Rica, is the only island in the tropical eastern Pacific with a tropical rainforest. Its position as the first point of contact with the northern equatorial counter-current, and the myriad interactions between the island and the surrounding marine ecosystem, make the area an ideal laboratory for the study of biological processes. The underwater world of the national park has become famous due to the attraction it holds for"
historic_town_of_grand_bassam,Historic Town of Grand-Bassam,1322,Cultural,(iii)(iv),2,CIV,Africa,Africa,,,2012,2010s,13,False,False,109.89,True,2,Urban,https://whc.unesco.org/en/list/1322,"The first capital of Côte d’Ivoire, the Historic Town of Grand-Bassam, is an example of a late 19th- and early 20th-century colonial town planned with quarters specializing in commerce, administration, housing for Europeans and for Africans. The site includes the N’zima African fishing village alongside colonial architecture marked by functional houses with galleries, verandas and gardens. Grand-Bassam was the most important port, economic and judicial centre of Côte d’Ivoire. It bears witness t"
sudanese_style_mosques_in_northern_cote_divoire,Sudanese style mosques in northern Côte d’Ivoire,1648,Cultural,(ii)(iv),2,CIV,Africa,Africa,,,2021,2020s,4,False,False,0.1298,True,8,Desert,https://whc.unesco.org/en/list/1648,"The eight Sudanese-style mosques located in Tengréla, Kouto, Sorobango, Samatiguila, Nambira, Kong, and Kaouara are characterized by earthen construction, projecting frameworks, vertical buttresses crowned with pottery or ostrich eggs, and high or low minarets in the form of a truncated pyramid. They present an interpretation of an architectural style that originated between the 12th and 14th centuries in the city of Djenné, which was then part of the Mali Empire and whose prosperity came from t"
historic_city_of_trogir,Historic City of Trogir,810,Cultural,(ii)(iv),2,HRV,Europe and North America,Europe,,,1997,1990s,28,False,False,6.4,True,1,Coastal,https://whc.unesco.org/en/list/810,Trogir is a remarkable example of urban continuity. The orthogonal street plan of this island settlement dates back to the Hellenistic period and it was embellished by successive rulers with many fine public and domestic buildings and fortifications. Its beautiful Romanesque churches are complemented by the outstanding Renaissance and Baroque buildings from the Venetian period.
old_city_of_dubrovnik,Old City of Dubrovnik,95,Cultural,(i)(iii)(iv),3,HRV,Europe and North America,Europe,,,1979,1970s,46,False,False,96.7,True,2,Coastal,https://whc.unesco.org/en/list/95,"The 'Pearl of the Adriatic', situated on the Dalmatian coast, became an important Mediterranean sea power from the 13th century onwards. Although severely damaged by an earthquake in 1667, Dubrovnik managed to preserve its beautiful Gothic, Renaissance and Baroque churches, monasteries, palaces and fountains. Damaged again in the 1990s by armed conflict, it is now the focus of a major restoration programme co-ordinated by UNESCO."
old_havana_and_its_fortification_system,Old Havana and its Fortification System,204,Cultural,(iv)(v),2,CUB,Latin America and the Caribbean,Americas,,,1982,1980s,43,False,False,238.7,True,11,Cultural Landscape,https://whc.unesco.org/en/list/204,"Havana was founded in 1519 by the Spanish. By the 17th century, it had become one of the Caribbean's main centres for ship-building. Although it is today a sprawling metropolis of 2 million inhabitants, its old centre retains an interesting mix of Baroque and neoclassical monuments, and a homogeneous ensemble of private houses with arcades, balconies, wrought-iron gates and internal courtyards."
trinidad_and_the_valley_de_los_ingenios,Trinidad and the Valley de los Ingenios,460,Cultural,(iv)(v),2,CUB,Latin America and the Caribbean,Americas,,,1988,1980s,37,False,False,0,True,2,Urban,https://whc.unesco.org/en/list/460,"Founded in the early 16th century in honour of the Holy Trinity, the city was a bridgehead for the conquest of the American continent. Its 18th- and 19th-century buildings, such as the Palacio Brunet and the Palacio Cantero, were built in its days of prosperity from the sugar trade."
vinales_valley,Viñales Valley,840,Cultural,(iv),1,CUB,Latin America and the Caribbean,Americas,,,1999,1990s,26,False,False,13200,True,1,Mountain,https://whc.unesco.org/en/list/840,"The Viñales valley is encircled by mountains and its landscape is interspersed with dramatic rocky outcrops. Traditional techniques are still in use for agricultural production, particularly of tobacco. The quality of this cultural landscape is enhanced by the vernacular architecture of its farms and villages, where a rich multi-ethnic society survives, illustrating the cultural development of the islands of the Caribbean, and of Cuba."
paphos,Paphos,79,Cultural,(iii),1,CYP,Europe and North America,Europe,,,1980,1980s,45,False,False,162.0171,True,3,Coastal,https://whc.unesco.org/en/list/79,"Paphos has been inhabited since the Neolithic period. It was a centre of the cult of Aphrodite and of pre-Hellenic fertility deities. Aphrodite's legendary birthplace was on this island, where her temple was erected by the Myceneans in the 12th century B.C. The remains of villas, palaces, theatres, fortresses and tombs mean that the site is of exceptional architectural and historic value. The mosaics of Nea Paphos are among the most beautiful in the world."
jewish_quarter_and_st_procopius_basilica_in_trebic,Jewish Quarter and St Procopius' Basilica in Třebíč,1078,Cultural,(ii)(iii),2,CZE,Europe and North America,Europe,,,2003,2000s,22,False,False,6.55,True,3,Cultural Landscape,https://whc.unesco.org/en/list/1078,"The ensemble of the Jewish Quarter, the old Jewish cemetery and the Basilica of St Procopius in Třebíč are reminders of the co-existence of Jewish and Christian cultures from the Middle Ages to the 20th century. The Jewish Quarter bears outstanding testimony to the different aspects of the life of this community. St Procopius' Basilica, built as part of the Benedictine monastery in the early 13th century, is a remarkable example of the influence of Western European architectural heritage in this"
lednice_valtice_cultural_landscape,Lednice-Valtice Cultural Landscape,763,Cultural,(i)(ii)(iv),3,CZE,Europe and North America,Europe,,,1996,1990s,29,False,False,14398.5,True,1,Cultural Landscape,https://whc.unesco.org/en/list/763,"Between the 17th and 20th centuries, the ruling dukes of Liechtenstein transformed their domains in southern Moravia into a striking landscape. It married Baroque architecture (mainly the work of Johann Bernhard Fischer von Erlach) and the classical and neo-Gothic style of the castles of Lednice and Valtice with countryside fashioned according to English romantic principles of landscape architecture. At 200 km2 , it is one of the largest artificial landscapes in Europe."
pilgrimage_church_of_st_john_of_nepomuk_at_zelena_hora,Pilgrimage Church of St John of Nepomuk at Zelená Hora,690,Cultural,(iv),1,CZE,Europe and North America,Europe,,,1994,1990s,31,False,False,0.64,True,1,Cultural Landscape,https://whc.unesco.org/en/list/690,"This pilgrimage church, built in honour of St John of Nepomuk, stands at Zelená Hora, not far from Ždár nad Sázavou in Moravia. Constructed at the beginning of the 18th century on a star-shaped plan, it is the most unusual work by the great architect Jan Blazej Santini, whose highly original style falls between neo-Gothic and Baroque."
buddhist_monuments_in_the_horyu_ji_area,Buddhist Monuments in the Horyu-ji Area,660,Cultural,(i)(ii)(iv),3,JPN,Asia and the Pacific,Unknown,,,1993,1990s,32,False,False,15.3,True,2,Cultural Landscape,https://whc.unesco.org/en/list/660,"There are around 48 Buddhist monuments in the Horyu-ji area, in Nara Prefecture. Several date from the late 7th or early 8th century, making them some of the oldest surviving wooden buildings in the world. These masterpieces of wooden architecture are important not only for the history of art, since they illustrate the adaptation of Chinese Buddhist architecture and layout to Japanese culture, but also for the history of religion, since their construction coincided with the introduction of Buddh"
zatec_and_the_landscape_of_saaz_hops,Žatec and the Landscape of Saaz Hops,1558,Cultural,(iii)(iv)(v),3,CZE,Europe and North America,Europe,,,2023,2020s,2,False,False,592.13,True,2,Urban,https://whc.unesco.org/en/list/1558,"This cultural landscape has been shaped for centuries by the living tradition of cultivating and trading the world’s most renowned hop variety, used in beer production around the globe. The property includes particularly fertile hop fields near the river Ohře that have been farmed continuously for hundreds of years, as well as historic villages and buildings used for processing hops. The urban component of the property is represented by the medieval centre of Žatec with its southern extension, k"
complex_of_koguryo_tombs,Complex of Koguryo Tombs,1091,Cultural,(i)(ii)(iii)(iv),4,PRK,Asia and the Pacific,Unknown,,,2004,2000s,21,False,False,234.73,True,12,Cultural Landscape,https://whc.unesco.org/en/list/1091,"The property includes several group and individual tombs - totalling about 30 individual tombs - from the later period of the Koguryo Kingdom, one of the strongest kingdoms in nowadays northeast China and half of the Korean peninsula between the 3rd century BC to 7th century AD. The tombs, many with beautiful wall paintings, are almost the only remains of this culture. Only about 90 out of more than 10,000 Koguryo tombs discovered in China and Korea so far, have wall paintings. Almost half of th"
virunga_national_park,Virunga National Park,63,Natural,(vii)(viii)(x),3,COD,Africa,Africa,,,1979,1970s,46,False,True,800000,True,1,Mountain,https://whc.unesco.org/en/list/63,"Virunga National Park (covering an area of 790,000 ha) comprises an outstanding diversity of habitats, ranging from swamps and steppes to the snowfields of Rwenzori at an altitude of over 5,000 m, and from lava plains to the savannahs on the slopes of volcanoes. Mountain gorillas are found in the park, some 20,000 hippopotamuses live in the rivers and birds from Siberia spend the winter there."
kronborg_castle,Kronborg Castle,696,Cultural,(iv),1,DNK,Europe and North America,Europe,,,2000,2000s,25,False,False,0,True,1,Cultural Landscape,https://whc.unesco.org/en/list/696,"Located on a strategically important site commanding the Sund, the stretch of water between Denmark and Sweden, the Royal castle of Kronborg at Helsingør (Elsinore) is of immense symbolic value to the Danish people and played a key role in the history of northern Europe in the 16th-18th centuries. Work began on the construction of this outstanding Renaissance castle in 1574, and its defences were reinforced according to the canons of the period's military architecture in the late 17th century. I"
ilulissat_icefjord,Ilulissat Icefjord,1149,Natural,(vii)(viii),2,DNK,Europe and North America,Europe,,,2004,2000s,21,False,False,399800,True,1,Coastal,https://whc.unesco.org/en/list/1149,"Located on the west coast of Greenland, 250 km north of the Arctic Circle, Greenland’s Ilulissat Icefjord is the sea mouth of Sermeq Kujalleq, one of the few glaciers through which the Greenland ice cap reaches the sea. Sermeq Kujalleq is one of the fastest and most active glaciers in the world. It annually calves over 35 km3 of ice, i.e. 10% of the production of all Greenland calf ice and more than any other glacier outside Antarctica. Studied for over 250 years, it has helped to develop our un"
the_par_force_hunting_landscape_in_north_zealand,The par force hunting landscape in North Zealand,1469,Cultural,(ii)(iv),2,DNK,Europe and North America,Europe,,,2015,2010s,10,False,False,4543,True,9,Mountain,https://whc.unesco.org/en/list/1469,"Located about 30 km northeast of Copenhagen, this cultural landscape encompasses the two hunting forests of Store Dyrehave and Gribskov, as well as the hunting park of Jægersborg Hegn/Jægersborg Dyrehave. This is a designed landscape where Danish kings and their court practiced par force hunting, or hunting with hounds, which reached its peak between the 17th and the late 18th centuries, when the absloute monarchs transformed it into a landscape of power. With hunting lanes laid out in a star sy"
stevns_klint,Stevns Klint,1416,Natural,(viii),1,DNK,Europe and North America,Europe,,,2014,2010s,11,False,False,50,True,1,Coastal,https://whc.unesco.org/en/list/1416,"This geological site comprises a 15 km-long fossil-rich coastal cliff, offering exceptional evidence of the impact of the Chicxulub meteorite that crashed into the planet at the end of the Cretaceous, about 65 million years ago. Researchers think that this caused the most remarkable mass extinction ever, responsible for the disappearance of over 50 per cent of all life on Earth. The site harbours a record of the cloud of ash formed by the impact of the meteorite – the exact site being at the bot"
moravian_church_settlements,Moravian Church Settlements,1468,Cultural,(iii)(iv),2,"DNK, USA, GBR, DEU",Europe and North America,Europe,,,2015,2010s,10,True,False,,True,4,Urban,https://whc.unesco.org/en/list/1468,"This transnational serial property comprises four congregational settlements in four countries representing the transnational scope and consistency of the international Moravian community as a global network of the Moravian Church: Christiansfeld (Denmark), Herrnhut (Germany), Gracehill (United Kingdom of Great Britain and Northern Ireland) and Bethlehem (United States of America). These settlements were established according to overarching planning principles that reflected the ideals of the Mo"
colonial_city_of_santo_domingo,Colonial City of Santo Domingo,526,Cultural,(ii)(iv),2,DOM,Latin America and the Caribbean,Americas,,,1990,1990s,35,False,False,106,True,1,Coastal,https://whc.unesco.org/en/list/526,"After Christopher Columbus's arrival on the island in 1492, Santo Domingo became the site of the first cathedral, hospital, customs house and university in the Americas. This colonial town, founded in 1498, was laid out on a grid pattern that became the model for almost all town planners in the New World."
viking_age_ring_fortresses,Viking-Age Ring Fortresses,1660,Cultural,(iii)(iv),2,DNK,Europe and North America,Europe,,,2023,2020s,2,False,False,51,True,5,Coastal,https://whc.unesco.org/en/list/1660,"These five archaeological sites comprise a system of monumental ring-shaped Viking-Age fortresses sharing a uniform geometric design. Constructed between about 970 and 980 CE, the fortresses at Aggersborg, Fyrkat, Nonnebakken, Trelleborg and Borgring were positioned strategically near important land and sea routes, and each made use of the natural topography of their surrounding landscape for defensive purposes. They are an emblematic demonstration of the centralized power of the Jelling Dynasty"
city_of_quito,City of Quito,2,Cultural,(ii)(iv),2,ECU,Latin America and the Caribbean,Americas,,,1978,1970s,47,False,False,70.43,True,1,Urban,https://whc.unesco.org/en/list/2,"Quito, the capital of Ecuador, was founded in the 16th century on the ruins of an Inca city and stands at an altitude of 2,850 m. Despite the 1917 earthquake, the city has the best-preserved, least altered historic centre in Latin America. The monasteries of San Francisco and Santo Domingo, and the Church and Jesuit College of La Compañía, with their rich interiors, are pure examples of the 'Baroque school of Quito', which is a fusion of Spanish, Italian, Moorish, Flemish and indigenous art."
melka_kunture_and_balchit_archaeological_and_palaeontological_sites_in_the_highland_area_of_ethiopia,Melka Kunture and Balchit: Archaeological and Palaeontological Sites in the Highland Area of Ethiopia,13,Cultural,(iii)(iv)(v),3,ETH,Africa,Africa,,,2024,2020s,1,False,False,,True,6,Mountain,https://whc.unesco.org/en/list/13,"Located in the Upper Awash Valley in Ethiopia, the serial property is a cluster of prehistoric sites that preserve archaeological and palaeontological records – including footprints – that testify to the area’s occupation by the hominin groups from two million years ago. The sites, situated about 2,000 to 2,200 metres above sea level, yielded Homo erectus, Homo heidelbergensis and archaic Homo sapiens fossils, documented in well-dated strata in association with various tools made from volcanic r"
memphis_and_its_necropolis_the_pyramid_fields_from_giza_to_dahshur,Memphis and its Necropolis – the Pyramid Fields from Giza to Dahshur,86,Cultural,(i)(iii),2,EGY,Arab States,Asia,,,1979,1970s,46,False,False,16358.52,True,2,Cultural Landscape,https://whc.unesco.org/en/list/86,"The capital of the Old Kingdom of Egypt has some extraordinary funerary monuments, including rock tombs, ornate mastabas, temples and pyramids. In ancient times, the site was considered one of the Seven Wonders of the World."
historic_cairo,Historic Cairo,89,Cultural,(i)(v),2,EGY,Arab States,Asia,,,1979,1970s,46,False,False,523.66,True,5,Urban,https://whc.unesco.org/en/list/89,"Tucked away amid the modern urban area of Cairo lies one of the world's oldest Islamic cities, with its famous mosques, madrasas, hammams and fountains. Founded in the 10th century, it became the new centre of the Islamic world, reaching its golden age in the 14th century."
wadi_al_hitan_whale_valley,Wadi Al-Hitan (Whale Valley),1186,Natural,(viii),1,EGY,Arab States,Asia,,,2005,2000s,20,False,False,20015,True,1,Coastal,https://whc.unesco.org/en/list/1186,"Wadi Al-Hitan, Whale Valley, in the Western Desert of Egypt, contains invaluable fossil remains of the earliest, and now extinct, suborder of whales, Archaeoceti. These fossils represent one of the major stories of evolution: the emergence of the whale as an ocean-going mammal from a previous life as a land-based animal. This is the most important site in the world for the demonstration of this stage of evolution. It portrays vividly the form and life of these whales during their transition. The"
nubian_monuments_from_abu_simbel_to_philae,Nubian Monuments from Abu Simbel to Philae,88,Cultural,(i)(iii),2,EGY,Arab States,Asia,,,1979,1970s,46,False,False,374.48,True,10,Cultural Landscape,https://whc.unesco.org/en/list/88,"This outstanding archaeological area contains such magnificent monuments as the Temples of Ramses II at Abu Simbel and the Sanctuary of Isis at Philae, which were saved from the rising waters of the Nile thanks to the International Campaign launched by UNESCO, in 1960 to 1980."
bale_mountains_national_park,Bale Mountains National Park,111,Natural,(vii)(x),2,ETH,Africa,Africa,,,2023,2020s,2,False,False,215000,True,1,Mountain,https://whc.unesco.org/en/list/111,"This property protects a landscape mosaic of extraordinary beauty that is shaped by the combined forces of ancient lava outpourings, glaciation and the dissection by the Great Rift Valley. It features volcanic peaks and ridges, dramatic escarpments, sweeping valleys, glacial lakes, lush forests, deep gorges and numerous waterfalls, creating exceptional natural beauty. The property harbours diverse and unique biodiversity at ecosystem, species and genetic levels, and five major rivers originate w"
harar_jugol_the_fortified_historic_town,"Harar Jugol, the Fortified Historic Town",1189,Cultural,(ii)(iii)(iv)(v),4,ETH,Africa,Africa,,,2006,2000s,19,False,False,48,True,1,Desert,https://whc.unesco.org/en/list/1189,"The fortified historic town of Harar is located in the eastern part of the country on a plateau with deep gorges surrounded by deserts and savannah. The walls surrounding this sacred Muslim city were built between the 13th and 16th centuries. Harar Jugol, said to be the fourth holiest city of Islam, numbers 82 mosques, three of which date from the 10th century, and 102 shrines, but the townhouses with their exceptional interior design constitute the most spectacular part of Harar's cultural heri"
tiya,Tiya,12,Cultural,(i)(iv),2,ETH,Africa,Africa,,,1980,1980s,45,False,False,0,True,1,Cultural Landscape,https://whc.unesco.org/en/list/12,"Tiya is among the most important of the roughly 160 archaeological sites discovered so far in the Soddo region, south of Addis Ababa. The site contains 36 monuments, including 32 carved stelae covered with symbols, most of which are difficult to decipher. They are the remains of an ancient Ethiopian culture whose age has not yet been precisely determined."
high_coast_kvarken_archipelago,High Coast / Kvarken Archipelago,898,Natural,(viii),1,"SWE, FIN",Europe and North America,Europe,,,2000,2000s,25,True,False,336900,True,3,Coastal,https://whc.unesco.org/en/list/898,"The Kvarken Archipelago (Finland) and the High Coast (Sweden) are situated in the Gulf of Bothnia, a northern extension of the Baltic Sea. The 5,600 islands of the Kvarken Archipelago feature unusual ridged washboard moraines, ‘De Geer moraines’, formed by the melting of the continental ice sheet, 10,000 to 24,000 years ago. The Archipelago is continuously rising from the sea in a process of rapid glacio-isostatic uplift, whereby the land, previously weighed down under the weight of a glacier, l"
bronze_age_burial_site_of_sammallahdenmaki,Bronze Age Burial Site of Sammallahdenmäki,579,Cultural,(iii)(iv),2,FIN,Europe and North America,Europe,,,1999,1990s,26,False,False,0,True,1,Cultural Landscape,https://whc.unesco.org/en/list/579,"This Bronze Age burial site features more than 30 granite burial cairns, providing a unique insight into the funerary practices and social and religious structures of northern Europe more than three millennia ago."
amiens_cathedral,Amiens Cathedral,162,Cultural,(i)(ii),2,FRA,Europe and North America,Europe,,,1981,1980s,44,False,False,1.54,True,1,Cultural Landscape,https://whc.unesco.org/en/list/162,"Amiens Cathedral, in the heart of Picardy, is one of the largest 'classic' Gothic churches of the 13th century. It is notable for the coherence of its plan, the beauty of its three-tier interior elevation and the particularly fine display of sculptures on the principal facade and in the south transept."
arles_roman_and_romanesque_monuments,"Arles, Roman and Romanesque Monuments",164,Cultural,(ii)(iv),2,FRA,Europe and North America,Europe,,,1981,1980s,44,False,False,65,True,1,Urban,https://whc.unesco.org/en/list/164,"Arles is a good example of the adaptation of an ancient city to medieval European civilization. It has some impressive Roman monuments, of which the earliest – the arena, the Roman theatre and the cryptoporticus (subterranean galleries) – date back to the 1st century B.C. During the 4th century Arles experienced a second golden age, as attested by the baths of Constantine and the necropolis of Alyscamps. In the 11th and 12th centuries, Arles once again became one of the most attractive cities in"
cathedral_of_notre_dame_former_abbey_of_saint_remi_and_palace_of_tau_reims,"Cathedral of Notre-Dame, Former Abbey of Saint-Rémi and Palace of Tau, Reims",601,Cultural,(i)(ii),2,FRA,Europe and North America,Europe,,,1991,1990s,34,False,False,4.16,True,1,Cultural Landscape,https://whc.unesco.org/en/list/601,"The outstanding handling of new architectural techniques in the 13th century, and the harmonious marriage of sculptural decoration with architecture, has made Notre-Dame in Reims one of the masterpieces of Gothic art. The former abbey still has its beautiful 9th-century nave, in which lie the remains of Archbishop St Rémi (440–533), who instituted the Holy Anointing of the kings of France. The former archiepiscopal palace known as the Tau Palace, which played an important role in religious cerem"
canal_du_midi,Canal du Midi,770,Cultural,(i)(ii)(iv),3,FRA,Europe and North America,Europe,,,1996,1990s,29,False,False,2007,True,1,Cultural Landscape,https://whc.unesco.org/en/list/770,"This 360-km network of navigable waterways linking the Mediterranean and the Atlantic through 328 structures (locks, aqueducts, bridges, tunnels, etc.) is one of the most remarkable feats of civil engineering in modern times. Built between 1667 and 1694, it paved the way for the Industrial Revolution. The care that its creator, Pierre-Paul Riquet, took in the design and the way it blends with its surroundings turned a technical achievement into a work of art."
cistercian_abbey_of_fontenay,Cistercian Abbey of Fontenay,165,Cultural,(iv),1,FRA,Europe and North America,Europe,,,1981,1980s,44,False,False,5.77,True,1,Cultural Landscape,https://whc.unesco.org/en/list/165,"This stark Burgundian monastery was founded by St Bernard in 1119. With its church, cloister, refectory, sleeping quarters, bakery and ironworks, it is an excellent illustration of the ideal of self-sufficiency as practised by the earliest communities of Cistercian monks."
decorated_cave_of_pont_darc_known_as_grotte_chauvet_pont_darc_ardeche,"Decorated Cave of Pont d’Arc, known as Grotte Chauvet-Pont d’Arc, Ardèche",1426,Cultural,(i)(iii),2,FRA,Europe and North America,Europe,,,2014,2010s,11,False,False,9,True,1,Coastal,https://whc.unesco.org/en/list/1426,"Located in a limestone plateau of the Ardèche River in southern France, the property contains the earliest-known and best-preserved figurative drawings in the world, dating back as early as the Aurignacian period (30,000–32,000 BP), making it an exceptional testimony of prehistoric art. The cave was closed off by a rock fall approximately 20,000 years BP and remained sealed until its discovery in 1994, which helped to keep it in pristine condition. Over 1,000 images have so far been inventoried "
cordouan_lighthouse,Cordouan Lighthouse,1625,Cultural,(i)(iv),2,FRA,Europe and North America,Europe,,,2021,2020s,4,False,False,23582,True,1,Coastal,https://whc.unesco.org/en/list/1625,"The Lighthouse of Cordouan rises up on a shallow rocky plateau in the Atlantic Ocean at the mouth of the Gironde estuary in the Nouvelle-Aquitaine region, in a highly exposed and hostile environment. Built in white limestone dressed blocks at the turn of the 16th and 17th centuries, it was designed by engineer Louis de Foix and remodelled by engineer Joseph Teulère in the late 18th century. A masterpiece of maritime signalling, Cordouan’s monumental tower is decorated with pilasters, columns mo"
chartres_cathedral,Chartres Cathedral,81,Cultural,(i)(ii)(iv),3,FRA,Europe and North America,Europe,,,1979,1970s,46,False,False,1.06,True,1,Cultural Landscape,https://whc.unesco.org/en/list/81,"Partly built starting in 1145, and then reconstructed over a 26-year period after the fire of 1194, Chartres Cathedral marks the high point of French Gothic art. The vast nave, in pure ogival style, the porches adorned with fine sculptures from the middle of the 12th century, and the magnificent 12th- and 13th-century stained-glass windows, all in remarkable condition, combine to make it a masterpiece."
fagus_factory_in_alfeld,Fagus Factory in Alfeld,1368,Cultural,(ii)(iv),2,DEU,Europe and North America,Europe,,,2011,2010s,14,False,False,1.88,True,1,Cultural Landscape,https://whc.unesco.org/en/list/1368,"Fagus Factory in Alfeld is a 10-building complex - began around 1910 to the design of Walter Gropius, which is a landmark in the development of modern architecture and industrial design. Serving all stages of manufacture, storage and dispatch of lasts used by the shoe industry, the complex, which is still operational today, is situated in Alfeld an der Leine in Lower Saxony. With its groundbreaking vast expanses of glass panels and functionalist aesthetics, the complex foreshadowed the work of t"
from_the_great_saltworks_of_salins_les_bains_to_the_royal_saltworks_of_arc_et_senans_the_production_of_open_pan_salt,"From the Great Saltworks of Salins-les-Bains to the Royal Saltworks of Arc-et-Senans, the Production of Open-pan Salt",203,Cultural,(i)(ii)(iv),3,FRA,Europe and North America,Europe,,,1982,1980s,43,False,False,10.48,True,2,Forest,https://whc.unesco.org/en/list/203,"The Royal Saltworks of Arc-et-Senans, near Besançon, was built by Claude Nicolas Ledoux. Its construction, begun in 1775 during the reign of Louis XVI, was the first major achievement of industrial architecture, reflecting the ideal of progress of the Enlightenment. The vast, semicircular complex was designed to permit a rational and hierarchical organization of work and was to have been followed by the building of an ideal city, a project that was never realized. The Great Saltworks of Salins-l"
gulf_of_porto_calanche_of_piana_gulf_of_girolata_scandola_reserve,"Gulf of Porto: Calanche of Piana, Gulf of Girolata, Scandola Reserve",258,Natural,(vii)(viii)(x),3,FRA,Europe and North America,Europe,,,1983,1980s,42,False,False,11800,True,1,Coastal,https://whc.unesco.org/en/list/258,"The nature reserve, which is part of the Regional Natural Park of Corsica, occupies the Scandola peninsula, an impressive, porphyritic rock mass. The vegetation is an outstanding example of scrubland. Seagulls, cormorants and sea eagles can be found there. The clear waters, with their islets and inaccessible caves, host a rich marine life."
episcopal_city_of_albi,Episcopal City of Albi,1337,Cultural,(iv)(v),2,FRA,Europe and North America,Europe,,,2010,2010s,15,False,False,19.47,True,1,Urban,https://whc.unesco.org/en/list/1337,"On the banks of the Tarn river in south-west France, the old city of Albi reflects the culmination of a medieval architectural and urban ensemble. Today the Old Bridge (Pont-Vieux), the Saint-Salvi quarter and its church are testimony to its initial development (10th -11th centuries). Following the Albigensian Crusade against the Cathar heretics (13th century) it became a powerful episcopal city. Built in a unique southern French Gothic style from local brick in characteristic red and orange col"
historic_site_of_lyon,Historic Site of Lyon,872,Cultural,(ii)(iv),2,FRA,Europe and North America,Europe,,,1998,1990s,27,False,False,427,True,1,Urban,https://whc.unesco.org/en/list/872,"The long history of Lyon, which was founded by the Romans in the 1st century B.C. as the capital of the Three Gauls and has continued to play a major role in Europe's political, cultural and economic development ever since, is vividly illustrated by its urban fabric and the many fine historic buildings from all periods."
historic_centre_of_avignon_papal_palace_episcopal_ensemble_and_avignon_bridge,"Historic Centre of Avignon: Papal Palace, Episcopal Ensemble and Avignon Bridge",228,Cultural,(i)(ii)(iv),3,FRA,Europe and North America,Europe,,,1995,1990s,30,False,False,8.2,True,1,Coastal,https://whc.unesco.org/en/list/228,"In the 14th century, this city in the South of France was the seat of the papacy. The Palais des Papes, an austere-looking fortress lavishly decorated by Simone Martini and Matteo Giovanetti, dominates the city, the surrounding ramparts and the remains of a 12th-century bridge over the Rhone. Beneath this outstanding example of Gothic architecture, the Petit Palais and the Romanesque Cathedral of Notre-Dame-des-Doms complete an exceptional group of monuments that testify to the leading role play"
nice_winter_resort_town_of_the_riviera,"Nice, Winter Resort Town of the Riviera",1635,Cultural,(ii),1,FRA,Europe and North America,Europe,,,2021,2020s,4,False,False,522,True,1,Mountain,https://whc.unesco.org/en/list/1635,"Nice, located on the Mediterranean, at the foot of the Alps, near the Italian border, in the Provence-Alpes-Côte d’Azur region, reflects the development of a city devoted to winter tourism, making the most of its mild climate and its coastal situation, between sea and mountains. From the mid-18th century, the site attracted growing numbers of aristocratic and upper-class families, mainly British, who developed the habit of spending their winters there. In 1832, Nice, then part of the Kingdom of "
place_stanislas_place_de_la_carriere_and_place_d_alliance_in_nancy,"Place Stanislas, Place de la Carrière and Place d'Alliance in Nancy",229,Cultural,(i)(iv),2,FRA,Europe and North America,Europe,,,1983,1980s,42,False,False,7,True,1,Cultural Landscape,https://whc.unesco.org/en/list/229,"Nancy, the temporary residence of a king without a kingdom – Stanislas Leszczynski, later to become Duke of Lorraine – is paradoxically the oldest and most typical example of a modern capital where an enlightened monarch proved to be sensitive to the needs of the public. Built between 1752 and 1756 by a brilliant team led by the architect Héré, this was a carefully conceived project that succeeded in creating a capital that not only enhanced the sovereign's prestige but was also functional."
pont_du_gard_roman_aqueduct,Pont du Gard (Roman Aqueduct),344,Cultural,(i)(iii)(iv),3,FRA,Europe and North America,Europe,,,1985,1980s,40,False,False,0.3257,True,1,River/Valley,https://whc.unesco.org/en/list/344,"The Pont du Gard was built shortly before the Christian era to allow the aqueduct of Nîmes (which is almost 50 km long) to cross the Gard river. The Roman architects and hydraulic engineers who designed this bridge, which stands almost 50 m high and is on three levels – the longest measuring 275 m – created a technical as well as an artistic masterpiece."
prehistoric_sites_and_decorated_caves_of_the_vezere_valley,Prehistoric Sites and Decorated Caves of the Vézère Valley,85,Cultural,(i)(iii),2,FRA,Europe and North America,Europe,,,1979,1970s,46,False,False,105.733,True,15,River/Valley,https://whc.unesco.org/en/list/85,"The Vézère valley contains 147 prehistoric sites dating from the Palaeolithic and 25 decorated caves. It is particularly interesting from an ethnological and anthropological, as well as an aesthetic point of view because of its cave paintings, especially those of the Lascaux Cave, whose discovery in 1940 was of great importance for the history of prehistoric art. The hunting scenes show some 100 animal figures, which are remarkable for their detail, rich colours and lifelike quality."
pyrenees_mont_perdu,Pyrénées - Mont Perdu,773,Mixed,(iii)(iv)(v)(vii)(viii),5,"ESP, FRA",Europe and North America,Europe,,,1997,1990s,28,True,False,30639,True,1,Mountain,https://whc.unesco.org/en/list/773,"This outstanding mountain landscape, which spans the contemporary national borders of France and Spain, is centred around the peak of Mount Perdu, a calcareous massif that rises to 3,352 m. The site, with a total area of 30,639 ha, includes two of Europe's largest and deepest canyons on the Spanish side and three major cirque walls on the more abrupt northern slopes with France, classic presentations of these geological landforms. The site is also a pastoral landscape reflecting an agricultural "
routes_of_santiago_de_compostela_in_france,Routes of Santiago de Compostela in France,868,Cultural,(ii)(iv),2,FRA,Europe and North America,Europe,,,1998,1990s,27,False,False,100.9066,True,0,Cultural Landscape,https://whc.unesco.org/en/list/868,"Santiago de Compostela was the supreme goal for countless thousands of pious pilgrims who converged there from all over Europe throughout the Middle Ages. To reach Spain pilgrims had to pass through France, and the group of important historical monuments included in this inscription marks out the four routes by which they did so."
te_henua_enata_the_marquesas_islands,Te Henua Enata – The Marquesas Islands,1707,Mixed,(iii)(vii)(ix)(x),4,FRA,Europe and North America,Europe,,,2024,2020s,1,False,False,345749,True,7,Mountain,https://whc.unesco.org/en/list/1707,"Located in the South Pacific Ocean, this mixed serial property bears an exceptional testimony to the territorial occupation of the Marquesas archipelago by a human civilisation that arrived by sea around the year 1000 CE and developed on these isolated islands between the 10th and the 19th centuries. It is also a hotspot of biodiversity that combines irreplaceable and exceptionally well conserved marine and terrestrial ecosystems. Marked by sharp ridges, impressive peaks and cliffs rising abrupt"
vezelay_church_and_hill,"Vézelay, Church and Hill",84,Cultural,(i),1,FRA,Europe and North America,Europe,,,1979,1970s,46,False,False,183,True,2,Cultural Landscape,https://whc.unesco.org/en/list/84,"Shortly after its foundation in the 9th century, the Benedictine abbey of Vézelay acquired the relics of St Mary Magdalene and since then it has been an important place of pilgrimage. St Bernard preached the Second Crusade there in 1146 and Richard the Lion-Hearted and Philip II Augustus met there to leave for the Third Crusade in 1190. With its sculpted capitals and portal, the Madeleine of Vézelay – a 12th-century monastic church – is a masterpiece of Burgundian Romanesque art and architecture"
stone_circles_of_senegambia,Stone Circles of Senegambia,1226,Cultural,(i)(iii),2,"GMB, SEN",Africa,Africa,,,2006,2000s,19,True,False,9.85,True,4,River/Valley,https://whc.unesco.org/en/list/1226,"The site consists of four large groups of stone circles that represent an extraordinary concentration of over 1,000 monuments in a band 100 km wide along some 350 km of the River Gambia. The four groups, Sine Ngayène, Wanar, Wassu and Kerbatch, cover 93 stone circles and numerous tumuli, burial mounds, some of which have been excavated to reveal material that suggest dates between 3rd century BC and 16th century AD. Together the stone circles of laterite pillars and their associated burial mound"
archaeological_border_complex_of_hedeby_and_the_danevirke,Archaeological Border complex of Hedeby and the Danevirke,1553,Cultural,(iii)(iv),2,DEU,Europe and North America,Europe,,,2018,2010s,7,False,False,227.55,True,22,Coastal,https://whc.unesco.org/en/list/1553,"The archaeological site of Hedeby consists of the remains of an emporium – or trading town – containing traces of roads, buildings, cemeteries and a harbour dating back to the 1st and early 2nd millennia CE. It is enclosed by part of the Danevirke, a line of fortification crossing the Schleswig isthmus, which separates the Jutland Peninsula from the rest of the European mainland. Because of its unique situation between the Frankish Empire in the South and the Danish Kingdom in the North, Hedeby "
berlin_modernism_housing_estates,Berlin Modernism Housing Estates,1239,Cultural,(ii)(iv),2,DEU,Europe and North America,Europe,,,2008,2000s,17,False,False,88.1,True,6,Urban,https://whc.unesco.org/en/list/1239,"Berlin Modernism Housing Estates. The property consists of six housing estates that testify to innovative housing policies from 1910 to 1933, especially during the Weimar Republic, when the city of Berlin was particularly progressive socially, politically and culturally. The property is an outstanding example of the building reform movement that contributed to improving housing and living conditions for people with low incomes through novel approaches to town planning, architecture and garden de"
bauhaus_and_its_sites_in_weimar_dessau_and_bernau,"Bauhaus and its Sites in Weimar, Dessau and Bernau",729,Cultural,(ii)(iv),2,DEU,Europe and North America,Europe,,,1996,1990s,29,False,False,8.1614,True,11,Cultural Landscape,https://whc.unesco.org/en/list/729,"Between 1919 and 1933 the Bauhaus movement revolutionized architectural and aesthetic thinking and practice in the 20th century. The Bauhaus buildings in Weimar, Dessau and Bernau are fundamental representatives of Classical Modernism, directed towards a radical renewal of architecture and design. This property, which was inscribed on the World Heritage List in 1996, originally comprised buildings located in Weimar (Former Art School, the Applied Art School and the Haus Am Horn) and Dessau (Bauh"
caves_and_ice_age_art_in_the_swabian_jura,Caves and Ice Age Art in the Swabian Jura,1527,Cultural,(iii),1,DEU,Europe and North America,Europe,,,2017,2010s,8,False,False,462.1,True,2,Cultural Landscape,https://whc.unesco.org/en/list/1527,"Modern humans first arrived in Europe 43,000 years ago during the last ice age. One of the areas where they took up residence was the Swabian Jura in southern Germany. Excavated from the 1860s, six caves have revealed items dating from 43,000 to 33,000 years ago. Among them are carved figurines of animals (including cave lions, mammoths, horses and bovids), musical instruments and items of personal adornment. Other figurines depict creatures that are half animal, half human and there is one stat"
frontiers_of_the_roman_empire,Frontiers of the Roman Empire,430,Cultural,(ii)(iii)(iv),3,"GBR, DEU",Europe and North America,Europe,,,1987,1980s,38,True,False,526.9,False,420,Coastal,https://whc.unesco.org/en/list/430,"The ‘Roman Limes’ represents the border line of the Roman Empire at its greatest extent in the 2nd century AD. It stretched over 5,000 km from the Atlantic coast of northern Britain, through Europe to the Black Sea, and from there to the Red Sea and across North Africa to the Atlantic coast. The remains of the Limes today consist of vestiges of built walls, ditches, forts, fortresses, watchtowers and civilian settlements. Certain elements of the line have been excavated, some reconstructed and a"
historic_centres_of_stralsund_and_wismar,Historic Centres of Stralsund and Wismar,1067,Cultural,(ii)(iv),2,DEU,Europe and North America,Europe,,,2002,2000s,23,False,False,168,True,2,Coastal,https://whc.unesco.org/en/list/1067,"The medieval towns of Wismar and Stralsund, on the Baltic coast of northern Germany, were major trading centres of the Hanseatic League in the 14th and 15th centuries. In the 17th and 18th centuries they became Swedish administrative and defensive centres for the German territories. They contributed to the development of the characteristic building types and techniques of Brick Gothic in the Baltic region, as exemplified in several important brick cathedrals, the Town Hall of Stralsund, and the "
monastic_island_of_reichenau,Monastic Island of Reichenau,974,Cultural,(iii)(iv),2,DEU,Europe and North America,Europe,,,2000,2000s,25,False,False,0,True,1,Coastal,https://whc.unesco.org/en/list/974,"The island of Reichenau on Lake Constance preserves the traces of the Benedictine monastery, founded in 724, which exercised remarkable spiritual, intellectual and artistic influence. The churches of St Mary and Marcus, St Peter and St Paul, and St George, mainly built between the 9th and 11th centuries, provide a panorama of early medieval monastic architecture in central Europe. Their wall paintings bear witness to impressive artistic activity."
naumburg_cathedral,Naumburg Cathedral,1470,Cultural,(i)(ii),2,DEU,Europe and North America,Europe,,,2018,2010s,7,False,False,1.82,True,1,Cultural Landscape,https://whc.unesco.org/en/list/1470,"Located in the eastern part of the Thuringian Basin, the Cathedral of Naumburg, whose construction began in 1028, is an outstanding testimony to medieval art and architecture. Its Romanesque structure, flanked by two Gothic choirs, demonstrates the stylistic transition from late Romanesque to early Gothic. The west choir, dating to the first half of the 13th century, reflects changes in religious practice and the appearance of science and nature in the figurative arts. The choir and life-size sc"
palaces_and_parks_of_potsdam_and_berlin,Palaces and Parks of Potsdam and Berlin,532,Cultural,(i)(ii)(iv),3,DEU,Europe and North America,Europe,,,1990,1990s,35,False,False,2064,True,1,River/Valley,https://whc.unesco.org/en/list/532,"With 500 ha of parks and 150 buildings constructed between 1730 and 1916, Potsdam's complex of palaces and parks forms an artistic whole, whose eclectic nature reinforces its sense of uniqueness. It extends into the district of Berlin-Zehlendorf, with the palaces and parks lining the banks of the River Havel and Lake Glienicke. Voltaire stayed at the Sans-Souci Palace, built under Frederick II between 1745 and 1747."
speicherstadt_and_kontorhaus_district_with_chilehaus,Speicherstadt and Kontorhaus District with Chilehaus,1467,Cultural,(iv),1,DEU,Europe and North America,Europe,,,2015,2010s,10,False,False,26.08,True,1,Coastal,https://whc.unesco.org/en/list/1467,"Speicherstadt and the adjacent Kontorhaus district are two densely built urban areas in the centre of the port city of Hamburg. Speicherstadt, originally developed on a group of narrow islands in the Elbe River between 1885 and 1927, was partly rebuilt from 1949 to 1967. It is one of the largest coherent historic ensembles of port warehouses in the world (300,000 m2). It includes 15 very large warehouse blocks as well as six ancillary buildings and a connecting network of short canals. Adjacent "
roman_monuments_cathedral_of_st_peter_and_church_of_our_lady_in_trier,"Roman Monuments, Cathedral of St Peter and Church of Our Lady in Trier",367,Cultural,(i)(iii)(iv),3,DEU,Europe and North America,Europe,,,1986,1980s,39,False,False,7.3,True,9,River/Valley,https://whc.unesco.org/en/list/367,"Trier, which stands on the Moselle River, was a Roman colony from the 1st century AD and then a great trading centre beginning in the next century. It became one of the capitals of the Tetrarchy at the end of the 3rd century, when it was known as the ‘second Rome’. The number and quality of the surviving monuments are an outstanding testimony to Roman civilization."
the_palaces_of_king_ludwig_ii_of_bavaria_neuschwanstein_linderhof_schachen_and_herrenchiemsee,"The Palaces of King Ludwig II of Bavaria: Neuschwanstein, Linderhof, Schachen and Herrenchiemsee",1726,Cultural,(iv),1,DEU,Europe and North America,Europe,,,2025,2020s,0,False,False,75.875,True,4,Mountain,https://whc.unesco.org/en/list/1726,"This serial property consists of four grand palace complexes in Bavaria’s alpine region, built under King Ludwig II between 1864 and 1886. Designed as personal retreats and imaginative escapes, they reflect the romantic and eclectic spirit of the era. Drawing inspiration from the Wartburg Castle, Versailles, German fairy tales, and Wagner’s operas, the palaces showcase historicist styles and advanced 19th-century techniques. Carefully integrated into stunning natural landscapes, they embody Ludw"
st_mary_s_cathedral_and_st_michael_s_church_at_hildesheim,St Mary's Cathedral and St Michael's Church at Hildesheim,187,Cultural,(i)(ii)(iii),3,DEU,Europe and North America,Europe,,,1985,1980s,40,False,False,0.58,True,2,Cultural Landscape,https://whc.unesco.org/en/list/187,"St Michael's Church was built between 1010 and 1020 on a symmetrical plan with two apses that was characteristic of Ottonian Romanesque art in Old Saxony. Its interior, in particular the wooden ceiling and painted stucco-work, its famous bronze doors and the Bernward bronze column, are – together with the treasures of St Mary's Cathedral – of exceptional interest as examples of the Romanesque churches of the Holy Roman Empire."
wartburg_castle,Wartburg Castle,897,Cultural,(iii),1,DEU,Europe and North America,Europe,,,1999,1990s,26,False,False,0,True,1,Forest,https://whc.unesco.org/en/list/897,"Wartburg Castle blends superbly into its forest surroundings and is in many ways 'the ideal castle'. Although it has retained some original sections from the feudal period, the form it acquired during the 19th-century reconstitution gives a good idea of what this fortress might have been at the height of its military and seigneurial power. It was during his exile at Wartburg Castle that Martin Luther translated the New Testament into German."
zollverein_coal_mine_industrial_complex_in_essen,Zollverein Coal Mine Industrial Complex in Essen,975,Cultural,(ii)(iii),2,DEU,Europe and North America,Europe,,,2001,2000s,24,False,False,0,True,1,Cultural Landscape,https://whc.unesco.org/en/list/975,"The Zollverein industrial complex in Land Nordrhein-Westfalen consists of the complete infrastructure of a historical coal-mining site, with some 20th-century buildings of outstanding architectural merit. It constitutes remarkable material evidence of the evolution and decline of an essential industry over the past 150 years."
archaeological_sites_of_mycenae_and_tiryns,Archaeological Sites of Mycenae and Tiryns,941,Cultural,(i)(ii)(iii)(iv),4,GRC,Europe and North America,Europe,,,1999,1990s,26,False,False,0,True,2,Cultural Landscape,https://whc.unesco.org/en/list/941,"The archaeological sites of Mycenae and Tiryns are the imposing ruins of the two greatest cities of the Mycenaean civilization, which dominated the eastern Mediterranean world from the 15th to the 12th century B.C. and played a vital role in the development of classical Greek culture. These two cities are indissolubly linked to the Homeric epics, the Iliad and the Odyssey , which have influenced European art and literature for more than three millennia."
meteora,Meteora,455,Mixed,(i)(ii)(iv)(v)(vii),5,GRC,Europe and North America,Europe,,,1988,1980s,37,False,False,271.87,True,1,Mountain,https://whc.unesco.org/en/list/455,"In a region of almost inaccessible sandstone peaks, monks settled on these 'columns of the sky' from the 11th century onwards. Twenty-four of these monasteries were built, despite incredible difficulties, at the time of the great revival of the eremetic ideal in the 15th century. Their 16th-century frescoes mark a key stage in the development of post-Byzantine painting."
medieval_city_of_rhodes,Medieval City of Rhodes,493,Cultural,(ii)(iv)(v),3,GRC,Europe and North America,Europe,,,1988,1980s,37,False,False,65.85,True,1,Urban,https://whc.unesco.org/en/list/493,"The Order of St John of Jerusalem occupied Rhodes from 1309 to 1523 and set about transforming the city into a stronghold. It subsequently came under Turkish and Italian rule. With the Palace of the Grand Masters, the Great Hospital and the Street of the Knights, the Upper Town is one of the most beautiful urban ensembles of the Gothic period. In the Lower Town, Gothic architecture coexists with mosques, public baths and other buildings dating from the Ottoman period."
national_history_park_citadel_sans_souci_ramiers,"National History Park – Citadel, Sans Souci, Ramiers",180,Cultural,(iv),1,HTI,Latin America and the Caribbean,Americas,,,1982,1980s,43,False,False,25285.59,True,1,Cultural Landscape,https://whc.unesco.org/en/list/180,"These Haitian monuments date from the beginning of the 19th century, when Haiti proclaimed its independence. The Palace of Sans Souci, the buildings at Ramiers and, in particular, the Citadel serve as universal symbols of liberty, being the first monuments to be constructed by black slaves who had gained their freedom."
maya_site_of_copan,Maya Site of Copan,129,Cultural,(iv),1,HND,Latin America and the Caribbean,Americas,,,1980,1980s,45,False,False,15.095,True,1,Urban,https://whc.unesco.org/en/list/129,"Discovered in 1570 by Diego García de Palacio, the ruins of Copán, one of the most important sites of the Mayan civilization, were not excavated until the 19th century. The ruined citadel and imposing public squares reveal the three main stages of development before the city was abandoned in the early 10th century."
tokaj_wine_region_historic_cultural_landscape,Tokaj Wine Region Historic Cultural Landscape,1063,Cultural,(iii)(v),2,HUN,Europe and North America,Europe,,,2002,2000s,23,False,False,13255,True,7,Urban,https://whc.unesco.org/en/list/1063,"The cultural landscape of Tokaj graphically demonstrates the long tradition of wine production in this region of low hills and river valleys. The intricate pattern of vineyards, farms, villages and small towns, with their historic networks of deep wine cellars, illustrates every facet of the production of the famous Tokaj wines, the quality and management of which have been strictly regulated for nearly three centuries."
agra_fort,Agra Fort,251,Cultural,(iii),1,IND,Asia and the Pacific,Unknown,,,1983,1980s,42,False,False,0,True,1,Urban,https://whc.unesco.org/en/list/251,"Near the gardens of the Taj Mahal stands the important 16th-century Mughal monument known as the Red Fort of Agra. This powerful fortress of red sandstone encompasses, within its 2.5-km-long enclosure walls, the imperial city of the Mughal rulers. It comprises many fairy-tale palaces, such as the Jahangir Palace and the Khas Mahal, built by Shah Jahan; audience halls, such as the Diwan-i-Khas; and two very beautiful mosques."
vatnajokull_national_park_dynamic_nature_of_fire_and_ice,Vatnajökull National Park - Dynamic Nature of Fire and Ice,1604,Natural,(viii),1,ISL,Europe and North America,Europe,,,2019,2010s,6,False,False,1482000,True,1,River/Valley,https://whc.unesco.org/en/list/1604,"This iconic volcanic region covers an area of over 1,400,000 ha, nearly 14% of Iceland's territory. It numbers ten central volcanoes, eight of which are subglacial. Two of these are among the most active in Iceland. The interaction between volcanoes and the rifts that underlie the Vatnajökull ice cap takes many forms, the most spectacular of which is the jökulhlaup – a sudden flood caused by the breach of the margin of a glacier during an eruption. This recurrent phenomenon has led to the emerge"
elephanta_caves,Elephanta Caves,244,Cultural,(i)(iii),2,IND,Asia and the Pacific,Unknown,,,1987,1980s,38,False,False,0,True,1,Coastal,https://whc.unesco.org/en/list/244,"The 'City of Caves', on an island in the Sea of Oman close to Mumbai, contains a collection of rock art linked to the cult of Shiva. Here, Indian art has found one of its most perfect expressions, particularly the huge high reliefs in the main cave."
group_of_monuments_at_mahabalipuram,Group of Monuments at Mahabalipuram,249,Cultural,(i)(ii)(iii),3,IND,Asia and the Pacific,Unknown,,,1984,1980s,41,False,False,0,True,3,Coastal,https://whc.unesco.org/en/list/249,"This group of sanctuaries, founded by the Pallava kings, was carved out of rock along the Coromandel coast in the 7th and 8th centuries. It is known especially for its rathas (temples in the form of chariots), mandapas (cave sanctuaries), giant open-air reliefs such as the famous 'Descent of the Ganges', and the temple of Rivage, with thousands of sculptures to the glory of Shiva."
jaipur_city_rajasthan,"Jaipur City, Rajasthan",1605,Cultural,(ii)(iv),2,IND,Asia and the Pacific,Unknown,,,2019,2010s,6,False,False,710,True,1,Urban,https://whc.unesco.org/en/list/1605,"The walled city of Jaipur, in India’s north-western state of Rajasthan was founded in 1727 by Sawai Jai Singh II. Unlike other cities in the region located in hilly terrain, Jaipur was established on the plain and built according to a grid plan interpreted in the light of Vedic architecture. The streets feature continuous colonnaded businesses that intersect in the centre, creating large public squares called chaupars. Markets, shops, residences and temples built along the main streets have unif"
moidams_the_mound_burial_system_of_the_ahom_dynasty,Moidams – the Mound-Burial System of the Ahom Dynasty,1711,Cultural,(iii)(iv),2,IND,Asia and the Pacific,Unknown,,,2024,2020s,1,False,False,96.5,True,1,Forest,https://whc.unesco.org/en/list/1711,"Set in the foothills of the Patkai Ranges in eastern Assam, the property contains the royal necropolis of the Tai-Ahom. For 600 years, the Tai-Ahom created moidams (burial mounds) accentuating the natural topography of hills, forests and water, thus forming a sacred geography. Banyan trees and the trees used for coffins and bark manuscripts were planted and water bodies created. Ninety moidams – hollow vaults built of brick, stone or earth – of different sizes are found within the site. They con"
qutb_minar_and_its_monuments_delhi,"Qutb Minar and its Monuments, Delhi",233,Cultural,(iv),1,IND,Asia and the Pacific,Unknown,,,1993,1990s,32,False,False,0,True,1,Mountain,https://whc.unesco.org/en/list/233,"Built in the early 13th century a few kilometres south of Delhi, the red sandstone tower of Qutb Minar is 72.5 m high, tapering from 2.75 m in diameter at its peak to 14.32 m at its base, and alternating angular and rounded flutings. The surrounding archaeological area contains funerary buildings, notably the magnificent Alai-Darwaza Gate, the masterpiece of Indo-Muslim art (built in 1311), and two mosques, including the Quwwatu'l-Islam, the oldest in northern India, built of materials reused fr"
sacred_ensembles_of_the_hoysalas,Sacred Ensembles of the Hoysalas,1670,Cultural,(i)(ii)(iv),3,IND,Asia and the Pacific,Unknown,,,2023,2020s,2,False,False,10.47,True,3,Cultural Landscape,https://whc.unesco.org/en/list/1670,"This serial property encompasses the three most representative examples of Hoysala-style temple complexes in southern India, dating from the 12th to 13th centuries. The Hoysala style was created through careful selection of contemporary temple features and those from the past to create a different identity from neighbouring kingdoms. The shrines are characterized by hyper-real sculptures and stone carvings that cover the entire architectural surface, a circumambulatory platform, a large-scale sc"
santiniketan,Santiniketan,1375,Cultural,(iv),1,IND,Asia and the Pacific,Unknown,,,2023,2020s,2,False,False,36,True,1,Cultural Landscape,https://whc.unesco.org/en/list/1375,"Established in rural West Bengal in 1901 by the renowned poet and philosopher Rabindranath Tagore, Santiniketan was a residential school and centre for art based on ancient Indian traditions and a vision of the unity of humanity transcending religious and cultural boundaries. A ‘world university’ was established at Santiniketan in 1921, recognizing the unity of humanity or “Visva Bharati”. Distinct from the prevailing British colonial architectural orientations of the early 20th century and of E"
the_jantar_mantar_jaipur,"The Jantar Mantar, Jaipur",1338,Cultural,(iii)(iv),2,IND,Asia and the Pacific,Unknown,,,2010,2010s,15,False,False,1.8652,True,1,Cultural Landscape,https://whc.unesco.org/en/list/1338,"The Jantar Mantar, in Jaipur, is an astronomical observation site built in the early 18th century. It includes a set of some 20 main fixed instruments. They are monumental examples in masonry of known instruments but which in many cases have specific characteristics of their own. Designed for the observation of astronomical positions with the naked eye, they embody several architectural and instrumental innovations. This is the most significant, most comprehensive, and the best preserved of Indi"
sundarbans_national_park,Sundarbans National Park,452,Natural,(ix)(x),2,IND,Asia and the Pacific,Unknown,,,1987,1980s,38,False,False,133010,False,1,Forest,https://whc.unesco.org/en/list/452,"The Sundarbans covers 10,000 km2 of land and water (more than half of it in India, the rest in Bangladesh) in the Ganges delta. It contains the world's largest area of mangrove forests. A number of rare or endangered species live in the park, including tigers, aquatic mammals, birds and reptiles."
western_ghats,Western Ghats,1342,Natural,(ix)(x),2,IND,Asia and the Pacific,Unknown,,,2012,2010s,13,False,False,795315,True,39,Mountain,https://whc.unesco.org/en/list/1342,"Older than the Himalaya mountains, the mountain chain of the Western Ghats represents geomorphic features of immense importance with unique biophysical and ecological processes. The site’s high montane forest ecosystems influence the Indian monsoon weather pattern. Moderating the tropical climate of the region, the site presents one of the best examples of the monsoon system on the planet. It also has an exceptionally high level of biological diversity and endemism and is recognized as one of th"
the_cosmological_axis_of_yogyakarta_and_its_historic_landmarks,The Cosmological Axis of Yogyakarta and its Historic Landmarks,1671,Cultural,(ii)(iii),2,IDN,Asia and the Pacific,Unknown,,,2023,2020s,2,False,False,42.22,True,1,Coastal,https://whc.unesco.org/en/list/1671,"The central axis of Yogyakarta was established in the 18th century by Sultan Mangkubumi, and has continued from that time as a centre of government and Javanese cultural traditions. The six kilometre north-south axis is positioned to link Mount Merapi and the Indian Ocean, with the Kraton (palace) at its centre, and key cultural monuments lining the axis to the north and south that are connected through rituals. It embodies key beliefs about the cosmos in Javanese culture, including the marking "
sangiran_early_man_site,Sangiran Early Man Site,593,Cultural,(iii),1,IDN,Asia and the Pacific,Unknown,,,1996,1990s,29,False,False,5600,True,1,Cultural Landscape,https://whc.unesco.org/en/list/593,"Excavations here from 1936 to 1941 led to the discovery of the first hominid fossil at this site. Later, 50 fossils of Meganthropus palaeo and Pithecanthropus erectus/Homo erectus were found – half of all the world's known hominid fossils. Inhabited for the past one and a half million years, Sangiran is one of the key sites for the understanding of human evolution."
bisotun,Bisotun,1222,Cultural,(ii)(iii),2,IRN,Asia and the Pacific,Unknown,,,2006,2000s,19,False,False,187,True,1,Cultural Landscape,https://whc.unesco.org/en/list/1222,"Bisotun is located along the ancient trade route linking the Iranian high plateau with Mesopotamia and features remains from the prehistoric times to the Median, Achaemenid, Sassanian, and Ilkhanid periods. The principal monument of this archaeological site is the bas-relief and cuneiform inscription ordered by Darius I, The Great, when he rose to the throne of the Persian Empire, 521 BC. The bas-relief portrays Darius holding a bow, as a sign of sovereignty, and treading on the chest of a figur"
bam_and_its_cultural_landscape,Bam and its Cultural Landscape,1208,Cultural,(ii)(iii)(iv)(v),4,IRN,Asia and the Pacific,Unknown,,,2004,2000s,21,False,False,0,True,1,Desert,https://whc.unesco.org/en/list/1208,"Bam is situated in a desert environment on the southern edge of the Iranian high plateau. The origins of Bam can be traced back to the Achaemenid period (6th to 4th centuries BC). Its heyday was from the 7th to 11th centuries, being at the crossroads of important trade routes and known for the production of silk and cotton garments. The existence of life in the oasis was based on the underground irrigation canals, the qanāts, of which Bam has preserved some of the earliest evidence in Iran. Arg-"
cultural_landscape_of_maymand,Cultural Landscape of Maymand,1423,Cultural,(v),1,IRN,Asia and the Pacific,Unknown,,,2015,2010s,10,False,False,4953.85,True,1,Mountain,https://whc.unesco.org/en/list/1423,"Maymand is a self-contained, semi-arid area at the end of a valley at the southern extremity of Iran’s central mountains. The villagers are semi-nomadic agro-pastoralists. They raise their animals on mountain pastures, living in temporary settlements in spring and autumn. During the winter months they live lower down the valley in cave dwellings carved out of the soft rock (kamar), an unusual form of housing in a dry, desert environment. This cultural landscape is an example of a system that app"
golestan_palace,Golestan Palace,1422,Cultural,(ii)(iii)(iv),3,IRN,Asia and the Pacific,Unknown,,,2013,2010s,12,False,False,5.3,True,1,Coastal,https://whc.unesco.org/en/list/1422,"The lavish Golestan Palace is a masterpiece of the Qajar era, embodying the successful integration of earlier Persian crafts and architecture with Western influences. The walled Palace, one of the oldest groups of buildings in Teheran, became the seat of government of the Qajar family, which came into power in 1779 and made Teheran the capital of the country. Built around a garden featuring pools as well as planted areas, the Palace’s most characteristic features and rich ornaments date from the"
tomioka_silk_mill_and_related_sites,Tomioka Silk Mill and Related Sites,1449,Cultural,(ii)(iv),2,JPN,Asia and the Pacific,Unknown,,,2014,2010s,11,False,False,7.2,True,4,Cultural Landscape,https://whc.unesco.org/en/list/1449,"This property is a historic sericulture and silk mill complex established in the late 19th and early 20th century in the Gunma prefecture, north-west of Tokyo. It consists of four sites that correspond to the different stages in the production of raw silk: a large raw silk reeling plant whose machinery and industrial expertise were imported from France; an experimental farm for production of cocoons; a school for the dissemination of sericulture knowledge; and a cold-storage facility for silkwor"
hegmataneh,Hegmataneh,1716,Cultural,(ii)(iii),2,IRN,Asia and the Pacific,Unknown,,,2024,2020s,1,False,False,,True,1,Cultural Landscape,https://whc.unesco.org/en/list/1716,"The archaeological remains of ancient Hegmataneh are located in northwestern Iran. Continuously inhabited for nearly three millennia, Hegmataneh provides important and rare evidence of the Medes civilization in the 7th and 6th centuries BCE and later served as a summer capital of Achaemenid, Seleucid, Parthian, and Sasanian rulers."
masjed_e_jame_of_isfahan,Masjed-e Jāmé of Isfahan,1397,Cultural,(ii),1,IRN,Asia and the Pacific,Unknown,,,2012,2010s,13,False,False,2.0756,True,1,Urban,https://whc.unesco.org/en/list/1397,"Located in the historic centre of Isfahan, the Masjed-e Jāmé (‘Friday mosque’) can be seen as a stunning illustration of the evolution of mosque architecture over twelve centuries, starting in ad 841. It is the oldest preserved edifice of its type in Iran and a prototype for later mosque designs throughout Central Asia. The complex, covering more than 20,000 m2, is also the first Islamic building that adapted the four-courtyard layout of Sassanid palaces to Islamic religious architecture. Its do"
prehistoric_sites_of_the_khorramabad_valley,Prehistoric Sites of the Khorramabad Valley,1744,Cultural,(iii),1,IRN,Asia and the Pacific,Unknown,,,2025,2020s,0,False,False,394.46,True,6,Mountain,https://whc.unesco.org/en/list/1744,"The prehistoric sites of the Khorramabad Valley include five caves and one rock shelter within a narrow ecological corridor rich in water, flora, and fauna. Human occupation dates back 63,000 years, with evidence from the Middle to Upper Palaeolithic periods. These sites reveal Mousterian and Baradostian cultures, offering insights into early human evolution and migration from Africa to Eurasia. Artifacts such as decorative objects and advanced stone tools highlight the cognitive and technologic"
meidan_emam_esfahan,"Meidan Emam, Esfahan",115,Cultural,(i)(v),2,IRN,Asia and the Pacific,Unknown,,,1979,1970s,46,False,False,0,True,1,Cultural Landscape,https://whc.unesco.org/en/list/115,"Built by Shah Abbas I the Great at the beginning of the 17th century, and bordered on all sides by monumental buildings linked by a series of two-storeyed arcades, the site is known for the Royal Mosque, the Mosque of Sheykh Lotfollah, the magnificent Portico of Qaysariyyeh and the 15th-century Timurid palace. They are an impressive testimony to the level of social and cultural life in Persia during the Safavid era."
shahr_i_sokhta,Shahr-i Sokhta,1456,Cultural,(ii)(iii)(iv),3,IRN,Asia and the Pacific,Unknown,,,2014,2010s,11,False,False,275,True,1,Desert,https://whc.unesco.org/en/list/1456,"Shahr-i Sokhta, meaning ‘Burnt City’, is located at the junction of Bronze Age trade routes crossing the Iranian plateau. The remains of the mudbrick city represent the emergence of the first complex societies in eastern Iran. Founded around 3200 BC, it was populated during four main periods up to 1800 BC, during which time there developed several distinct areas within the city: those where monuments were built, and separate quarters for housing, burial and manufacture. Diversions in water cours"
soltaniyeh,Soltaniyeh,1188,Cultural,(ii)(iii)(iv),3,IRN,Asia and the Pacific,Unknown,,,2005,2000s,20,False,False,790.146,True,14,Urban,https://whc.unesco.org/en/list/1188,"The mausoleum of Oljaytu was constructed in 1302–12 in the city of Soltaniyeh, the capital of the Ilkhanid dynasty, which was founded by the Mongols. Situated in the province of Zanjan, Soltaniyeh is one of the outstanding examples of the achievements of Persian architecture and a key monument in the development of its Islamic architecture. The octagonal building is crowned with a 50 m tall dome covered in turquoise-blue faience and surrounded by eight slender minarets. It is the earliest existi"
the_persian_qanat,The Persian Qanat,1506,Cultural,(iii)(iv),2,IRN,Asia and the Pacific,Unknown,,,2016,2010s,9,False,False,19057,True,11,Desert,https://whc.unesco.org/en/list/1506,"Throughout the arid regions of Iran, agricultural and permanent settlements are supported by the ancient qanat system of tapping alluvial aquifers at the heads of valleys and conducting the water along underground tunnels by gravity, often over many kilometres. The eleven qanats representing this system include rest areas for workers, water reservoirs and watermills. The traditional communal management system still in place allows equitable and sustainable water sharing and distribution. The qan"
ashur_qal_at_sherqat,Ashur (Qal'at Sherqat),1130,Cultural,(iii)(iv),2,IRQ,Arab States,Asia,,,2003,2000s,22,False,True,70,True,1,Urban,https://whc.unesco.org/en/list/1130,"The ancient city of Ashur is located on the Tigris River in northern Mesopotamia in a specific geo-ecological zone, at the borderline between rain-fed and irrigation agriculture. The city dates back to the 3rd millennium BC. From the 14th to the 9th centuries BC it was the first capital of the Assyrian Empire, a city-state and trading platform of international importance. It also served as the religious capital of the Assyrians, associated with the god Ashur. The city was destroyed by the Babylo"
the_persian_garden,The Persian Garden,1372,Cultural,(i)(ii)(iii)(iv),4,IRN,Asia and the Pacific,Unknown,,,2011,2010s,14,False,False,716.35,True,9,Cultural Landscape,https://whc.unesco.org/en/list/1372,"The property includes nine gardens in as many provinces. They exemplify the diversity of Persian garden designs that evolved and adapted to different climate conditions while retaining principles that have their roots in the times of Cyrus the Great, 6th century BC. Always divided into four sectors, with water playing an important role for both irrigation and ornamentation, the Persian garden was conceived to symbolize Eden and the four Zoroastrian elements of sky, earth, water and plants. These"
sceilg_mhichil,Sceilg Mhichíl,757,Cultural,(iii)(iv),2,IRL,Europe and North America,Europe,,,1996,1990s,29,False,False,21.9,True,1,Coastal,https://whc.unesco.org/en/list/757,"Sceilg Mhichíl is an outstanding, and in many respects unique, example of an early religious settlement deliberately sited on a pyramidal rock in the ocean, preserved because of a remarkable environment. It illustrates, as no other property can, the extremes of a Christian monasticism characterizing much of North Africa, the Near East, and Europe."
i_sacri_monti_i_of_piedmont_and_lombardy,<I>Sacri Monti</I> of Piedmont and Lombardy,1068,Cultural,(ii)(iv),2,ITA,Europe and North America,Europe,,,2003,2000s,22,False,False,90.5,True,9,Mountain,https://whc.unesco.org/en/list/1068,"The nine Sacri Monti (Sacred Mountains) of northern Italy are groups of chapels and other architectural features created in the late 16th and 17th centuries and dedicated to different aspects of the Christian faith. In addition to their symbolic spiritual meaning, they are of great beauty by virtue of the skill with which they have been integrated into the surrounding natural landscape of hills, forests and lakes. They also house much important artistic material in the form of wall paintings and"
archaeological_areas_of_pompei_herculaneum_and_torre_annunziata,"Archaeological Areas of Pompei, Herculaneum and Torre Annunziata",829,Cultural,(iii)(iv)(v),3,ITA,Europe and North America,Europe,,,1997,1990s,28,False,False,98.05,True,7,Urban,https://whc.unesco.org/en/list/829,"When Vesuvius erupted on 24 August AD 79, it engulfed the two flourishing Roman towns of Pompei and Herculaneum, as well as the many wealthy villas in the area. These have been progressively excavated and made accessible to the public since the mid-18th century. The vast expanse of the commercial town of Pompei contrasts with the smaller but better-preserved remains of the holiday resort of Herculaneum, while the superb wall paintings of the Villa Oplontis at Torre Annunziata give a vivid impres"
church_and_dominican_convent_of_santa_maria_delle_grazie_with_the_last_supper_by_leonardo_da_vinci,Church and Dominican Convent of Santa Maria delle Grazie with “The Last Supper” by Leonardo da Vinci,93,Cultural,(i)(ii),2,ITA,Europe and North America,Europe,,,1980,1980s,45,False,False,1.5,True,1,Cultural Landscape,https://whc.unesco.org/en/list/93,"The refectory of the Convent of Santa Maria delle Grazie forms an integral part of this architectural complex, begun in Milan in 1463 and reworked at the end of the 15th century by Bramante. On the north wall is The Last Supper, the unrivalled masterpiece painted between 1495 and 1497 by Leonardo da Vinci, whose work was to herald a new era in the history of art."
cilento_and_vallo_di_diano_national_park_with_the_archeological_sites_of_paestum_and_velia_and_the_certosa_di_padula,"Cilento and Vallo di Diano National Park with the Archeological Sites of Paestum and Velia, and the Certosa di Padula",842,Cultural,(iii)(iv),2,ITA,Europe and North America,Europe,,,1998,1990s,27,False,False,159109.73,True,3,Mountain,https://whc.unesco.org/en/list/842,"The Cilento is an outstanding cultural landscape. The dramatic groups of sanctuaries and settlements along its three east–west mountain ridges vividly portray the area's historical evolution: it was a major route not only for trade, but also for cultural and political interaction during the prehistoric and medieval periods. The Cilento was also the boundary between the Greek colonies of Magna Graecia and the indigenous Etruscan and Lucanian peoples. The remains of two major cities from classical"
city_of_verona,City of Verona,797,Cultural,(ii)(iv),2,ITA,Europe and North America,Europe,,,2000,2000s,25,False,False,444.4,True,1,Urban,https://whc.unesco.org/en/list/797,"The historic city of Verona was founded in the 1st century B.C. It particularly flourished under the rule of the Scaliger family in the 13th and 14th centuries and as part of the Republic of Venice from the 15th to 18th centuries. Verona has preserved a remarkable number of monuments from antiquity, the medieval and Renaissance periods, and represents an outstanding example of a military stronghold."
etruscan_necropolises_of_cerveteri_and_tarquinia,Etruscan Necropolises of Cerveteri and Tarquinia,1158,Cultural,(i)(iii)(iv),3,ITA,Europe and North America,Europe,,,2004,2000s,21,False,False,326.93,True,2,Urban,https://whc.unesco.org/en/list/1158,"These two large Etruscan cemeteries reflect different types of burial practices from the 9th to the 1st century BC, and bear witness to the achievements of Etruscan culture. Which over nine centuries developed the earliest urban civilization in the northern Mediterranean. Some of the tombs are monumental, cut in rock and topped by impressive tumuli (burial mounds). Many feature carvings on their walls, others have wall paintings of outstanding quality. The necropolis near Cerveteri, known as Ban"
crespi_d_adda,Crespi d'Adda,730,Cultural,(iv)(v),2,ITA,Europe and North America,Europe,,,1995,1990s,30,False,False,0,True,1,Urban,https://whc.unesco.org/en/list/730,"Crespi d'Adda in Capriate San Gervasio in Lombardy is an outstanding example of the 19th- and early 20th-century 'company towns' built in Europe and North America by enlightened industrialists to meet the workers' needs. The site is still remarkably intact and is partly used for industrial purposes, although changing economic and social conditions now threaten its survival."
historic_centre_of_naples,Historic Centre of Naples,726,Cultural,(ii)(iv),2,ITA,Europe and North America,Europe,,,1995,1990s,30,False,False,1021,True,4,Urban,https://whc.unesco.org/en/list/726,"From the Neapolis founded by Greek settlers in 470 B.C. to the city of today, Naples has retained the imprint of the successive cultures that emerged in Europe and the Mediterranean basin. This makes it a unique site, with a wealth of outstanding monuments such as the Church of Santa Chiara and the Castel Nuovo."
historic_centre_of_san_gimignano,Historic Centre of San Gimignano,550,Cultural,(i)(iii)(iv),3,ITA,Europe and North America,Europe,,,1990,1990s,35,False,False,13.88,True,1,Urban,https://whc.unesco.org/en/list/550,"'San Gimignano delle belle Torri' is in Tuscany, 56 km south of Florence. It served as an important relay point for pilgrims travelling to or from Rome on the Via Francigena. The patrician families who controlled the town built around 72 tower-houses (some as high as 50 m) as symbols of their wealth and power. Although only 14 have survived, San Gimignano has retained its feudal atmosphere and appearance. The town also has several masterpieces of 14th- and 15th-century Italian art."
genoa_i_le_strade_nuove_i_and_the_system_of_the_i_palazzi_dei_rolli_i,Genoa: <i>Le Strade Nuove</i> and the system of the<i> Palazzi dei Rolli</i>,1211,Cultural,(ii)(iv),2,ITA,Europe and North America,Europe,,,2006,2000s,19,False,False,15.777,True,1,Coastal,https://whc.unesco.org/en/list/1211,"The Strade Nuove and the system of the Palazzi dei Rolli in Genoa’s historic centre date from the late 16th and early 17th centuries when the Republic of Genoa was at the height of its financial and seafaring power. The site represents the first example in Europe of an urban development project parcelled out by a public authority within a unitary framework and associated to a particular system of ‘public lodging’ in private residences, as decreed by the Senate in 1576. The site includes an ensem"
isole_eolie_aeolian_islands,Isole Eolie (Aeolian Islands),908,Natural,(viii),1,ITA,Europe and North America,Europe,,,2000,2000s,25,False,False,1216,True,1,Coastal,https://whc.unesco.org/en/list/908,"The Aeolian Islands provide an outstanding record of volcanic island-building and destruction, and ongoing volcanic phenomena. Studied since at least the 18th century, the islands have provided the science of vulcanology with examples of two types of eruption (Vulcanian and Strombolian) and thus have featured prominently in the education of geologists for more than 200 years. The site continues to enrich the field of vulcanology."
ivrea_industrial_city_of_the_20th_century,"Ivrea, industrial city of the 20th century",1538,Cultural,(iv),1,ITA,Europe and North America,Europe,,,2018,2010s,7,False,False,52.37,True,1,Urban,https://whc.unesco.org/en/list/1538,"The industrial city of Ivrea is located in the Piedmont region and developed as the testing ground for Olivetti, manufacturer of typewriters, mechanical calculators and office computers. It comprises a large factory and buildings designed to serve the administration and social services, as well as residential units. Designed by leading Italian urban planners and architects, mostly between the 1930s and the 1960s, this architectural ensemble reflects the ideas of the Community Movement (Movimento"
mantua_and_sabbioneta,Mantua and Sabbioneta,1287,Cultural,(ii)(iii),2,ITA,Europe and North America,Europe,,,2008,2000s,17,False,False,235.43,True,2,Urban,https://whc.unesco.org/en/list/1287,"Mantua and Sabbioneta represent two aspects of Renaissance town planning: Mantua shows the renewal and extension of an existing city, while some 30 km away, Sabbioneta represents the implementation of the period’s theories about planning the ideal city. Typically, Mantua’s layout is irregular with regular parts showing different stages of its growth since the Roman period and includes many historical buildings, among them an 11th century rotunda and a Baroque theatre. Sabbioneta, created in the "
mount_etna,Mount Etna,1427,Natural,(viii),1,ITA,Europe and North America,Europe,,,2013,2010s,12,False,False,19237,True,1,Mountain,https://whc.unesco.org/en/list/1427,"Mount Etna is an iconic site encompassing 19,237 uninhabited hectares on the highest part of Mount Etna, on the eastern coast of Sicily. Mount Etna is the highest Mediterranean island mountain and the most active stratovolcano in the world. The eruptive history of the volcano can be traced back 500,000 years and at least 2,700 years of this activity has been documented. The almost continuous eruptive activity of Mount Etna continues to influence volcanology, geophysics and other Earth science di"
piazza_del_duomo_pisa,"Piazza del Duomo, Pisa",395,Cultural,(i)(ii)(iv),3,ITA,Europe and North America,Europe,,,1987,1980s,38,False,False,8.87,True,1,Cultural Landscape,https://whc.unesco.org/en/list/395,"Standing in a large green expanse, Piazza del Duomo houses a group of monuments known the world over. These four masterpieces of medieval architecture – the cathedral, the baptistry, the campanile (the 'Leaning Tower') and the cemetery – had a great influence on monumental art in Italy from the 11th to the 14th century."
portovenere_cinque_terre_and_the_islands_palmaria_tino_and_tinetto,"Portovenere, Cinque Terre, and the Islands (Palmaria, Tino and Tinetto)",826,Cultural,(ii)(iv)(v),3,ITA,Europe and North America,Europe,,,1997,1990s,28,False,False,4689.25,True,4,Coastal,https://whc.unesco.org/en/list/826,"The Ligurian coast between Cinque Terre and Portovenere is a cultural landscape of great scenic and cultural value. The layout and disposition of the small towns and the shaping of the surrounding landscape, overcoming the disadvantages of a steep, uneven terrain, encapsulate the continuous history of human settlement in this region over the past millennium."
rock_drawings_in_valcamonica,Rock Drawings in Valcamonica,94,Cultural,(iii),1,ITA,Europe and North America,Europe,,,1979,1970s,46,False,False,432.3,True,6,Cultural Landscape,https://whc.unesco.org/en/list/94,"Valcamonica, situated in the Lombardy plain, has one of the world's greatest collections of prehistoric petroglyphs – more than 140,000 symbols and figures carved in the rock over a period of 8,000 years and depicting themes connected with agriculture, navigation, war and magic."
the_i_trulli_i_of_alberobello,The <I>Trulli</I> of Alberobello,787,Cultural,(iii)(iv)(v),3,ITA,Europe and North America,Europe,,,1996,1990s,29,False,False,10.52,True,6,Cultural Landscape,https://whc.unesco.org/en/list/787,"The trulli , limestone dwellings found in the southern region of Puglia, are remarkable examples of drywall (mortarless) construction, a prehistoric building technique still in use in this region. The trulli are made of roughly worked limestone boulders collected from neighbouring fields. Characteristically, they feature pyramidal, domed or conical roofs built up of corbelled limestone slabs."
val_d_orcia,Val d'Orcia,1026,Cultural,(iv),1,ITA,Europe and North America,Europe,,,2004,2000s,21,False,False,61187.9609,True,1,Urban,https://whc.unesco.org/en/list/1026,"The landscape of Val d’Orcia is part of the agricultural hinterland of Siena, redrawn and developed when it was integrated in the territory of the city-state in the 14th and 15th centuries to reflect an idealized model of good governance and to create an aesthetically pleasing picture. The landscape’s distinctive aesthetics, flat chalk plains out of which rise almost conical hills with fortified settlements on top, inspired many artists. Their images have come to exemplify the beauty of well-man"
venice_and_its_lagoon,Venice and its Lagoon,394,Cultural,(i)(ii)(iii)(iv)(v),5,ITA,Europe and North America,Europe,,,1987,1980s,38,False,False,70176.4,True,1,Coastal,https://whc.unesco.org/en/list/394,"Founded in the 5th century and spread over 118 small islands, Venice became a major maritime power in the 10th century. The whole city is an extraordinary architectural masterpiece in which even the smallest building contains works by some of the world's greatest artists such as Giorgione, Titian, Tintoretto, Veronese and others."
the_archaeological_ensemble_of_17th_century_port_royal,The Archaeological Ensemble of 17th Century Port Royal,1595,Cultural,(iv),1,JAM,Latin America and the Caribbean,Americas,,,2025,2020s,0,False,False,27,True,1,Urban,https://whc.unesco.org/en/list/1595,"The town of Port Royal is located at the mouth of Kingston Harbour in southeastern Jamaica. It was a major 17th-century English port city. A devastating earthquake in 1692 submerged much of the town under water and sand. Today, its terrestrial and underwater remains offer rare insights into urban colonial life. Once a key hub for transatlantic trade—including the trade of enslaved Africans—Port Royal featured a deep-water port and six defensive forts, some now submerged. Archaeological evidence "
hiroshima_peace_memorial_genbaku_dome,Hiroshima Peace Memorial (Genbaku Dome),775,Cultural,,0,JPN,Asia and the Pacific,Unknown,,,1996,1990s,29,False,False,0.4,True,1,Urban,https://whc.unesco.org/en/list/775,"The Hiroshima Peace Memorial (Genbaku Dome) was the only structure left standing in the area where the first atomic bomb exploded on 6 August 1945. Through the efforts of many people, including those of the city of Hiroshima, it has been preserved in the same state as immediately after the bombing. Not only is it a stark and powerful symbol of the most destructive force ever created by humankind; it also expresses the hope for world peace and the ultimate elimination of all nuclear weapons."
itsukushima_shinto_shrine,Itsukushima Shinto Shrine,776,Cultural,(i)(ii)(iv),3,JPN,Asia and the Pacific,Unknown,,,1996,1990s,29,False,False,431.2,True,1,Mountain,https://whc.unesco.org/en/list/776,"The island of Itsukushima, in the Seto inland sea, has been a holy place of Shintoism since the earliest times. The first shrine buildings here were probably erected in the 6th century. The present shrine dates from the 12th century and the harmoniously arranged buildings reveal great artistic and technical skill. The shrine plays on the contrasts in colour and form between mountains and sea and illustrates the Japanese concept of scenic beauty, which combines nature and human creativity."
historic_monuments_of_ancient_nara,Historic Monuments of Ancient Nara,870,Cultural,(ii)(iii)(iv),3,JPN,Asia and the Pacific,Unknown,,,1998,1990s,27,False,False,617,True,7,Urban,https://whc.unesco.org/en/list/870,"Nara was the capital of Japan from 710 to 784. During this period the framework of national government was consolidated and Nara enjoyed great prosperity, emerging as the fountainhead of Japanese culture. The city's historic monuments – Buddhist temples, Shinto shrines and the excavated remains of the great Imperial Palace – provide a vivid picture of life in the Japanese capital in the 8th century, a period of profound political and cultural change."
mozu_furuichi_kofun_group_mounded_tombs_of_ancient_japan,Mozu-Furuichi Kofun Group: Mounded Tombs of Ancient Japan,1593,Cultural,(iii)(iv),2,JPN,Asia and the Pacific,Unknown,,,2019,2010s,6,False,False,166.66,True,45,Cultural Landscape,https://whc.unesco.org/en/list/1593,"Located on a plateau above the Osaka Plain, this property includes 49 kofun (“old mounds” in Japanese). These tombs were for members of the elite. These kofun have been selected from among a total of 160,000 in Japan and form the richest material representation of the Kofun period, from the 3rd to the 6th century CE. They demonstrate the differences in social classes of that period and show evidence of a highly sophisticated funerary system. Burial mounds of significant variations in size, kofun"
sacred_island_of_okinoshima_and_associated_sites_in_the_munakata_region,Sacred Island of Okinoshima and Associated Sites in the Munakata Region,1535,Cultural,(ii)(iii),2,JPN,Asia and the Pacific,Unknown,,,2017,2010s,8,False,False,98.93,True,8,Coastal,https://whc.unesco.org/en/list/1535,"Located 60 km off the western coast of Kyushu island, the island of Okinoshima is an exceptional example of the tradition of worship of a sacred island. The archaeological sites that have been preserved on the island are virtually intact, and provide a chronological record of how the rituals performed there changed from the 4th to the 9th centuries AD. In these rituals, votive objects were deposited as offerings at different sites on the island. Many of them are of exquisite workmanship and had "
jomon_prehistoric_sites_in_northern_japan,Jomon Prehistoric Sites in Northern Japan,1632,Cultural,(iii)(v),2,JPN,Asia and the Pacific,Unknown,,,2021,2020s,4,False,False,141.9,True,17,Mountain,https://whc.unesco.org/en/list/1632,"The property consists of 17 archaeological sites in the southern part of Hokkaido Island and northern Tohoku in geographical settings ranging from mountains and hills to plains and lowlands, from inland bays to lakes, and rivers. They bear a unique testimony to the development over some 10,000 years of the pre-agricultural yet sedentary Jomon culture and its complex spiritual belief system and rituals. It attests to the emergence, development, maturity and adaptability to environmental changes o"
camino_real_de_tierra_adentro,Camino Real de Tierra Adentro,1351,Cultural,(ii)(iv),2,MEX,Latin America and the Caribbean,Americas,,,2010,2010s,15,False,False,3101.91,True,60,Urban,https://whc.unesco.org/en/list/1351,"Camino Real de Tierra Adentro was the Royal Inland Road, also known as the Silver Route. The inscribed property consists of 55 sites and five existing World Heritage sites lying along a 1400 km section of this 2600 km route, that extends north from Mexico City to Texas and New Mexico, United States of America. The route was actively used as a trade route for 300 years, from the mid-16th to the 19th centuries, mainly for transporting silver extracted from the mines of Zacatecas, Guanajuato and Sa"
ogasawara_islands,Ogasawara Islands,1362,Natural,(ix),1,JPN,Asia and the Pacific,Unknown,,,2011,2010s,14,False,False,7939,True,19,Coastal,https://whc.unesco.org/en/list/1362,"The property numbers more than 30 islands clustered in three groups and covers surface area of 7,939 hectares. The islands offer a variety of landscapes and are home to a wealth of fauna, including the Bonin Flying Fox, a critically endangered bat, and 195 endangered bird species. Four-hundred and forty-one native plant taxa have been documented on the islands whose waters support numerous species of fish, cetaceans and corals. Ogasawara Islands' ecosystems reflect a range of evolutionary proces"
shirakami_sanchi,Shirakami-Sanchi,663,Natural,(ix),1,JPN,Asia and the Pacific,Unknown,,,1993,1990s,32,False,False,16971,True,1,Mountain,https://whc.unesco.org/en/list/663,"Situated in the mountains of northern Honshu, this trackless site includes the last virgin remains of the cool-temperate forest of Siebold's beech trees that once covered the hills and mountain slopes of northern Japan. The black bear, the serow and 87 species of birds can be found in this forest."
sado_island_gold_mines,Sado Island Gold Mines,1698,Cultural,(iv),1,JPN,Asia and the Pacific,Unknown,,,2024,2020s,1,False,False,750.9,True,3,Mountain,https://whc.unesco.org/en/list/1698,"The Sado Island Gold Mines is a serial property located on Sado Island, some thirty-five kilometres west of the Niigata Prefecture coast. It is formed of three component parts illustrative of different unmechanised mining methods. Sado Island is of volcanic origin and features two parallel mountain ranges stretching from southwest to northeast and separated by one alluvial plain, the Kuninaka Plain. Gold and silver deposits were formed by the rising of hydrothermal water close to the land surfac"
shrines_and_temples_of_nikko,Shrines and Temples of Nikko,913,Cultural,(i)(iv),2,JPN,Asia and the Pacific,Unknown,,,1999,1990s,26,False,False,50.8,True,1,Cultural Landscape,https://whc.unesco.org/en/list/913,"The shrines and temples of Nikko, together with their natural surroundings, have for centuries been a sacred site known for its architectural and decorative masterpieces. They are closely associated with the history of the Tokugawa Shoguns."
shiretoko,Shiretoko,1193,Natural,(ix)(x),2,JPN,Asia and the Pacific,Unknown,,,2005,2000s,20,False,False,71100,True,1,Coastal,https://whc.unesco.org/en/list/1193,"Shiretoko Peninsula is located in the north-east of Hokkaido, the northernmost island of Japan. The site includes the land from the central part of the peninsula to its tip (Shiretoko Cape) and the surrounding marine area. It provides an outstanding example of the interaction of marine and terrestrial ecosystems as well as extraordinary ecosystem productivity, largely influenced by the formation of seasonal sea ice at the lowest latitude in the northern hemisphere. It has particular importance f"
yakushima,Yakushima,662,Natural,(vii)(ix),2,JPN,Asia and the Pacific,Unknown,,,1993,1990s,32,False,False,10747,True,1,Coastal,https://whc.unesco.org/en/list/662,"Located in the interior of Yaku Island, at the meeting-point of the palaearctic and oriental biotic regions, Yakushima exhibits a rich flora, with some 1,900 species and subspecies, including ancient specimens of the sugi (Japanese cedar). It also contains a remnant of a warm-temperate ancient forest that is unique in this region."
cold_winter_deserts_of_turan,Cold Winter Deserts of Turan,1693,Natural,(ix)(x),2,"KAZ, UZB, TKM",Asia and the Pacific,Unknown,,,2023,2020s,2,True,False,3366441,True,14,Mountain,https://whc.unesco.org/en/list/1693,"This transnational property comprises fourteen component parts found across arid areas of Central Asia’s temperate zone between the Caspian Sea and the Turanian high mountains. The area is subject to extreme climatic conditions with very cold winters and hot summers, and boasts an exceptionally diverse flora and fauna that has adapted to the harsh conditions. The property also represents a considerable diversity of desert ecosystems, spanning a distance of more than 1,500 kilometres from East to"
western_tien_shan,Western Tien-Shan,1490,Natural,(x),1,"KGZ, KAZ, UZB",Asia and the Pacific,Unknown,,,2016,2010s,9,True,False,528177.6,True,13,Mountain,https://whc.unesco.org/en/list/1490,"The transnational property is located in the Tien-Shan mountain system, one of the largest mountain ranges in the world. Western Tien-Shan ranges in altitude from 700 to 4,503 m. It features diverse landscapes, which are home to exceptionally rich biodiversity. It is of global importance as a centre of origin for a number of cultivated fruit crops and is home to a great diversity of forest types and unique plant community associations."
lake_turkana_national_parks,Lake Turkana National Parks,801,Natural,(viii)(x),2,KEN,Africa,Africa,,,1997,1990s,28,False,True,161485,True,3,Natural Landscape,https://whc.unesco.org/en/list/801,"The most saline of Africa's large lakes, Turkana is an outstanding laboratory for the study of plant and animal communities. The three National Parks serve as a stopover for migrant waterfowl and are major breeding grounds for the Nile crocodile, hippopotamus and a variety of venomous snakes. The Koobi Fora deposits, rich in mammalian, molluscan and other fossil remains, have contributed more to the understanding of paleo-environments than any other site on the continent."
lamu_old_town,Lamu Old Town,1055,Cultural,(ii)(iv),2,KEN,Africa,Africa,,,2001,2000s,24,False,False,15.6,True,1,Urban,https://whc.unesco.org/en/list/1055,"Lamu Old Town is the oldest and best-preserved Swahili settlement in East Africa, retaining its traditional functions. Built in coral stone and mangrove timber, the town is characterized by the simplicity of structural forms enriched by such features as inner courtyards, verandas, and elaborately carved wooden doors. Lamu has hosted major Muslim religious festivals since the 19th century, and has become a significant centre for the study of Islamic and Swahili cultures."
the_historic_town_and_archaeological_site_of_gedi,The Historic Town and Archaeological Site of Gedi,1720,Cultural,(ii)(iii)(iv),3,KEN,Africa,Africa,,,2024,2020s,1,False,False,20.81,True,1,Coastal,https://whc.unesco.org/en/list/1720,"Surrounded by a remnant coastal forest, away from the coastline, the abandoned city of Gedi was one of the most important Swahili cities on the East African coast from the 10th to 17th centuries. During this period, it was part of a complex and international network of trade and cultural exchanges that crossed the Indian Ocean, linking African coastal centres with Persia and other areas. The opulent settlement is clearly delineated by walls and features remains of domestic, religious, and civic "
phong_nha_ke_bang_national_park_and_hin_nam_no_national_park,Phong Nha-Ke Bang National Park and Hin Nam No National Park,951,Natural,(viii)(ix)(x),3,"VNM, LAO",Asia and the Pacific,Unknown,,,2003,2000s,22,True,False,217447,True,2,Forest,https://whc.unesco.org/en/list/951,"This transboundary property, located along the border between Viet Nam and the Lao People’s Democratic Republic, forms one of the most exceptional and well-preserved limestone karst landscapes in the world. The karst formations in this area began developing around 400 million years ago during the Palaeozoic era, making it the oldest large-scale karst system in Asia. It features dramatic cliffs, deep sinkholes, and a vast network of underground rivers. Over 220 kilometres of caves and subterranea"
sulaiman_too_sacred_mountain,Sulaiman-Too Sacred Mountain,1230,Cultural,(iii),1,KGZ,Asia and the Pacific,Unknown,,,2009,2000s,16,False,False,112,True,1,Mountain,https://whc.unesco.org/en/list/1230,"Sulaiman-Too Sacred Mountain Kyrgyzstan dominates the Fergana Valley and forms the backdrop to the city of Osh, at the crossroads of important routes on the Central Asian Silk Roads. For more than one and a half millennia, Sulaiman was a beacon for travellers revered as a sacred mountain. Its five peaks and slopes contain numerous ancient places of worship and caves with petroglyphs as well as two largely reconstructed 16th century mosques. One hundred and one sites with petroglyphs representing"
town_of_luang_prabang,Town of Luang Prabang,479,Cultural,(ii)(iv)(v),3,LAO,Asia and the Pacific,Unknown,,,1995,1990s,30,False,False,820,True,1,Urban,https://whc.unesco.org/en/list/479,"Luang Prabang is an outstanding example of the fusion of traditional architecture and Lao urban structures with those built by the European colonial authorities in the 19th and 20th centuries. Its unique, remarkably well-preserved townscape illustrates a key stage in the blending of these two distinct cultural traditions."
old_town_of_kuldiga,Old town of Kuldīga,1658,Cultural,(v),1,LVA,Europe and North America,Europe,,,2023,2020s,2,False,False,84.33,True,1,Coastal,https://whc.unesco.org/en/list/1658,"Located in the western part of Latvia, the town of Kuldīga is an exceptionally well-preserved example of a traditional urban settlement, which developed from a small medieval hamlet into an important administrative centre of the Duchy of Courland and Semigallia between the 16th and 18th centuries. The town structure of Kuldīga has largely retained the street layout of that period, and includes traditional log architecture as well as foreign-influenced styles that illustrate the rich exchange bet"
anjar,Anjar,293,Cultural,(iii)(iv),2,LBN,Arab States,Asia,,,1984,1980s,41,False,False,,True,1,Urban,https://whc.unesco.org/en/list/293,"The city of Anjar was founded by Caliph Walid I at the beginning of the 8th century. The ruins reveal a very regular layout, reminiscent of the palace-cities of ancient times, and are a unique testimony to city planning under the Umayyads."
baalbek,Baalbek,294,Cultural,(i)(iv),2,LBN,Arab States,Asia,,,1984,1980s,41,False,False,0,True,1,Urban,https://whc.unesco.org/en/list/294,"This Phoenician city, where a triad of deities was worshipped, was known as Heliopolis during the Hellenistic period. It retained its religious function during Roman times, when the sanctuary of the Heliopolitan Jupiter attracted thousands of pilgrims. Baalbek, with its colossal structures, is one of the finest examples of Imperial Roman architecture at its apogee."
byblos,Byblos,295,Cultural,(iii)(iv),2,LBN,Arab States,Asia,,,1984,1980s,41,False,False,,True,1,Cultural Landscape,https://whc.unesco.org/en/list/295,"The ruins of many successive civilizations are found at Byblos, one of the oldest Phoenician cities. Inhabited since Neolithic times, it has been closely linked to the legends and history of the Mediterranean region for thousands of years. Byblos is also directly associated with the history and diffusion of the Phoenician alphabet."
archaeological_site_of_cyrene,Archaeological Site of Cyrene,190,Cultural,(ii)(iii),2,LBY,Arab States,Asia,,,1982,1980s,43,False,True,131.675,True,1,Cultural Landscape,https://whc.unesco.org/en/list/190,"A colony of the Greeks of Thera, Cyrene was one of the principal cities in the Hellenic world. It was Romanized and remained a great capital until the earthquake of 365. A thousand years of history is written into its ruins, which have been famous since the 18th century."
ouadi_qadisha_the_holy_valley_and_the_forest_of_the_cedars_of_god_horsh_arz_el_rab,Ouadi Qadisha (the Holy Valley) and the Forest of the Cedars of God (Horsh Arz el-Rab),850,Cultural,(iii)(iv),2,LBN,Arab States,Asia,,,1998,1990s,27,False,False,1720.2,True,2,Forest,https://whc.unesco.org/en/list/850,"The Qadisha valley is one of the most important early Christian monastic settlements in the world. Its monasteries, many of which are of a great age, stand in dramatic positions in a rugged landscape. Nearby are the remains of the great forest of cedars of Lebanon, highly prized in antiquity for the construction of great religious buildings."
rock_art_sites_of_tadrart_acacus,Rock-Art Sites of Tadrart Acacus,287,Cultural,(iii),1,LBY,Arab States,Asia,,,1985,1980s,40,False,True,3923961,True,1,Desert,https://whc.unesco.org/en/list/287,"On the borders of Tassili N'Ajjer in Algeria, also a World Heritage site, this rocky massif has thousands of cave paintings in very different styles, dating from 12,000 B.C. to A.D. 100. They reflect marked changes in the fauna and flora, and also the different ways of life of the populations that succeeded one another in this region of the Sahara."
curonian_spit,Curonian Spit,994,Cultural,(v),1,"LTU, RUS",Europe and North America,Europe,,,2000,2000s,25,True,False,33021,True,1,Forest,https://whc.unesco.org/en/list/994,"Human habitation of this elongated sand dune peninsula, 98 km long and 0.4-4 km wide, dates back to prehistoric times. Throughout this period it has been threatened by the natural forces of wind and waves. Its survival to the present day has been made possible only as a result of ceaseless human efforts to combat the erosion of the Spit, dramatically illustrated by continuing stabilisation and reforestation projects."
vilnius_historic_centre,Vilnius Historic Centre,541,Cultural,(ii)(iv),2,LTU,Europe and North America,Europe,,,1994,1990s,31,False,False,352.09,True,1,Cultural Landscape,https://whc.unesco.org/en/list/541,"Political centre of the Grand Duchy of Lithuania from the 13th to the end of the 18th century, Vilnius has had a profound influence on the cultural and architectural development of much of eastern Europe. Despite invasions and partial destruction, it has preserved an impressive complex of Gothic, Renaissance, Baroque and classical buildings as well as its medieval layout and natural setting."
mount_mulanje_cultural_landscape,Mount Mulanje Cultural Landscape,1201,Cultural,(iii),1,MWI,Africa,Africa,,,2025,2020s,0,False,False,89549.18,True,1,Mountain,https://whc.unesco.org/en/list/1201,"This property encompasses the mountain range located in southern Malawi, with the imposing Mount Mulanje—one of the world’s largest inselbergs—and its surrounding environment. Revered as a sacred place inhabited by gods, spirits, and ancestors, it holds deep cultural and spiritual significance. The mountain’s geological and hydrological features are connected with the belief systems and cultural practices of the Yao, Mang’anja, and Lhomwe peoples. These communities have sustained the mountain’s "
archaeological_heritage_of_the_lenggong_valley,Archaeological Heritage of the Lenggong Valley,1396,Cultural,(iii)(iv),2,MYS,Asia and the Pacific,Unknown,,,2012,2010s,13,False,False,398.64,True,4,River/Valley,https://whc.unesco.org/en/list/1396,"Situated in the lush Lenggong Valley, the property includes four archaeological sites in two clusters which span close to 2 million years, one of the longest records of early man in a single locality, and the oldest outside the African continent. It features open-air and cave sites with Palaeolithic tool workshops, evidence of early technology. The number of sites found in the relatively contained area suggests the presence of a fairly large, semi-sedentary population with cultural remains from "
tomb_of_askia,Tomb of Askia,1139,Cultural,(ii)(iii)(iv),3,MLI,Africa,Africa,,,2004,2000s,21,False,True,4.24,True,1,Desert,https://whc.unesco.org/en/list/1139,"The dramatic 17-m pyramidal structure of the Tomb of Askia was built by Askia Mohamed, the Emperor of Songhai, in 1495 in his capital Gao. It bears testimony to the power and riches of the empire that flourished in the 15th and 16th centuries through its control of the trans-Saharan trade, notably in salt and gold. It is also a fine example of the monumental mud-building traditions of the West African Sahel. The complex, including the pyramidal tomb, two flat-roofed mosque buildings, the mosque "
megalithic_temples_of_malta,Megalithic Temples of Malta,132,Cultural,(iv),1,MLT,Europe and North America,Europe,,,1980,1980s,45,False,False,3.155,True,6,Coastal,https://whc.unesco.org/en/list/132,"Seven megalithic temples are found on the islands of Malta and Gozo, each the result of an individual development. The two temples of Ggantija on the island of Gozo are notable for their gigantic Bronze Age structures. On the island of Malta, the temples of Hagar Qim, Mnajdra and Tarxien are unique architectural masterpieces, given the limited resources available to their builders. The Ta'Hagrat and Skorba complexes show how the tradition of temple-building was handed down in Malta."
ancient_maya_city_and_protected_tropical_forests_of_calakmul_campeche,"Ancient Maya City and Protected Tropical Forests of Calakmul, Campeche",1061,Mixed,(i)(ii)(iii)(iv)(ix)(x),6,MEX,Latin America and the Caribbean,Americas,,,2002,2000s,23,False,False,331397,True,1,Forest,https://whc.unesco.org/en/list/1061,"The site is located in the central/southern portion of the Yucatán Peninsula, in southern Mexico and includes the remains of the important Maya city Calakmul, set deep in the tropical forest of the Tierras Bajas. The city played a key role in the history of this region for more than twelve centuries and is characterized by well-preserved structures providing a vivid picture of life in an ancient Maya capital. The property also falls within the Mesoamerica biodiversity hotspot, the third largest "
banc_d_arguin_national_park,Banc d'Arguin National Park,506,Natural,(ix)(x),2,MRT,Arab States,Asia,,,1989,1980s,36,False,False,1200000,True,1,Coastal,https://whc.unesco.org/en/list/506,"Fringing the Atlantic coast, the park comprises sand-dunes, coastal swamps, small islands and shallow coastal waters. The contrast between the harsh desert environment and the biodiversity of the marine zone has resulted in a land- and seascape of outstanding natural significance. A wide variety of migrating birds spend the winter there. Several species of sea turtle and dolphin, used by the fishermen to attract shoals of fish, can also be found."
archaeological_monuments_zone_of_xochicalco,Archaeological Monuments Zone of Xochicalco,939,Cultural,(iii)(iv),2,MEX,Latin America and the Caribbean,Americas,,,1999,1990s,26,False,False,707.65,True,1,Cultural Landscape,https://whc.unesco.org/en/list/939,"Xochicalco is an exceptionally well-preserved example of a fortified political, religious and commercial centre from the troubled period of 650–900 that followed the break-up of the great Mesoamerican states such as Teotihuacan, Monte Albán, Palenque and Tikal."
aqueduct_of_padre_tembleque_hydraulic_system,Aqueduct of Padre Tembleque Hydraulic System,1463,Cultural,(i)(ii)(iv),3,MEX,Latin America and the Caribbean,Americas,,,2015,2010s,10,False,False,6540,True,1,Cultural Landscape,https://whc.unesco.org/en/list/1463,"This 16th century aqueduct is located between the states of Mexico and Hidalgo, on the Central Mexican Plateau. This heritage canal system encompasses a water catchment area, springs, canals, distribution tanks and arcaded aqueduct bridges. The site incorporates the highest single-level arcade ever built in an aqueduct. Initiated by the Franciscan friar, Padre Tembleque, and built with support from the local indigenous communities, this hydraulic system is an example of the exchange of influence"
historic_centre_of_morelia,Historic Centre of Morelia,585,Cultural,(ii)(iv),2,MEX,Latin America and the Caribbean,Americas,,,1991,1990s,34,False,False,390,True,1,Urban,https://whc.unesco.org/en/list/585,"Built in the 16th century, Morelia is an outstanding example of urban planning which combines the ideas of the Spanish Renaissance with the Mesoamerican experience. Well-adapted to the slopes of the hill site, its streets still follow the original layout. More than 200 historic buildings, all in the region's characteristic pink stone, reflect the town's architectural history, revealing a masterly and eclectic blend of the medieval spirit with Renaissance, Baroque and neoclassical elements. Morel"
historic_fortified_town_of_campeche,Historic Fortified Town of Campeche,895,Cultural,(ii)(iv),2,MEX,Latin America and the Caribbean,Americas,,,1999,1990s,26,False,False,181,True,1,Coastal,https://whc.unesco.org/en/list/895,"Campeche is a typical example of a harbour town from the Spanish colonial period in the New World. The historic centre has kept its outer walls and system of fortifications, designed to defend this Caribbean port against attacks from the sea."
pre_hispanic_town_of_uxmal,Pre-Hispanic Town of Uxmal,791,Cultural,(i)(ii)(iii),3,MEX,Latin America and the Caribbean,Americas,,,1996,1990s,29,False,False,2059.8,True,4,Urban,https://whc.unesco.org/en/list/791,"The Mayan town of Uxmal, in Yucatán, was founded c. A.D. 700 and had some 25,000 inhabitants. The layout of the buildings, which date from between 700 and 1000, reveals a knowledge of astronomy. The Pyramid of the Soothsayer, as the Spaniards called it, dominates the ceremonial centre, which has well-designed buildings decorated with a profusion of symbolic motifs and sculptures depicting Chaac, the god of rain. The ceremonial sites of Uxmal, Kabah, Labna and Sayil are considered the high points"
whale_sanctuary_of_el_vizcaino,Whale Sanctuary of El Vizcaino,554,Natural,(x),1,MEX,Latin America and the Caribbean,Americas,,,1993,1990s,32,False,False,369631,True,2,Coastal,https://whc.unesco.org/en/list/554,"Located in the central part of the peninsula of Baja California, the sanctuary contains some exceptionally interesting ecosystems. The coastal lagoons of Ojo de Liebre and San Ignacio are important reproduction and wintering sites for the grey whale, harbour seal, California sea lion, northern elephant-seal and blue whale. The lagoons are also home to four species of the endangered marine turtle."
landscapes_of_dauria,Landscapes of Dauria,1448,Natural,(ix)(x),2,"MNG, RUS",Asia and the Pacific,Unknown,,,2017,2010s,8,True,False,912624,True,5,Forest,https://whc.unesco.org/en/list/1448,"Shared between Mongolia and the Russian Federation, this site is an outstanding example of the Daurian Steppe eco-region, which extends from eastern Mongolia into Russian Siberia and northeastern China. Cyclical climate changes, with distinct dry and wet periods lead to a wide diversity of species and ecosystems of global significance. The different types of steppe ecosystems represented, such as grassland and forest, as well as lakes and wetlands serve as habitats for rare species of fauna, suc"
petroglyphic_complexes_of_the_mongolian_altai,Petroglyphic Complexes of the Mongolian Altai,1382,Cultural,(iii),1,MNG,Asia and the Pacific,Unknown,,,2011,2010s,14,False,False,11300,True,3,Forest,https://whc.unesco.org/en/list/1382,"The numerous rock carvings and funerary monuments found in these three sites illustrate the development of culture in Mongolia over a period of 12,000 years. The earliest images reflect a time (11,000 - 6,000 BC) when the area was partly forested and the valley provided a habitat for hunters of large game. Later images show the transition to herding as the dominant way of life. The most recent images show the transition to a horse-dependent nomadic lifestyle during the early 1st millennium BC, t"
orkhon_valley_cultural_landscape,Orkhon Valley Cultural Landscape,1081,Cultural,(ii)(iii)(iv),3,MNG,Asia and the Pacific,Unknown,,,2004,2000s,21,False,False,121967,True,1,River/Valley,https://whc.unesco.org/en/list/1081,"The 121,967-ha Orkhon Valley Cultural Landscape encompasses an extensive area of pastureland on both banks of the Orkhon River and includes numerous archaeological remains dating back to the 6th century. The site also includes Kharkhorum, the 13th- and 14th-century capital of Chingis (Genghis) Khan’s vast Empire. Collectively the remains in the site reflect the symbiotic links between nomadic, pastoral societies and their administrative and religious centres, and the importance of the Orkhon val"
historic_city_of_meknes,Historic City of Meknes,793,Cultural,(iv),1,MAR,Arab States,Asia,,,1996,1990s,29,False,False,,True,1,Urban,https://whc.unesco.org/en/list/793,"Founded in the 11th century by the Almoravids as a military settlement, Meknes became a capital under Sultan Moulay Ismaïl (1672–1727), the founder of the Alawite dynasty. The sultan turned it into a impressive city in Spanish-Moorish style, surrounded by high walls with great doors, where the harmonious blending of the Islamic and European styles of the 17th century Maghreb are still evident today."
ksar_of_ait_ben_haddou,Ksar of Ait-Ben-Haddou,444,Cultural,(iv)(v),2,MAR,Arab States,Asia,,,1987,1980s,38,False,False,3.03,True,1,Desert,https://whc.unesco.org/en/list/444,"The ksar, a group of earthen buildings surrounded by high walls, is a traditional pre-Saharan habitat. The houses crowd together within the defensive walls, which are reinforced by corner towers. Ait-Ben-Haddou, in Ouarzazate province, is a striking example of the architecture of southern Morocco."
medina_of_tetouan_formerly_known_as_titawin,Medina of Tétouan (formerly known as Titawin),837,Cultural,(ii)(iv)(v),3,MAR,Arab States,Asia,,,1997,1990s,28,False,False,6.5,True,1,Urban,https://whc.unesco.org/en/list/837,"Tétouan was of particular importance in the Islamic period, from the 8th century onwards, since it served as the main point of contact between Morocco and Andalusia. After the Reconquest, the town was rebuilt by Andalusian refugees who had been expelled by the Spanish. This is well illustrated by its art and architecture, which reveal clear Andalusian influence. Although one of the smallest of the Moroccan medinas, Tétouan is unquestionably the most complete and it has been largely untouched by "
portuguese_city_of_mazagan_el_jadida,Portuguese City of Mazagan (El Jadida),1058,Cultural,(ii)(iv),2,MAR,Arab States,Asia,,,2004,2000s,21,False,False,7.5,True,1,Coastal,https://whc.unesco.org/en/list/1058,"The Portuguese fortification of Mazagan, now part of the city of El Jadida, 90-km southwest of Casablanca, was built as a fortified colony on the Atlantic coast in the early 16th century. It was taken over by the Moroccans in 1769. The fortification with its bastions and ramparts is an early example of Renaissance military design. The surviving Portuguese buildings include the cistern and the Church of the Assumption, built in the Manueline style of late Gothic architecture. The Portuguese City "
twyfelfontein_or_ui_aes,Twyfelfontein or /Ui-//aes,1255,Cultural,(iii)(v),2,NAM,Africa,Africa,,,2007,2000s,18,False,False,57.4269,True,1,Cultural Landscape,https://whc.unesco.org/en/list/1255,"Twyfelfontein or /Ui-//aes has one of the largest concentrations of ... petroglyphs, i.e. rock engravings in Africa. Most of these well-preserved engravings represent rhinoceros, . The site also includes six painteelephant, ostrich and giraffe, as well as drawings of human and animal footprintsd rock shelters with motifs of human figures in red ochre. The objects excavated from two sections, date from the Late Stone Age. The site forms a coherent, extensive and high-quality record of ritual prac"
namib_sand_sea,Namib Sand Sea,1430,Natural,(vii)(viii)(ix)(x),4,NAM,Africa,Africa,,,2013,2010s,12,False,False,3077700,True,1,Coastal,https://whc.unesco.org/en/list/1430,"Namib Sand Sea is the only coastal desert in the world that includes extensive dune fields influenced by fog. Covering an area of over three million hectares and a buffer zone of 899,500 hectares, the site is composed of two dune systems, an ancient semi-consolidated one overlain by a younger active one. The desert dunes are formed by the transportation of materials thousands of kilometres from the hinterland, that are carried by river, ocean current and wind. It features gravel plains, coastal "
eisinga_planetarium_in_franeker,Eisinga Planetarium in Franeker,1683,Cultural,(iv),1,NLD,Europe and North America,Europe,,,2023,2020s,2,False,False,0.009,True,1,Cultural Landscape,https://whc.unesco.org/en/list/1683,"Built between 1774 and 1781, this property is a moving mechanical scale model of the solar system as it was known at the time. Conceived and built by an ordinary citizen – the wool manufacturer Eise Eisinga – the model is built into the ceiling and south wall of the former living room/bedroom of its creator. Powered by one single pendulum clock, it provides a realistic image of the positions of the Sun, the Moon, the Earth and five other planets (Mercury, Venus, Mars, Jupiter and Saturn). The pl"
te_wahipounamu_south_west_new_zealand,Te Wahipounamu – South West New Zealand,551,Natural,(vii)(viii)(ix)(x),4,NZL,Asia and the Pacific,Unknown,,,1990,1990s,35,False,False,2600000,True,1,Mountain,https://whc.unesco.org/en/list/551,"The landscape in this park, situated in south-west New Zealand, has been shaped by successive glaciations into fjords, rocky coasts, towering cliffs, lakes and waterfalls. Two-thirds of the park is covered with southern beech and podocarps, some of which are over 800 years old. The kea, the only alpine parrot in the world, lives in the park, as does the rare and endangered takahe, a large flightless bird."
new_zealand_sub_antarctic_islands,New Zealand Sub-Antarctic Islands,877,Natural,(ix)(x),2,NZL,Asia and the Pacific,Unknown,,,1998,1990s,27,False,False,76458,True,5,Coastal,https://whc.unesco.org/en/list/877,"The New Zealand Sub-Antarctic Islands consist of five island groups (the Snares, Bounty Islands, Antipodes Islands, Auckland Islands and Campbell Island) in the Southern Ocean south-east of New Zealand. The islands, lying between the Antarctic and Subtropical Convergences and the seas, have a high level of productivity, biodiversity, wildlife population densities and endemism among birds, plants and invertebrates. They are particularly notable for the large number and diversity of pelagic seabir"
van_nellefabriek,Van Nellefabriek,1441,Cultural,(ii)(iv),2,NLD,Europe and North America,Europe,,,2014,2010s,11,False,False,6.94,True,1,Cultural Landscape,https://whc.unesco.org/en/list/1441,"Van Nellefabriek was designed and built in the 1920s on the banks of a canal in the Spaanse Polder industrial zone north-west of Rotterdam. The site is one of the icons of 20th-century industrial architecture, comprising a complex of factories, with façades consisting essentially of steel and glass, making large-scale use of the curtain wall principle. It was conceived as an ‘ideal factory’, open to the outside world, whose interior working spaces evolved according to need, and in which daylight"
ruins_of_leon_viejo,Ruins of León Viejo,613,Cultural,(iii)(iv),2,NIC,Latin America and the Caribbean,Americas,,,2000,2000s,25,False,False,31.87,True,1,Cultural Landscape,https://whc.unesco.org/en/list/613,"León Viejo is one of the oldest Spanish colonial settlements in the Americas. It did not develop and so its ruins are outstanding testimony to the social and economic structures of the Spanish Empire in the 16th century. Moreover, the site has immense archaeological potential."
sukur_cultural_landscape,Sukur Cultural Landscape,938,Cultural,(iii)(v),2,NGA,Africa,Africa,,,1999,1990s,26,False,False,764.4,False,1,Cultural Landscape,https://whc.unesco.org/en/list/938,"The Sukur Cultural Landscape, with the Palace of the Hidi (Chief) on a hill dominating the villages below, the terraced fields and their sacred symbols, and the extensive remains of a former flourishing iron industry, is a remarkably intact physical expression of a society and its spiritual and material culture."
urnes_stave_church,Urnes Stave Church,58,Cultural,(i)(ii)(iii),3,NOR,Europe and North America,Europe,,,1979,1970s,46,False,False,0.21,True,1,Cultural Landscape,https://whc.unesco.org/en/list/58,"The wooden church of Urnes (the stavkirke) stands in the natural setting of Sogn og Fjordane. It was built in the 12th and 13th centuries and is an outstanding example of traditional Scandinavian wooden architecture. It brings together traces of Celtic art, Viking traditions and Romanesque spatial structures."
vegaoyan_the_vega_archipelago,Vegaøyan – The Vega Archipelago,1143,Cultural,(v),1,NOR,Europe and North America,Europe,,,2004,2000s,21,False,False,107294,True,1,Coastal,https://whc.unesco.org/en/list/1143,"A cluster of dozens of islands centred on Vega, just south of the Arctic Circle, forms a cultural landscape of 107,294 ha, of which 6,881 ha is land. The islands bear testimony to a distinctive frugal way of life based on fishing and the harvesting of the down of eider ducks, in an inhospitable environment. There are fishing villages, quays, warehouses, eider houses (built for eider ducks to nest in), farming landscapes, lighthouses and beacons. There is evidence of human settlement from the Sto"
west_norwegian_fjords_geirangerfjord_and_naeroyfjord,West Norwegian Fjords – Geirangerfjord and Nærøyfjord,1195,Natural,(vii)(viii),2,NOR,Europe and North America,Europe,,,2005,2000s,20,False,False,122712,True,2,Mountain,https://whc.unesco.org/en/list/1195,"Situated in south-western Norway, north-east of Bergen, Geirangerfjord and Nærøyfjord, set 120 km from one another, are part of the west Norwegian fjord landscape, which stretches from Stavanger in the south to Andalsnes, 500 km to the north-east. The two fjords, among the world’s longest and deepest, are considered as archetypical fjord landscapes and among the most scenically outstanding anywhere. Their exceptional natural beauty is derived from their narrow and steep-sided crystalline rock wa"
buddhist_ruins_of_takht_i_bahi_and_neighbouring_city_remains_at_sahr_i_bahlol,Buddhist Ruins of Takht-i-Bahi and Neighbouring City Remains at Sahr-i-Bahlol,140,Cultural,(iv),1,PAK,Asia and the Pacific,Unknown,,,1980,1980s,45,False,False,50.73,False,2,Urban,https://whc.unesco.org/en/list/140,"The Buddhist monastic complex of Takht-i-Bahi (Throne of Origins) was founded in the early 1st century. Owing to its location on the crest of a high hill, it escaped successive invasions and is still exceptionally well preserved. Nearby are the ruins of Sahr-i-Bahlol, a small fortified city dating from the same period."
rohtas_fort,Rohtas Fort,586,Cultural,(ii)(iv),2,PAK,Asia and the Pacific,Unknown,,,1997,1990s,28,False,False,0,True,1,Cultural Landscape,https://whc.unesco.org/en/list/586,"Following his defeat of the Mughal emperor Humayun in 1541, Sher Shah Suri built a strong fortified complex at Rohtas, a strategic site in the north of what is now Pakistan. It was never taken by storm and has survived intact to the present day. The main fortifications consist of the massive walls, which extend for more than 4 km; they are lined with bastions and pierced by monumental gateways. Rohtas Fort, also called Qila Rohtas, is an exceptional example of early Muslim military architecture "
taxila,Taxila,139,Cultural,(iii),1,PAK,Asia and the Pacific,Unknown,,,1980,1980s,45,False,False,0,True,17,Urban,https://whc.unesco.org/en/list/139,"From the ancient Neolithic tumulus of Saraikala to the ramparts of Sirkap (2nd century B.C.) and the city of Sirsukh (1st century A.D.), Taxila illustrates the different stages in the development of a city on the Indus that was alternately influenced by Persia, Greece and Central Asia and which, from the 5th century B.C. to the 2nd century A.D., was an important Buddhist centre of learning."
historical_monuments_at_makli_thatta,"Historical Monuments at Makli, Thatta",143,Cultural,(iii),1,PAK,Asia and the Pacific,Unknown,,,1981,1980s,44,False,False,0,True,1,Urban,https://whc.unesco.org/en/list/143,"The capital of three successive dynasties and later ruled by the Mughal emperors of Delhi, Thatta was constantly embellished from the 14th to the 18th century. The remains of the city and its necropolis provide a unique view of civilization in Sind."
fort_and_shalamar_gardens_in_lahore,Fort and Shalamar Gardens in Lahore,171,Cultural,(i)(ii)(iii),3,PAK,Asia and the Pacific,Unknown,,,1981,1980s,44,False,False,0,True,2,Urban,https://whc.unesco.org/en/list/171,"These are two masterpieces from the time of the brilliant Mughal civilization, which reached its height during the reign of the Emperor Shah Jahan. The fort contains marble palaces and mosques decorated with mosaics and gilt. The elegance of these splendid gardens, built near the city of Lahore on three terraces with lodges, waterfalls and large ornamental ponds, is unequalled."
darien_national_park,Darien National Park,159,Natural,(vii)(ix)(x),3,PAN,Latin America and the Caribbean,Americas,,,1981,1980s,44,False,False,579000,True,1,Coastal,https://whc.unesco.org/en/list/159,"Forming a bridge between the two continents of the New World, Darien National Park contains an exceptional variety of habitats – sandy beaches, rocky coasts, mangroves, swamps, and lowland and upland tropical forests containing remarkable wildlife. Two Indian tribes live in the park."
coiba_national_park_and_its_special_zone_of_marine_protection,Coiba National Park and its Special Zone of Marine Protection,1138,Natural,(ix)(x),2,PAN,Latin America and the Caribbean,Americas,,,2005,2000s,20,False,False,270125,True,1,Coastal,https://whc.unesco.org/en/list/1138,"Coiba National Park, off the southwest coast of Panama, protects Coiba Island, 38 smaller islands and the surrounding marine areas within the Gulf of Chiriqui. Protected from the cold winds and effects of El Niño, Coiba’s Pacific tropical moist forest maintains exceptionally high levels of endemism of mammals, birds and plants due to the ongoing evolution of new species. It is also the last refuge for a number of threatened animals such as the crested eagle. The property is an outstanding natura"
jesuit_missions_of_la_santisima_trinidad_de_parana_and_jesus_de_tavarangue,Jesuit Missions of La Santísima Trinidad de Paraná and Jesús de Tavarangue,648,Cultural,(iv),1,PRY,Latin America and the Caribbean,Americas,,,1993,1990s,32,False,False,27.88,True,2,Cultural Landscape,https://whc.unesco.org/en/list/648,"In addition to their artistic interest, these missions are a reminder of the Jesuits' Christianization of the Río de la Plata basin in the 17th and 18th centuries, with the accompanying social and economic initiatives."
chan_chan_archaeological_zone,Chan Chan Archaeological Zone,366,Cultural,(i)(iii),2,PER,Latin America and the Caribbean,Americas,,,1986,1980s,39,False,True,1414.57,True,1,Urban,https://whc.unesco.org/en/list/366,"The Chimu Kingdom, with Chan Chan as its capital, reached its apogee in the 15th century, not long before falling to the Incas. The planning of this huge city, the largest in pre-Columbian America, reflects a strict political and social strategy, marked by the city's division into nine 'citadels' or 'palaces' forming autonomous units."
huascaran_national_park,Huascarán National Park,333,Natural,(vii)(viii),2,PER,Latin America and the Caribbean,Americas,,,1985,1980s,40,False,False,340000,True,1,Mountain,https://whc.unesco.org/en/list/333,"Situated in the Cordillera Blanca, the world's highest tropical mountain range, Mount Huascarán rises to 6,768 m above sea-level. The deep ravines watered by numerous torrents, the glacial lakes and the variety of the vegetation make it a site of spectacular beauty. It is the home of such species as the spectacled bear and the Andean condor."
rio_abiseo_national_park,Río Abiseo National Park,548,Mixed,(iii)(vii)(ix)(x),4,PER,Latin America and the Caribbean,Americas,,,1990,1990s,35,False,False,272407.95,True,1,Coastal,https://whc.unesco.org/en/list/548,"The park was created in 1983 to protect the fauna and flora of the rainforests that are characteristic of this region of the Andes. There is a high level of endemism among the fauna and flora found in the park. The yellow-tailed woolly monkey, previously thought extinct, is found only in this area. Research undertaken since 1985 has already uncovered 36 previously unknown archaeological sites at altitudes of between 2,500 and 4,000 m, which give a good picture of pre-Inca society."
manu_national_park,Manú National Park,402,Natural,(ix)(x),2,PER,Latin America and the Caribbean,Americas,,,1987,1980s,38,False,False,1716295.22,True,1,Coastal,https://whc.unesco.org/en/list/402,"This huge 1.5 million-ha park has successive tiers of vegetation rising from 150 to 4,200 m above sea-level. The tropical forest in the lower tiers is home to an unrivalled variety of animal and plant species. Some 850 species of birds have been identified and rare species such as the giant otter and the giant armadillo also find refuge there. Jaguars are often sighted in the park."
historic_city_of_vigan,Historic City of Vigan,502,Cultural,(ii)(iv),2,PHL,Asia and the Pacific,Unknown,,,1999,1990s,26,False,False,17.25,True,1,Urban,https://whc.unesco.org/en/list/502,"Established in the 16th century, Vigan is the best-preserved example of a planned Spanish colonial town in Asia. Its architecture reflects the coming together of cultural elements from elsewhere in the Philippines, from China and from Europe, resulting in a culture and townscape that have no parallel anywhere in East and South-East Asia."
rice_terraces_of_the_philippine_cordilleras,Rice Terraces of the Philippine Cordilleras,722,Cultural,(iii)(iv)(v),3,PHL,Asia and the Pacific,Unknown,,,1995,1990s,30,False,False,0,True,5,Mountain,https://whc.unesco.org/en/list/722,"For 2,000 years, the high rice fields of the Ifugao have followed the contours of the mountains. The fruit of knowledge handed down from one generation to the next, and the expression of sacred traditions and a delicate social balance, they have helped to create a landscape of great beauty that expresses the harmony between humankind and the environment."
churches_of_peace_in_jawor_and_swidnica,Churches of Peace in Jawor and Świdnica,1054,Cultural,(iii)(iv),2,POL,Europe and North America,Europe,,,2001,2000s,24,False,False,0.23,True,2,Cultural Landscape,https://whc.unesco.org/en/list/1054,"The Churches of Peace in Jawor and Świdnica, the largest timber-framed religious buildings in Europe, were built in the former Silesia in the mid-17th century, amid the religious strife that followed the Peace of Westphalia. Constrained by the physical and political conditions, the Churches of Peace bear testimony to the quest for religious freedom and are a rare expression of Lutheran ideology in an idiom generally associated with the Catholic Church."
centennial_hall_in_wroclaw,Centennial Hall in Wrocław,1165,Cultural,(i)(ii)(iv),3,POL,Europe and North America,Europe,,,2006,2000s,19,False,False,36.69,True,1,Coastal,https://whc.unesco.org/en/list/1165,"The Centennial Hall, a landmark in the history of reinforced concrete architecture, was erected in 1911-1913 by the architect Max Berg as a multi-purpose recreational building, situated in the Exhibition Grounds. In form it is a symmetrical quatrefoil with a vast circular central space that can seat some 6,000 persons. The 23m-high dome is topped with a lantern in steel and glass. The Centennial Hall is a pioneering work of modern engineering and architecture, which exhibits an important interch"
historic_centre_of_krakow,Historic Centre of Kraków,29,Cultural,(iv),1,POL,Europe and North America,Europe,,,1978,1970s,47,False,False,149.65,True,1,Urban,https://whc.unesco.org/en/list/29,"The Historic Centre of Kraków, the former capital of Poland, is situated at the foot of the Royal Wawel Castle. The 13th-century merchants' town has Europe's largest market square and numerous historical houses, palaces and churches with their magnificent interiors. Further evidence of the town's fascinating history is provided by the remnants of the 14th-century fortifications and the medieval site of Kazimierz with its ancient synagogues in the southern part of town, Jagellonian University and"
historic_centre_of_warsaw,Historic Centre of Warsaw,30,Cultural,(ii),1,POL,Europe and North America,Europe,,,1980,1980s,45,False,False,25.93,True,1,Urban,https://whc.unesco.org/en/list/30,"During the Warsaw Uprising in August 1944, more than 85% of Warsaw's historic centre was destroyed by Nazi troops. After the war, a five-year reconstruction campaign by its citizens resulted in today's meticulous restoration of the Old Town, with its churches, palaces and market-place. It is an outstanding example of a near-total reconstruction of a span of history covering the 13th to the 20th century."
tarnowskie_gory_lead_silver_zinc_mine_and_its_underground_water_management_system,Tarnowskie Góry Lead-Silver-Zinc Mine and its Underground Water Management System,1539,Cultural,(i)(ii)(iv),3,POL,Europe and North America,Europe,,,2017,2010s,8,False,False,1672.76,True,1,Urban,https://whc.unesco.org/en/list/1539,"Located in Upper Silesia, in southern Poland, one of the main mining areas of central Europe, the property includes the entire underground mine with adits, shafts, galleries and other features of the water management system. Most of the property is situated underground while the surface mining topography features relics of shafts and waste heaps, as well as the remains of the 19th century steam water pumping station. The elements of the water management system, located underground and on the sur"
krzemionki_prehistoric_striped_flint_mining_region,Krzemionki Prehistoric Striped Flint Mining Region,1599,Cultural,(iii)(iv),2,POL,Europe and North America,Europe,,,2019,2010s,6,False,False,349.2,True,4,Mountain,https://whc.unesco.org/en/list/1599,"Located in the mountain region of Świętokrzyskie, Krzemionki is an ensemble of four mining sites, dating from the Neolithic to the Bronze Age (about 3900 to 1600 BCE), dedicated to the extraction and processing of striped flint, which was mainly used for axe-making. With its underground mining structures, flint workshops and some 4,000 shafts and pits, the property features one of the most comprehensive prehistoric underground flint extraction and processing systems identified to date. The prope"
medieval_town_of_torun,Medieval Town of Toruń,835,Cultural,(ii)(iv),2,POL,Europe and North America,Europe,,,1997,1990s,28,False,False,48,True,1,Coastal,https://whc.unesco.org/en/list/835,"Torun owes its origins to the Teutonic Order, which built a castle there in the mid-13th century as a base for the conquest and evangelization of Prussia. It soon developed a commercial role as part of the Hanseatic League. In the Old and New Town, the many imposing public and private buildings from the 14th and 15th centuries (among them the house of Copernicus) are striking evidence of Torun's importance."
wooden_churches_of_southern_malopolska,Wooden Churches of Southern Małopolska,1053,Cultural,(iii)(iv),2,POL,Europe and North America,Europe,,,2003,2000s,22,False,False,8.26,True,6,Urban,https://whc.unesco.org/en/list/1053,"The wooden churches of southern Little Poland represent outstanding examples of the different aspects of medieval church-building traditions in Roman Catholic culture. Built using the horizontal log technique, common in eastern and northern Europe since the Middle Ages, these churches were sponsored by noble families and became status symbols. They offered an alternative to the stone structures erected in urban centres."
wieliczka_and_bochnia_royal_salt_mines,Wieliczka and Bochnia Royal Salt Mines,32,Cultural,(iv),1,POL,Europe and North America,Europe,,,1978,1970s,47,False,False,1104.947,True,3,Cultural Landscape,https://whc.unesco.org/en/list/32,The deposit of rock salt in Wieliczka and Bochnia has been mined since the 13th century. This major industrial undertaking has royal status and is the oldest of its type in Europe. The site is a serial property consisting of Wieliczka and Bochnia salt mines and Wieliczka Saltworks Castle. The Wieliczka and Bochnia Royal Salt Mines illustrate the historic stages of the development of mining techniques in Europe from the 13th to the 20th centuries: both mines have hundreds of kilometers of galleri
central_zone_of_the_town_of_angra_do_heroismo_in_the_azores,Central Zone of the Town of Angra do Heroismo in the Azores,206,Cultural,(iv),1,PRT,Europe and North America,Europe,,,1983,1980s,42,False,False,0,True,1,Coastal,https://whc.unesco.org/en/list/206,"Situated on one of the islands in the Azores archipelago, this was an obligatory port of call from the 15th century until the advent of the steamship in the 19th century. The 400-year-old San Sebastião and San João Baptista fortifications are unique examples of military architecture. Damaged by an earthquake in 1980, Angra is now being restored."
alto_douro_wine_region,Alto Douro Wine Region,1046,Cultural,(iii)(iv)(v),3,PRT,Europe and North America,Europe,,,2001,2000s,24,False,False,24600,True,1,Cultural Landscape,https://whc.unesco.org/en/list/1046,"Wine has been produced by traditional landholders in the Alto Douro region for some 2,000 years. Since the 18th century, its main product, port wine, has been world famous for its quality. This long tradition of viticulture has produced a cultural landscape of outstanding beauty that reflects its technological, social and economic evolution."
cultural_landscape_of_sintra,Cultural Landscape of Sintra,723,Cultural,(ii)(iv)(v),3,PRT,Europe and North America,Europe,,,1995,1990s,30,False,False,946,True,1,Cultural Landscape,https://whc.unesco.org/en/list/723,"In the 19th century Sintra became the first centre of European Romantic architecture. Ferdinand II turned a ruined monastery into a castle where this new sensitivity was displayed in the use of Gothic, Egyptian, Moorish and Renaissance elements and in the creation of a park blending local and exotic species of trees. Other fine dwellings, built along the same lines in the surrounding serra , created a unique combination of parks and gardens which influenced the development of landscape architect"
garrison_border_town_of_elvas_and_its_fortifications,Garrison Border Town of Elvas and its Fortifications,1367,Cultural,(iv),1,PRT,Europe and North America,Europe,,,2012,2010s,13,False,False,179.3559,True,7,Urban,https://whc.unesco.org/en/list/1367,"The site, extensively fortified from the 17th to 19th centuries, represents the largest bulwarked dry-ditch system in the world. Within its walls, the town contains barracks and other military buildings as well as churches and monasteries. While Elvas contains remains dating back to the 10th century ad, its fortification began when Portugal regained independence in 1640. The fortifications designed by Dutch Jesuit padre Cosmander represent the best surviving example of the Dutch school of fortif"
historic_centre_of_guimaraes_and_couros_zone,Historic Centre of Guimarães and Couros Zone,1031,Cultural,(ii)(iii)(iv),3,PRT,Europe and North America,Europe,,,2001,2000s,24,False,False,38.2,True,1,Urban,https://whc.unesco.org/en/list/1031,"The historic town of Guimarães is associated with the emergence of the Portuguese national identity in the 12th century. An exceptionally well-preserved and authentic example of the evolution of a medieval settlement into a modern town, its rich building typology exemplifies the specific development of Portuguese architecture from the 15th to 19th century through the consistent use of traditional building materials and techniques. The property includes two monastic complexes and an industrial ar"
laurisilva_of_madeira,Laurisilva of Madeira,934,Natural,(ix)(x),2,PRT,Europe and North America,Europe,,,1999,1990s,26,False,False,15000,True,1,Forest,https://whc.unesco.org/en/list/934,"The Laurisilva of Madeira is an outstanding relict of a previously widespread laurel forest type. It is the largest surviving area of laurel forest and is believed to be 90% primary forest. It contains a unique suite of plants and animals, including many endemic species such as the Madeiran long-toed pigeon."
monastery_of_batalha,Monastery of Batalha,264,Cultural,(i)(ii),2,PRT,Europe and North America,Europe,,,1983,1980s,42,False,False,0.98,True,1,Cultural Landscape,https://whc.unesco.org/en/list/264,"The Monastery of the Dominicans of Batalha was built to commemorate the victory of the Portuguese over the Castilians at the battle of Aljubarrota in 1385. It was to be the Portuguese monarchy's main building project for the next two centuries. Here a highly original, national Gothic style evolved, profoundly influenced by Manueline art, as demonstrated by its masterpiece, the Royal Cloister."
prehistoric_rock_art_sites_in_the_coa_valley_and_siega_verde,Prehistoric Rock Art Sites in the Côa Valley and Siega Verde,866,Cultural,(i)(iii),2,"ESP, PRT",Europe and North America,Europe,,,1998,1990s,27,True,False,,True,17,River/Valley,https://whc.unesco.org/en/list/866,"The two Prehistoric Rock Art Sites in the Côa Valley (Portugal) and Siega Verde (Spain) are located on the banks of the rivers Agueda and Côa, tributaries of the river Douro, documenting continuous human occupation from the end of the Paleolithic Age. Hundreds of panels with thousands of animal figures (5,000 in Foz Côa and around 440 in Siega Verde) were carved over several millennia, representing the most remarkable open-air ensemble of Paleolithic art on the Iberian Peninsula. Côa Valley and "
al_zubarah_archaeological_site,Al Zubarah Archaeological Site,1402,Cultural,(iii)(iv)(v),3,QAT,Arab States,Asia,,,2013,2010s,12,False,False,415.66,True,1,Coastal,https://whc.unesco.org/en/list/1402,"The walled coastal town of Al Zubarah in the Persian Gulf flourished as a pearling and trading centre in the late 18th century and early 19th centuries, before it was destroyed in 1811 and abandoned in the early 1900s. Founded by merchants from Kuwait, Al Zubarah had trading links across the Indian Ocean, Arabia and Western Asia. A layer of sand blown from the desert has protected the remains of the site’s palaces, mosques, streets, courtyard houses, and fishermen’s huts; its harbour and double "
gyeongju_historic_areas,Gyeongju Historic Areas,976,Cultural,(ii)(iii),2,KOR,Asia and the Pacific,Unknown,,,2000,2000s,25,False,False,2880,True,5,Cultural Landscape,https://whc.unesco.org/en/list/976,"The Gyeongju Historic Areas contain a remarkable concentration of outstanding examples of Korean Buddhist art, in the form of sculptures, reliefs, pagodas, and the remains of temples and palaces from the flowering, in particular between the 7th and 10th centuries, of this form of unique artistic expression."
historic_villages_of_korea_hahoe_and_yangdong,Historic Villages of Korea: Hahoe and Yangdong,1324,Cultural,(iii)(iv),2,KOR,Asia and the Pacific,Unknown,,,2010,2010s,15,False,False,599.6,True,5,Mountain,https://whc.unesco.org/en/list/1324,"Founded in the 14th-15th centuries, Hahoe and Yangdong are seen as the two most representative historic clan villages in the Republic of Korea. Their layout and location - sheltered by forested mountains and facing out onto a river and open agricultural fields – reflect the distinctive aristocratic Confucian culture of the early part of the Joseon Dynasty (1392-1910). The villages were located to provide both physical and spiritual nourishment from their surrounding landscapes. They include resi"
haeinsa_temple_janggyeong_panjeon_the_depositories_for_the_i_tripitaka_koreana_i_woodblocks,"Haeinsa Temple Janggyeong Panjeon, the Depositories for the <I>Tripitaka Koreana</I> Woodblocks",737,Cultural,(iv),1,KOR,Asia and the Pacific,Unknown,,,1995,1990s,30,False,False,0,True,1,Cultural Landscape,https://whc.unesco.org/en/list/737,"The Temple of Haeinsa, on Mount Gaya, is home to the Tripitaka Koreana , the most complete collection of Buddhist texts, engraved on 80,000 woodblocks between 1237 and 1248. The buildings of Janggyeong Panjeon, which date from the 15th century, were constructed to house the woodblocks, which are also revered as exceptional works of art. As the oldest depository of the Tripitaka , they reveal an astonishing mastery of the invention and implementation of the conservation techniques used to preserv"
namhansanseong,Namhansanseong,1439,Cultural,(ii)(iv),2,KOR,Asia and the Pacific,Unknown,,,2014,2010s,11,False,False,409.06,True,2,Mountain,https://whc.unesco.org/en/list/1439,"Namhansanseong was designed as an emergency capital for the Joseon dynasty (1392–1910), in a mountainous site 25 km south-east of Seoul. Built and defended by Buddhist monk-soldiers, it could accommodate 4,000 people and fulfilled important administrative and military functions. Its earliest remains date from the 7th century, but it was rebuilt several times, notably in the early 17th century in anticipation of an attack from the Sino-Manchu Qing dynasty. The city embodies a synthesis of the def"
churches_of_moldavia,Churches of Moldavia,598,Cultural,(i)(iv),2,ROU,Europe and North America,Europe,,,1993,1990s,32,False,False,,True,8,Cultural Landscape,https://whc.unesco.org/en/list/598,"These eight churches of northern Moldavia, built from the late 15th century to the late 16th century, their external walls covered in fresco paintings, are masterpieces inspired by Byzantine art. They are authentic and particularly well preserved. Far from being mere wall decorations, the paintings form a systematic covering on all the facades and represent complete cycles of religious themes.Their exceptional composition, the elegance of the characters, and the harmony of the colors blend perfe"
dacian_fortresses_of_the_orastie_mountains,Dacian Fortresses of the Orastie Mountains,906,Cultural,(ii)(iii)(iv),3,ROU,Europe and North America,Europe,,,1999,1990s,26,False,False,0,True,6,Cultural Landscape,https://whc.unesco.org/en/list/906,"Built in the 1st centuries B.C. and A.D. under Dacian rule, these fortresses show an unusual fusion of military and religious architectural techniques and concepts from the classical world and the late European Iron Age. The six defensive works, the nucleus of the Dacian Kingdom, were conquered by the Romans at the beginning of the 2nd century A.D.; their extensive and well-preserved remains stand in spectacular natural surroundings and give a dramatic picture of a vigorous and innovative civili"
danube_delta,Danube Delta,588,Natural,(vii)(x),2,ROU,Europe and North America,Europe,,,1991,1990s,34,False,False,312440,True,1,Coastal,https://whc.unesco.org/en/list/588,"The waters of the Danube, which flow into the Black Sea, form the largest and best preserved of Europe's deltas. The Danube delta hosts over 300 species of birds as well as 45 freshwater fish species in its numerous lakes and marshes."
frontiers_of_the_roman_empire_dacia,Frontiers of the Roman Empire – Dacia,1718,Cultural,(ii)(iii)(iv),3,ROU,Europe and North America,Europe,,,2024,2020s,1,False,False,1491.6,True,277,River/Valley,https://whc.unesco.org/en/list/1718,"From 500 BCE on, the Roman Empire extended its territory across parts of Europe and North Africa until its frontier totaled some 7,500 kilometres by the 2nd century. The Romanian segment, the Dacian Limes, was operational from 106 to 271 CE. The property comprises 277 component parts and represents the longest, most complex land border of a former Roman province in Europe. Traversing diverse landscapes, it is defined by a network of individual sites that include legionary fortresses, auxiliary f"
central_sikhote_alin,Central Sikhote-Alin,766,Natural,(x),1,RUS,Europe and North America,Europe,,,2001,2000s,24,False,False,1566818,True,3,Mountain,https://whc.unesco.org/en/list/766,"The Sikhote-Alin mountain range contains one of the richest and most unusual temperate forests of the world. In this mixed zone between taiga and subtropics, southern species such as the tiger and Himalayan bear cohabit with northern species such as the brown bear and lynx. After its extension in 2018, the property includes the Bikin River Valley, located about 100 km to the north of the existing site. It encompasses the South-Okhotsk dark coniferous forests and the East-Asian coniferous broadle"
bolgar_historical_and_archaeological_complex,Bolgar Historical and Archaeological Complex,981,Cultural,(ii),1,RUS,Europe and North America,Europe,,,2014,2010s,11,False,False,424,True,2,Urban,https://whc.unesco.org/en/list/981,"This property lies on the shores of the Volga River, south of its confluence with the River Kama, and south of the capital of Tatarstan, Kazan. It contains evidence of the medieval city of Bolgar, an early settlement of the civilization of Volga-Bolgars, which existed between the 7th and 15th centuries AD, and was the first capital of the Golden Horde in the 13th century. Bolgar represents the historical cultural exchanges and transformations of Eurasia over several centuries that played a pivot"
astronomical_observatories_of_kazan_federal_university,Astronomical Observatories of Kazan Federal University,1678,Cultural,(ii)(iv),2,RUS,Europe and North America,Europe,,,2023,2020s,2,False,False,19.02,True,2,Forest,https://whc.unesco.org/en/list/1678,"The property is comprised of two component parts: one in the historical centre of Kazan and the other in a forested suburban area west of the city. The Kazan City Astronomical Observatory, built in 1837, is located on the University campus and the building is characterized by a semi-circular façade and three towers with domes built to house astronomical instruments. The suburban Engelhardt Astronomical Observatory includes structures for sky observations and residential buildings, all located wi"
ensemble_of_the_novodevichy_convent,Ensemble of the Novodevichy Convent,1097,Cultural,(i)(iv),2,RUS,Europe and North America,Europe,,,2004,2000s,21,False,False,5.18,True,1,Urban,https://whc.unesco.org/en/list/1097,"The Novodevichy Convent, in south-western Moscow, built in the 16th and 17th centuries in the so-called Moscow Baroque style, was part of a chain of monastic ensembles that were integrated into the defence system of the city. The convent was directly associated with the political, cultural and religious history of Russia, and closely linked to the Moscow Kremlin. It was used by women of the Tsar’s family and the aristocracy. Members of the Tsar’s family and entourage were also buried in its ceme"
golden_mountains_of_altai,Golden Mountains of Altai,768,Natural,(x),1,RUS,Europe and North America,Europe,,,1998,1990s,27,False,False,1611457,True,3,Mountain,https://whc.unesco.org/en/list/768,"The Altai mountains in southern Siberia form the major mountain range in the western Siberia biogeographic region and provide the source of its greatest rivers – the Ob and the Irtysh. Three separate areas are inscribed: Altaisky Zapovednik and a buffer zone around Lake Teletskoye; Katunsky Zapovednik and a buffer zone around Mount Belukha; and the Ukok Quiet Zone on the Ukok plateau. The total area covers 1,611,457 ha. The region represents the most complete sequence of altitudinal vegetation z"
historic_monuments_of_novgorod_and_surroundings,Historic Monuments of Novgorod and Surroundings,604,Cultural,(ii)(iv),2,RUS,Europe and North America,Europe,,,1992,1990s,33,False,False,0,True,11,Cultural Landscape,https://whc.unesco.org/en/list/604,"Situated on the ancient trade route between Central Asia and northern Europe, Novgorod was Russia's first capital in the 9th century. Surrounded by churches and monasteries, it was a centre for Orthodox spirituality as well as Russian architecture. Its medieval monuments and the 14th-century frescoes of Theophanes the Greek (Andrei Rublev's teacher) illustrate the development of its remarkable architecture and cultural creativity."
historical_centre_of_the_city_of_yaroslavl,Historical Centre of the City of Yaroslavl,1170,Cultural,(ii)(iv),2,RUS,Europe and North America,Europe,,,2005,2000s,20,False,False,110,True,1,Urban,https://whc.unesco.org/en/list/1170,"Situated at the confluence of the Volga and Kotorosl Rivers some 250 km north-east of Moscow, the historic city of Yaroslavl developed into a major commercial centre from the 11th century. It is renowned for its numerous 17th-century churches and is an outstanding example of the urban planning reform Empress Catherine the Great ordered for the whole of Russia in 1763. While keeping some of its significant historic structures, the town was renovated in the neoclassical style on a radial urban mas"
historic_centre_of_saint_petersburg_and_related_groups_of_monuments,Historic Centre of Saint Petersburg and Related Groups of Monuments,540,Cultural,(i)(ii)(iv),3,RUS,Europe and North America,Europe,,,1990,1990s,35,False,False,3934.1,True,112,Urban,https://whc.unesco.org/en/list/540,"The 'Venice of the North', with its numerous canals and more than 400 bridges, is the result of a vast urban project begun in 1703 under Peter the Great. Later known as Leningrad (in the former USSR), the city is closely associated with the October Revolution. Its architectural heritage reconciles the very different Baroque and pure neoclassical styles, as can be seen in the Admiralty, the Winter Palace, the Marble Palace and the Hermitage."
kremlin_and_red_square_moscow,"Kremlin and Red Square, Moscow",545,Cultural,(i)(ii)(iv),3,RUS,Europe and North America,Europe,,,1990,1990s,35,False,False,42.1,True,1,Cultural Landscape,https://whc.unesco.org/en/list/545,"Inextricably linked to all the most important historical and political events in Russia since the 13th century, the Kremlin (built between the 14th and 17th centuries by outstanding Russian and foreign architects) was the residence of the Great Prince and also a religious centre. At the foot of its ramparts, on Red Square, St Basil's Basilica is one of the most beautiful Russian Orthodox monuments."
lena_pillars_nature_park,Lena Pillars Nature Park,1299,Natural,(viii),1,RUS,Europe and North America,Europe,,,2012,2010s,13,False,False,1387000,True,2,River/Valley,https://whc.unesco.org/en/list/1299,Lena Pillars Nature Park is marked by spectacular rock pillars that reach a height of approximately 100 m along the banks of the Lena River in the central part of the Sakha Republic (Yakutia). They were produced by the region’s extreme continental climate with an annual temperature range of almost 100 degrees Celsius (from –60 °C in winter to +40 °C in summer). The pillars form rocky buttresses isolated from each other by deep and steep gullies developed by frost shattering directed along interv
natural_system_of_wrangel_island_reserve,Natural System of Wrangel Island Reserve,1023,Natural,(ix)(x),2,RUS,Europe and North America,Europe,,,2004,2000s,21,False,False,1916300,True,1,Mountain,https://whc.unesco.org/en/list/1023,"Located well above the Arctic Circle, the site includes the mountainous Wrangel Island (7,608 km2), Herald Island (11 km2) and surrounding waters. Wrangel was not glaciated during the Quaternary Ice Age, resulting in exceptionally high levels of biodiversity for this region. The island boasts the world’s largest population of Pacific walrus and the highest density of ancestral polar bear dens. It is a major feeding ground for the grey whale migrating from Mexico and the northernmost nesting grou"
volcanoes_of_kamchatka,Volcanoes of Kamchatka,765,Natural,(vii)(viii)(ix)(x),4,RUS,Europe and North America,Europe,,,1996,1990s,29,False,False,3995769.37,True,6,Coastal,https://whc.unesco.org/en/list/765,"This is one of the most outstanding volcanic regions in the world, with a high density of active volcanoes, a variety of types, and a wide range of related features. The six sites included in the serial designation group together the majority of volcanic features of the Kamchatka peninsula. The interplay of active volcanoes and glaciers forms a dynamic landscape of great beauty. The sites contain great species diversity, including the world's largest known variety of salmonoid fish and exception"
putorana_plateau,Putorana Plateau,1234,Natural,(vii)(ix),2,RUS,Europe and North America,Europe,,,2010,2010s,15,False,False,1887251,True,1,Mountain,https://whc.unesco.org/en/list/1234,"This site coincides with the area of the Putoransky State Nature Reserve, and is located in the central part of the Putorana Plateau in northern Central Siberia. It is situated about 100 km north of the Arctic Circle. The part of the plateau inscribed on the World Heritage List harbours a complete set of subarctic and arctic ecosystems in an isolated mountain range, including pristine taiga, forest tundra, tundra and arctic desert systems, as well as untouched cold-water lake and river systems. "
uruq_bani_maarid,‘Uruq Bani Ma’arid,1699,Natural,(vii)(ix),2,SAU,Arab States,Asia,,,2023,2020s,2,False,False,1276500,True,1,Desert,https://whc.unesco.org/en/list/1699,"The property encompasses the western part of the greatest expanse of windblown sand on Earth, known as Ar Rub' al-KhaIi, and conserves a portion of one of the Earth’s most spectacular desert landscapes. The varied topography of the property creates a wide range of ecosystems. The site is globally notable due to the reintroduction of iconic desert animals, including the Arabian Oryx (Oryx leucoryx) and Arabian Sand Gazelle (Gazella marica). In the case of the oryx, this was after decades of extin"
san_marino_historic_centre_and_mount_titano,San Marino Historic Centre and Mount Titano,1245,Cultural,(iii),1,SMR,Europe and North America,Europe,,,2008,2000s,17,False,False,55,True,1,Urban,https://whc.unesco.org/en/list/1245,"San Marino Historic Centre and Mount Titano covers 55 ha, including Mount Titano and the historic centre of the city which dates back to the foundation of the republic as a city-state in the 13th century. San Marino is inscribed as a testimony to the continuity of a free republic since the Middle Ages. The inscribed city centre includes fortification towers, walls, gates and bastions, as well as a neo-classical basilica of the 19th century, 14th and 16th century convents, and the Palazzo Publico"
rock_art_in_the_hail_region_of_saudi_arabia,Rock Art in the Hail Region of Saudi Arabia,1472,Cultural,(i)(iii),2,SAU,Arab States,Asia,,,2015,2010s,10,False,False,2043.8,True,2,Desert,https://whc.unesco.org/en/list/1472,This property includes two components situated in a desert landscape: Jabel Umm Sinman at Jubbah and the Jabal al-Manjor and Raat at Shuwaymis. A lake once situated at the foot of the Umm Sinman hill range that has now disappeared used to be a source of fresh water for people and animals in the southern part of the Great Narfoud Desert. The ancestors of today’s Arab populations have left traces of their passages in numerous petroglyphs and inscriptions on the rock face. Jabal al-Manjor and Raat 
island_of_saint_louis,Island of Saint-Louis,956,Cultural,(ii)(iv),2,SEN,Africa,Africa,,,2000,2000s,25,False,False,0,True,1,Coastal,https://whc.unesco.org/en/list/956,"Founded as a French colonial settlement in the 17th century, Saint-Louis was urbanised in the mid-19th century. It was the capital of Senegal from 1872 to 1957 and played an important cultural and economic role in the whole of West Africa. The location of the town on an island at the mouth of the Senegal River, its regular town plan, the system of quays, and the characteristic colonial architecture give Saint-Louis its distinctive appearance and identity."
stari_ras_and_sopocani,Stari Ras and Sopoćani,96,Cultural,(i)(iii),2,SRB,Europe and North America,Europe,,,1979,1970s,46,False,False,198.72,True,4,Cultural Landscape,https://whc.unesco.org/en/list/96,"On the outskirts of Stari Ras, the first capital of Serbia, there is an impressive group of medieval monuments consisting of fortresses, churches and monasteries. The monastery at Sopoćani is a reminder of the contacts between Western civilization and the Byzantine world."
bardejov_town_conservation_reserve,Bardejov Town Conservation Reserve,973,Cultural,(iii)(iv),2,SVK,Europe and North America,Europe,,,2000,2000s,25,False,False,23.6,True,1,Urban,https://whc.unesco.org/en/list/973,"Bardejov is a small but exceptionally complete and well-preserved example of a fortified medieval town, which typifies the urbanisation in this region. Among other remarkable features, it also contains a small Jewish quarter around a fine 18th-century synagogue."
the_emergence_of_modern_human_behaviour_the_pleistocene_occupation_sites_of_south_africa,The Emergence of Modern Human Behaviour: The Pleistocene Occupation Sites of South Africa,1723,Cultural,(iii)(iv)(v),3,ZAF,Africa,Africa,,,2024,2020s,1,False,False,57.4,True,3,Cultural Landscape,https://whc.unesco.org/en/list/1723,"This serial property contributes to the understanding of the origin of behaviourally modern humans, their cognitive abilities and cultures, and the climatic transitions that they survived. It is composed of three dispersed archaeological sites, Diepkloof Rock Shelter, Pinnacle Point Site Complex, and Sibhudu Cave, located in the Western Cape and KwaZulu-Natal provinces of South Africa. These sites provide the most varied and best-preserved record known of the development of modern human behaviou"
barberton_makhonjwa_mountains,Barberton Makhonjwa Mountains,1575,Natural,(viii),1,ZAF,Africa,Africa,,,2018,2010s,7,False,False,113137,True,1,Mountain,https://whc.unesco.org/en/list/1575,"Situated in north-eastern South Africa, the Barberton Makhonjwa Mountains comprises 40% of the Barberton Greenstone Belt, one of the world’s oldest geological structures. The property represents the best-preserved succession of volcanic and sedimentary rock dating back 3.6 to 3.25 billion years and forms a diverse repository of information on surface conditions, meteorite impacts, volcanism, continent-building processes and the environment of early life."
the_works_of_joze_plecnik_in_ljubljana_human_centred_urban_design,The works of Jože Plečnik in Ljubljana – Human Centred Urban Design,1643,Cultural,(iv),1,SVN,Europe and North America,Europe,,,2021,2020s,4,False,False,19.138,True,7,Urban,https://whc.unesco.org/en/list/1643,"The works Jože Plečnik carried in Ljubljana between World War I and World War II present an example of a human centred urban design that successively changed the identity of the city following the dissolution of the Austro-Hungarian Empire, when it changed from a provincial city into the symbolic capital of the Slovenian people. The architect Jože Plečnik contributed to this transformation with his personal, profoundly human vision for the city, based on an architectural dialogue with the older "
fossil_hominid_sites_of_south_africa,Fossil Hominid Sites of South Africa,915,Cultural,(iii),1,ZAF,Africa,Africa,,,1999,1990s,26,False,False,0,True,3,River/Valley,https://whc.unesco.org/en/list/915,"The Taung Skull Fossil Site, part of the extension to the site inscribed in 1999, is the place where in 1924 the celebrated Taung Skull – a specimen of the species Australopithecus africanus – was found. Makapan Valley, also in the site, features in its many archaeological caves traces of human occupation and evolution dating back some 3.3 million years. The area contains essential elements that define the origin and evolution of humanity. Fossils found there have enabled the identification of s"
robben_island,Robben Island,916,Cultural,(iii),1,ZAF,Africa,Africa,,,1999,1990s,26,False,False,475,True,1,Coastal,https://whc.unesco.org/en/list/916,"Robben Island was used at various times between the 17th and 20th centuries as a prison, a hospital for socially unacceptable groups and a military base. Its buildings, particularly those of the late 20th century such as the maximum security prison for political prisoners, witness the triumph of democracy and freedom over oppression and racism."
mapungubwe_cultural_landscape,Mapungubwe Cultural Landscape,1099,Cultural,(ii)(iii)(iv)(v),4,ZAF,Africa,Africa,,,2003,2000s,22,False,False,28168.6602,True,1,River/Valley,https://whc.unesco.org/en/list/1099,"Mapungubwe is set hard against the northern border of South Africa, joining Zimbabwe and Botswana. It is an open, expansive savannah landscape at the confluence of the Limpopo and Shashe rivers. Mapungubwe developed into the largest kingdom in the sub-continent before it was abandoned in the 14th century. What survives are the almost untouched remains of the palace sites and also the entire settlement area dependent upon them, as well as two earlier capital sites, the whole presenting an unrival"
khomani_cultural_landscape,ǂKhomani Cultural Landscape,1545,Cultural,(v),1,ZAF,Africa,Africa,,,2017,2010s,8,False,False,959100,True,1,Desert,https://whc.unesco.org/en/list/1545,"The ǂKhomani Cultural Landscape is located at the border with Botswana and Namibia in the northern part of the country, coinciding with the Kalahari Gemsbok National Park (KGNP). The large expanse of sand contains evidence of human occupation from the Stone Age to the present and is associated with the culture of the formerly nomadic ǂKhomani San people and the strategies that allowed them to adapt to harsh desert conditions. They developed a specific ethnobotanical knowledge, cultural practices"
cave_of_altamira_and_paleolithic_cave_art_of_northern_spain,Cave of Altamira and Paleolithic Cave Art of Northern Spain,310,Cultural,(i)(iii),2,ESP,Europe and North America,Europe,,,1985,1980s,40,False,False,0,True,18,Cultural Landscape,https://whc.unesco.org/en/list/310,"Seventeen decorated caves of the Paleolithic age were inscribed as an extension to the Altamira Cave, inscribed in 1985. The property will now appear on the List as Cave of Altamira and Paleolithic Cave Art of Northern Spain. The property represents the apogee of Paleolithic cave art that developed across Europe, from the Urals to the Iberian Peninusula, from 35,000 to 11,000 BC. Because of their deep galleries, isolated from external climatic influences, these caves are particularly well preser"
catalan_romanesque_churches_of_the_vall_de_boi,Catalan Romanesque Churches of the Vall de Boí,988,Cultural,(ii)(iv),2,ESP,Europe and North America,Europe,,,2000,2000s,25,False,False,7.98,True,9,Mountain,https://whc.unesco.org/en/list/988,"The narrow Vall de Boí is situated in the high Pyrénées, in the Alta Ribagorça region and is surrounded by steep mountains. Each village in the valley contains a Romanesque church, and is surrounded by a pattern of enclosed fields. There are extensive seasonally-used grazing lands on the higher slopes."
garajonay_national_park,Garajonay National Park,380,Natural,(vii)(ix),2,ESP,Europe and North America,Europe,,,1986,1980s,39,False,False,3984,True,1,Coastal,https://whc.unesco.org/en/list/380,"Laurel forest covers some 70% of this park, situated in the middle of the island of La Gomera in the Canary Islands archipelago. The presence of springs and numerous streams assures a lush vegetation resembling that of the Tertiary, which, due to climatic changes, has largely disappeared from southern Europe."
historic_city_of_toledo,Historic City of Toledo,379,Cultural,(i)(ii)(iii)(iv),4,ESP,Europe and North America,Europe,,,1986,1980s,39,False,False,259.85,True,1,Coastal,https://whc.unesco.org/en/list/379,"Successively a Roman municipium, the capital of the Visigothic Kingdom, a fortress of the Emirate of Cordoba, an outpost of the Christian kingdoms fighting the Moors and, in the 16th century, the temporary seat of supreme power under Charles V, Toledo is the repository of more than 2,000 years of history. Its masterpieces are the product of heterogeneous civilizations in an environment where the existence of three major religions – Judaism, Christianity and Islam – was a major factor."
historic_walled_town_of_cuenca,Historic Walled Town of Cuenca,781,Cultural,(ii)(v),2,ESP,Europe and North America,Europe,,,1996,1990s,29,False,False,22.79,True,4,Urban,https://whc.unesco.org/en/list/781,"Built by the Moors in a defensive position at the heart of the Caliphate of Cordoba, Cuenca is an unusually well-preserved medieval fortified city. Conquered by the Castilians in the 12th century, it became a royal town and bishopric endowed with important buildings, such as Spain's first Gothic cathedral, and the famous casas colgadas (hanging houses), suspended from sheer cliffs overlooking the Huécar river. Taking full advantage of its location, the city towers above the magnificent countrysi"
renaissance_monumental_ensembles_of_ubeda_and_baeza,Renaissance Monumental Ensembles of Úbeda and Baeza,522,Cultural,(ii)(iv),2,ESP,Europe and North America,Europe,,,2003,2000s,22,False,False,9,True,2,Urban,https://whc.unesco.org/en/list/522,"The urban morphology of the two small cities of Úbeda and Baeza in southern Spain dates back to the Moorish 9th century and to the Reconquista in the 13th century. An important development took place in the 16th century, when the cities were subject to renovation along the lines of the emerging Renaissance. This planning intervention was part of the introduction into Spain of new humanistic ideas from Italy, which went on to have a great influence on the architecture of Latin America."
risco_caido_and_the_sacred_mountains_of_gran_canaria_cultural_landscape,Risco Caido and the Sacred Mountains of Gran Canaria Cultural Landscape,1578,Cultural,(iii)(v),2,ESP,Europe and North America,Europe,,,2019,2010s,6,False,False,9425,True,1,Mountain,https://whc.unesco.org/en/list/1578,"Located in a vast mountainous area in the centre of Gran Canaria, Risco Caído comprises cliffs, ravines and volcanic formations in a landscape of rich biodiversity. The landscape includes a large number of troglodyte settlements — habitats, granaries and cisterns — whose age is proof of the presence of a pre-Hispanic culture on the island, which has evolved in isolation, from the arrival of North African Berbers, around the beginning of our era, until the first Spanish settlers in the 15th centu"
royal_monastery_of_santa_maria_de_guadalupe,Royal Monastery of Santa María de Guadalupe,665,Cultural,(iv),1,ESP,Europe and North America,Europe,,,1993,1990s,32,False,False,1.1,True,1,Cultural Landscape,https://whc.unesco.org/en/list/665,The monastery is an outstanding repository of four centuries of Spanish religious architecture. It symbolizes two significant events in world history that occurred in 1492: the Reconquest of the Iberian peninsula by the Catholic Kings and Christopher Columbus' arrival in the Americas. Its famous statue of the Virgin became a powerful symbol of the Christianization of much of the New World.
routes_of_santiago_de_compostela_i_camino_frances_i_and_routes_of_northern_spain,Routes of Santiago de Compostela: <i>Camino Francés</i> and Routes of Northern Spain,669,Cultural,(ii)(iv),2,ESP,Europe and North America,Europe,,,1993,1990s,32,False,False,,True,20,Coastal,https://whc.unesco.org/en/list/669,"A network of four Christian pilgrimage routes in northern Spain, the site is an extension of the Route of Santiago de Compostela, a serial site inscribed on the World Heritage List in 1993. The extension represents a network of almost 1,500 km: coastal, interior of the Basque Country–La Rioja, Liébana and primitive routes. It includes a built heritage of historical importance created to meet the needs of pilgrims, including cathedrals, churches, hospitals, hostels and even bridges. The extension"
teide_national_park,Teide National Park,1258,Natural,(vii)(viii),2,ESP,Europe and North America,Europe,,,2007,2000s,18,False,False,18990,True,1,Mountain,https://whc.unesco.org/en/list/1258,"Situated on the island of Tenerife, Teide National Park features the Teide-Pico Viejo stratovolcano that, at 3,718 m, is the highest peak on Spanish soil. Rising 7,500 m above the ocean floor, it is regarded as the world’s third-tallest volcanic structure and stands in a spectacular environment. The visual impact of the site is all the greater due to atmospheric conditions that create constantly changing textures and tones in the landscape and a ‘sea of clouds’ that forms a visually impressive b"
talayotic_menorca,Talayotic Menorca,1528,Cultural,(iii)(iv),2,ESP,Europe and North America,Europe,,,2023,2020s,2,False,False,3527,True,9,Coastal,https://whc.unesco.org/en/list/1528,"Located on the island of Menorca in the western Mediterranean Sea, these archaeological sites are situated in agro-pastoral landscapes. A testimony to the occupation of the island by prehistoric communities, these sites display a diversity of prehistoric settlements and burial places. The materials, forms and locations of structures dating from the Bronze Age (1600 BCE) to the Late Iron Age (123 BCE) show the evolution of a “cyclopean” architecture built with very large blocks of stone. Astronom"
santiago_de_compostela_old_town,Santiago de Compostela (Old Town),347,Cultural,(i)(ii),2,ESP,Europe and North America,Europe,,,1985,1980s,40,False,False,107.59,True,2,Urban,https://whc.unesco.org/en/list/347,"This famous pilgrimage site in north-west Spain became a symbol in the Spanish Christians' struggle against Islam. Destroyed by the Muslims at the end of the 10th century, it was completely rebuilt in the following century. With its Romanesque, Gothic and Baroque buildings, the Old Town of Santiago is one of the world's most beautiful urban areas. The oldest monuments are grouped around the tomb of St James and the cathedral, which contains the remarkable Pórtico de la Gloria."
tower_of_hercules,Tower of Hercules,1312,Cultural,(iii),1,ESP,Europe and North America,Europe,,,2009,2000s,16,False,False,233,True,1,Cultural Landscape,https://whc.unesco.org/en/list/1312,"The Tower of Hercules has served as a lighthouse and landmark at the entrance of La Coruña harbour in north-western Spain since the late 1st century A.D. when the Romans built the Farum Brigantium. The Tower, built on a 57 metre high rock, rises a further 55 metres, of which 34 metres correspond to the Roman masonry and 21 meters to the restoration directed by architect Eustaquio Giannini in the 18th century, who augmented the Roman core with two octagonal forms. Immediately adjacent to the base"
works_of_antoni_gaudi,Works of Antoni Gaudí,320,Cultural,(i)(ii)(iv),3,ESP,Europe and North America,Europe,,,1984,1980s,41,False,False,0,True,7,Cultural Landscape,https://whc.unesco.org/en/list/320,"Seven properties built by the architect Antoni Gaudí (1852–1926) in or near Barcelona testify to Gaudí’s exceptional creative contribution to the development of architecture and building technology in the late 19th and early 20th centuries. These monuments represent an eclectic, as well as a very personal, style which was given free reign in the design of gardens, sculpture and all decorative arts, as well as architecture. The seven buildings are: Parque Güell; Palacio Güell; Casa Mila; Casa Vic"
vizcaya_bridge,Vizcaya Bridge,1217,Cultural,(i)(ii),2,ESP,Europe and North America,Europe,,,2006,2000s,19,False,False,0.8595,True,1,Cultural Landscape,https://whc.unesco.org/en/list/1217,"Vizcaya Bridge straddles the mouth of the Ibaizabal estuary, west of Bilbao. It was designed by the Basque architect Alberto de Palacio and completed in 1893. The 45-m-high bridge with its span of 160 m, merges 19th-century ironworking traditions with the then new lightweight technology of twisted steel ropes. It was the first bridge in the world to carry people and traffic on a high suspended gondola and was used as a model for many similar bridges in Europe, Africa and the America only a few o"
ancient_city_of_sigiriya,Ancient City of Sigiriya,202,Cultural,(ii)(iii)(iv),3,LKA,Asia and the Pacific,Unknown,,,1982,1980s,43,False,False,0,True,1,Mountain,https://whc.unesco.org/en/list/202,"The ruins of the capital built by the parricidal King Kassapa I (477–95) lie on the steep slopes and at the summit of a granite peak standing some 180m high (the 'Lion's Rock', which dominates the jungle from all sides). A series of galleries and staircases emerging from the mouth of a gigantic lion constructed of bricks and plaster provide access to the site."
sacred_city_of_anuradhapura,Sacred City of Anuradhapura,200,Cultural,(ii)(iii),2,LKA,Asia and the Pacific,Unknown,,,1982,1980s,43,False,False,0,True,1,Forest,https://whc.unesco.org/en/list/200,"This sacred city was established around a cutting from the 'tree of enlightenment', the Buddha's fig tree, brought there in the 3rd century B.C. by Sanghamitta, the founder of an order of Buddhist nuns. Anuradhapura, a Ceylonese political and religious capital that flourished for 1,300 years, was abandoned after an invasion in 993. Hidden away in dense jungle for many years, the splendid site, with its palaces, monasteries and monuments, is now accessible once again."
birthplace_of_jesus_church_of_the_nativity_and_the_pilgrimage_route_bethlehem,"Birthplace of Jesus: Church of the Nativity and the Pilgrimage Route, Bethlehem",1433,Cultural,(iv),1,PSE,Arab States,Asia,,,2012,2010s,13,False,False,2.98,True,1,Cultural Landscape,https://whc.unesco.org/en/list/1433,"The inscribed property is situated 10 km south of Jerusalem on the site identified by Christian tradition as the birthplace of Jesus since the 2nd century. A church was first completed there in ad 339 and the edifice that replaced it after a fire in the 6th century retains elaborate floor mosaics from the original building. The site also includes Latin, Greek Orthodox, Franciscan and Armenian convents and churches, as well as bell towers, terraced gardens and a pilgrimage route."
sacred_city_of_kandy,Sacred City of Kandy,450,Cultural,(iv),1,LKA,Asia and the Pacific,Unknown,,,1988,1980s,37,False,False,0,True,1,Urban,https://whc.unesco.org/en/list/450,"This sacred Buddhist site, popularly known as the city of Senkadagalapura, was the last capital of the Sinhala kings whose patronage enabled the Dinahala culture to flourish for more than 2,500 years until the occupation of Sri Lanka by the British in 1815. It is also the site of the Temple of the Tooth Relic (the sacred tooth of the Buddha), which is a famous pilgrimage site."
saint_hilarion_monastery_tell_umm_amer,Saint Hilarion Monastery/ Tell Umm Amer,1749,Cultural,(ii)(iii),2,PSE,Arab States,Asia,,,2024,2020s,1,False,True,1.3293,True,1,Coastal,https://whc.unesco.org/en/list/1749,"Situated on the coastal dunes in Nuseirat Municipality, the ruins of Saint Hilarion Monastery/ Tell Umm Amer represent one of the earliest monastic sites in the Middle East, dating back to the 4th century. Founded by Saint Hilarion, the monastery began with solitary hermits and evolved into a coenobitic community. It was the first monastic community in the Holy Land, laying the groundwork for the spread of monastic practices in the region. The monastery occupied a strategic position at the cross"
archaeological_sites_of_the_island_of_meroe,Archaeological Sites of the Island of Meroe,1336,Cultural,(ii)(iii)(iv)(v),4,SDN,Arab States,Asia,,,2011,2010s,14,False,False,2357.36,True,4,Coastal,https://whc.unesco.org/en/list/1336,"The Archaeological Sites of the Island of Meroe, a semi-desert landscape between the Nile and Atbara rivers, was the heartland of the Kingdom of Kush, a major power from the 8th century B.C. to the 4th century A.D. The property consists of the royal city of the Kushite kings at Meroe, near the River Nile, the nearby religious site of Naqa and Musawwarat es Sufra. It was the seat of the rulers who occupied Egypt for close to a century and features, among other vestiges, pyramids, temples and dome"
sanganeb_marine_national_park_and_dungonab_bay_mukkawar_island_marine_national_park,Sanganeb Marine National Park and Dungonab Bay – Mukkawar Island Marine National Park,262,Natural,(vii)(ix)(x),3,SDN,Arab States,Asia,,,2016,2010s,9,False,False,260700,True,2,Coastal,https://whc.unesco.org/en/list/262,"The property consists of two separate areas: Sanganeb is an isolated, coral reef structure in the central Red Sea and the only atoll, 25 km off the shoreline of Sudan. The second component of the property is made up of Dungonab Bay and Mukkawar Island, situated 125 km north of Port Sudan. It includes a highly diverse system of coral reefs, mangroves, seagrass beds, beaches and islets. The site provides a habitat for populations of seabirds, marine mammals, fish, sharks, turtles and manta rays. D"
birka_and_hovgarden,Birka and Hovgården,555,Cultural,(iii)(iv),2,SWE,Europe and North America,Europe,,,1993,1990s,32,False,False,437.121,True,2,Coastal,https://whc.unesco.org/en/list/555,"The Birka archaeological site is located on Björkö Island in Lake Mälar and was occupied in the 9th and 10th centuries. Hovgården is situated on the neighbouring island of Adelsö. Together, they make up an archaeological complex which illustrates the elaborate trading networks of Viking-Age Europe and their influence on the subsequent history of Scandinavia. Birka was also important as the site of the first Christian congregation in Sweden, founded in 831 by St Ansgar."
agricultural_landscape_of_southern_oland,Agricultural Landscape of Southern Öland,968,Cultural,(iv)(v),2,SWE,Europe and North America,Europe,,,2000,2000s,25,False,False,56323,True,1,Coastal,https://whc.unesco.org/en/list/968,"The southern part of the island of Öland in the Baltic Sea is dominated by a vast limestone plateau. Human beings have lived here for some five thousand years and adapted their way of life to the physical constraints of the island. As a consequence, the landscape is unique, with abundant evidence of continuous human settlement from prehistoric times to the present day."
skogskyrkogarden,Skogskyrkogården,558,Cultural,(ii)(iv),2,SWE,Europe and North America,Europe,,,1994,1990s,31,False,False,108.08,True,1,Cultural Landscape,https://whc.unesco.org/en/list/558,"This Stockholm cemetery was created between 1917 and 1920 by two young architects, Asplund and Lewerentz, on the site of former gravel pits overgrown with pine trees. The design blends vegetation and architectural elements, taking advantage of irregularities in the site to create a landscape that is finely adapted to its function. It has had a profound influence in many countries of the world."
old_city_of_berne,Old City of Berne,267,Cultural,(iii),1,CHE,Europe and North America,Europe,,,1983,1980s,42,False,False,84.684,True,1,Urban,https://whc.unesco.org/en/list/267,"Founded in the 12th century on a hill site surrounded by the Aare River, Berne developed over the centuries in line with a an exceptionally coherent planning concept. The buildings in the Old City, dating from a variety of periods, include 15th-century arcades and 16th-century fountains. Most of the medieval town was restored in the 18th century but it has retained its original character."
ancient_city_of_aleppo,Ancient City of Aleppo,21,Cultural,(iii)(iv),2,SYR,Arab States,Asia,,,1986,1980s,39,False,True,364,True,1,Urban,https://whc.unesco.org/en/list/21,"Located at the crossroads of several trade routes from the 2nd millennium B.C., Aleppo was ruled successively by the Hittites, Assyrians, Arabs, Mongols, Mamelukes and Ottomans. The 13th-century citadel, 12th-century Great Mosque and various 17th-century madrasas, palaces, caravanserais and hammams all form part of the city's cohesive, unique urban fabric, now threatened by overpopulation."
cultural_heritage_sites_of_ancient_khuttal,Cultural Heritage Sites of Ancient Khuttal,1627,Cultural,(ii)(iii),2,TJK,Asia and the Pacific,Unknown,,,2025,2020s,0,False,False,152.409,True,11,River/Valley,https://whc.unesco.org/en/list/1627,"Ancient Khuttal was a medieval kingdom located between the Panj and Vakhsh Rivers and the Pamir piedmonts. The property includes ten sites and one monument reflecting its role from the 7th to 16th centuries in Silk Roads trade. Khuttal contributed valuable goods like salt, gold, silver, and horses, and served as a hub for cultural, religious, and technological exchanges. Its diverse archaeological remains—Buddhist temples, palaces, settlements, manufacturing centres, and caravanserais—illustrate"
proto_urban_site_of_sarazm,Proto-urban Site of Sarazm,1141,Cultural,(ii)(iii),2,TJK,Asia and the Pacific,Unknown,,,2010,2010s,15,False,False,15.93,True,1,Mountain,https://whc.unesco.org/en/list/1141,"Sarazm, which means “where the land begins”, is an archaeological site bearing testimony to the development of human settlements in Central Asia, from the 4th millennium BCE to the end of the 3rd millennium BCE. The ruins demonstrate the early development of proto-urbanization in this region. This centre of settlement, one of the oldest in Central Asia, is situated between a mountainous region suitable for cattle rearing by nomadic pastoralists, and a large valley conducive to the development of"
amphitheatre_of_el_jem,Amphitheatre of El Jem,38,Cultural,(iv),1,TUN,Arab States,Asia,,,1979,1970s,46,False,False,1.37,True,1,Cultural Landscape,https://whc.unesco.org/en/list/38,"The impressive ruins of the largest colosseum in North Africa, a huge amphitheatre which could hold up to 35,000 spectators, are found in the small village of El Jem. This 3rd-century monument illustrates the grandeur and extent of Imperial Rome."
archaeological_site_of_carthage,Archaeological Site of Carthage,37,Cultural,(ii)(iii),2,TUN,Arab States,Asia,,,1979,1970s,46,False,False,498.08,True,13,Cultural Landscape,https://whc.unesco.org/en/list/37,"Carthage was founded in the 9th century B.C. on the Gulf of Tunis. From the 6th century onwards, it developed into a great trading empire covering much of the Mediterranean and was home to a brilliant civilization. In the course of the long Punic wars, Carthage occupied territories belonging to Rome, which finally destroyed its rival in 146 B.C. A second – Roman – Carthage was then established on the ruins of the first."
djerba_testimony_to_a_settlement_pattern_in_an_island_territory,Djerba: Testimony to a settlement pattern in an island territory,1640,Cultural,(v),1,TUN,Arab States,Asia,,,2023,2020s,2,False,False,5460.477,True,30,Coastal,https://whc.unesco.org/en/list/1640,"This serial property is a testimony to a settlement pattern that developed on the island of Djerba around the 9th century CE amidst the semi-dry and water-scarce environment. Low‑density was its key characteristic: it involved the division of the island into neighbourhoods, clustered together, that were economically self-sustainable, connected to each other and to the religious and trading places of the island, through a complex network of roads. Resulting from a mixture of environmental, socio-"
medina_of_tunis,Medina of Tunis,36,Cultural,(ii)(iii)(v),3,TUN,Arab States,Asia,,,1979,1970s,46,False,False,296.41,True,1,Cultural Landscape,https://whc.unesco.org/en/list/36,"Under the Almohads and the Hafsids, from the 12th to the 16th century, Tunis was considered one of the greatest and wealthiest cities in the Islamic world. Some 700 monuments, including palaces, mosques, mausoleums, madrasas and fountains, testify to this remarkable past."
punic_town_of_kerkuane_and_its_necropolis,Punic Town of Kerkuane and its Necropolis,332,Cultural,(iii),1,TUN,Arab States,Asia,,,1985,1980s,40,False,False,0.1119,True,2,Urban,https://whc.unesco.org/en/list/332,This Phoenician city was probably abandoned during the First Punic War (c. 250 B.C.) and as a result was not rebuilt by the Romans. The remains constitute the only example of a Phoenicio-Punic city to have survived. The houses were built to a standard plan in accordance with a sophisticated notion of town planning.
great_mosque_and_hospital_of_divrigi,Great Mosque and Hospital of Divriği,358,Cultural,(i)(iv),2,TUR,Europe and North America,Europe,,,1985,1980s,40,False,False,2016,True,1,Cultural Landscape,https://whc.unesco.org/en/list/358,"This region of Anatolia was conquered by the Turks at the beginning of the 11th century. In 1228–29 Emir Ahmet Shah founded a mosque, with its adjoining hospital, at Divrigi. The mosque has a single prayer room and is crowned by two cupolas. The highly sophisticated technique of vault construction, and a creative, exuberant type of decorative sculpture – particularly on the three doorways, in contrast to the unadorned walls of the interior – are the unique features of this masterpiece of Islamic"
gobekli_tepe,Göbekli Tepe,1572,Cultural,(i)(ii)(iv),3,TUR,Europe and North America,Europe,,,2018,2010s,7,False,False,126,True,1,Mountain,https://whc.unesco.org/en/list/1572,"Located in the Germuş mountains of south-eastern Anatolia, this property presents monumental round-oval and rectangular megalithic structures erected by hunter-gatherers in the Pre-Pottery Neolithic age between 9,600 and 8,200 BCE. These monuments were probably used in connection with rituals, most likely of a funerary nature. Distinctive T-shaped pillars are carved with images of wild animals, providing insight into the way of life and beliefs of people living in Upper Mesopotamia about 11,500 "
pergamon_and_its_multi_layered_cultural_landscape,Pergamon and its Multi-Layered Cultural Landscape,1457,Cultural,(i)(ii)(iii)(iv),4,TUR,Europe and North America,Europe,,,2014,2010s,11,False,False,332.5,True,9,Urban,https://whc.unesco.org/en/list/1457,"This site rises high above the Bakirçay Plain in Turkey’s Aegean region. The acropolis of Pergamon was the capital of the Hellenistic Attalid dynasty, a major centre of learning in the ancient world. Monumental temples, theatres, stoa or porticoes, gymnasium, altar and library were set into the sloping terrain surrounded by an extensive city wall. The rock-cut Kybele Sanctuary lies to the north-west on another hill visually linked to the acropolis. Later the city became capital of the Roman prov"
historic_areas_of_istanbul,Historic Areas of Istanbul,356,Cultural,(i)(ii)(iii)(iv),4,TUR,Europe and North America,Europe,,,1985,1980s,40,False,False,765.5,True,4,Coastal,https://whc.unesco.org/en/list/356,"With its strategic location on the Bosphorus peninsula between the Balkans and Anatolia, the Black Sea and the Mediterranean, Istanbul has been associated with major political, religious and artistic events for more than 2,000 years. Its masterpieces include the ancient Hippodrome of Constantine, the 6th-century Hagia Sophia and the 16th-century Süleymaniye Mosque, all now under threat from population pressure, industrial pollution and uncontrolled urbanization."
rwenzori_mountains_national_park,Rwenzori Mountains National Park,684,Natural,(vii)(x),2,UGA,Africa,Africa,,,1994,1990s,31,False,False,99600,True,1,Mountain,https://whc.unesco.org/en/list/684,"The Rwenzori Mountains National Park covers nearly 100,000 ha in western Uganda and comprises the main part of the Rwenzori mountain chain, which includes Africa's third highest peak (Mount Margherita: 5,109 m). The region's glaciers, waterfalls and lakes make it one of Africa's most beautiful alpine areas. The park has many natural habitats of endangered species and a rich and unusual flora comprising, among other species, the giant heather."
state_historical_and_cultural_park_ancient_merv,State Historical and Cultural Park “Ancient Merv”,886,Cultural,(ii)(iii),2,TKM,Asia and the Pacific,Unknown,,,1999,1990s,26,False,False,353.24,True,25,Cultural Landscape,https://whc.unesco.org/en/list/886,"Merv is the oldest and best-preserved of the oasis-cities along the Silk Route in Central Asia. The remains in this vast oasis span 4,000 years of human history. A number of monuments are still visible, particularly from the last two millennia."
tombs_of_buganda_kings_at_kasubi,Tombs of Buganda Kings at Kasubi,1022,Cultural,(i)(iii)(iv),3,UGA,Africa,Africa,,,2001,2000s,24,False,False,26.8,True,1,Cultural Landscape,https://whc.unesco.org/en/list/1022,"The Tombs of Buganda Kings at Kasubi constitute a site embracing almost 30 ha of hillside within Kampala district. Most of the site is agricultural, farmed by traditional methods. At its core on the hilltop is the former palace of the Kabakas of Buganda, built in 1882 and converted into the royal burial ground in 1884. Four royal tombs now lie within the Muzibu Azaala Mpanga, the main building, which is circular and surmounted by a dome. It is a major example of an architectural achievement in o"
bwindi_impenetrable_national_park,Bwindi Impenetrable National Park,682,Natural,(vii)(x),2,UGA,Africa,Africa,,,1994,1990s,31,False,False,32092,True,1,Mountain,https://whc.unesco.org/en/list/682,"Located in south-western Uganda, at the junction of the plain and mountain forests, Bwindi Park covers 32,000 ha and is known for its exceptional biodiversity, with more than 160 species of trees and over 100 species of ferns. Many types of birds and butterflies can also be found there, as well as many endangered species, including the mountain gorilla."
ancient_city_of_tauric_chersonese_and_its_chora,Ancient City of Tauric Chersonese and its Chora,1411,Cultural,(ii)(v),2,UKR,Europe and North America,Europe,,,2013,2010s,12,False,False,259.3752,True,8,Coastal,https://whc.unesco.org/en/list/1411,"The site features the remains of a city founded by Dorian Greeks in the 5th century BC on the northern shores of the Black Sea. It encompasses six component sites with urban remains and agricultural lands divided into several hundreds of chora, rectangular plots of equal size. The plots supported vineyards whose production was exported by the city which thrived until the 15th century. The site features several public building complexes and residential neighbourhoods, as well as early Christian m"
faya_palaeolandscape,Faya Palaeolandscape,1735,Cultural,(iii)(iv),2,ARE,Arab States,Asia,,,2025,2020s,0,False,False,29085,True,1,Coastal,https://whc.unesco.org/en/list/1735,"Located between the Persian Gulf and Arabian Sea, the property preserves evidence of human occupation from the Middle Palaeolithic and Neolithic periods (210,000–6,000 years ago). Archaeological layers reveal how hunter-gatherers and pastoralists adapted to extreme climates, alternating between arid and rainy periods every 20,000 years. Beyond subsistence activities, early human groups utilized the site's geomorphological features for resource extraction. With diverse water sources and raw mater"
city_of_bath,City of Bath,428,Cultural,(i)(ii)(iv),3,GBR,Europe and North America,Europe,,,1987,1980s,38,False,False,2900,True,1,Urban,https://whc.unesco.org/en/list/428,"Founded by the Romans as a thermal spa, Bath became an important centre of the wool industry in the Middle Ages. In the 18th century, under George III, it developed into an elegant town with neoclassical Palladian buildings, which blend harmoniously with the Roman baths."
derwent_valley_mills,Derwent Valley Mills,1030,Cultural,(ii)(iv),2,GBR,Europe and North America,Europe,,,2001,2000s,24,False,False,1228.7,True,1,River/Valley,https://whc.unesco.org/en/list/1030,"The Derwent Valley in central England contains a series of 18th- and 19th- century cotton mills and an industrial landscape of high historical and technological interest. The modern factory owes its origins to the mills at Cromford, where Richard Arkwright's inventions were first put into industrial-scale production. The workers' housing associated with this and the other mills remains intact and illustrate the socio-economic development of the area."
dorset_and_east_devon_coast,Dorset and East Devon Coast,1029,Natural,(viii),1,GBR,Europe and North America,Europe,,,2001,2000s,24,False,False,2550,True,8,Coastal,https://whc.unesco.org/en/list/1029,"The cliff exposures along the Dorset and East Devon coast provide an almost continuous sequence of rock formations spanning the Mesozoic Era, or some 185 million years of the earth's history. The area's important fossil sites and classic coastal geomorphologic features have contributed to the study of earth sciences for over 300 years."
henderson_island,Henderson Island,487,Natural,(vii)(x),2,GBR,Europe and North America,Europe,,,1988,1980s,37,False,False,3700,True,1,Coastal,https://whc.unesco.org/en/list/487,"Henderson Island, which lies in the eastern South Pacific, is one of the few atolls in the world whose ecology has been practically untouched by a human presence. Its isolated location provides the ideal context for studying the dynamics of insular evolution and natural selection. It is particularly notable for the 10 plants and four land birds that are endemic to the island."
stonehenge_avebury_and_associated_sites,"Stonehenge, Avebury and Associated Sites",373,Cultural,(i)(ii)(iii),3,GBR,Europe and North America,Europe,,,1986,1980s,39,False,False,4985.4,True,2,Cultural Landscape,https://whc.unesco.org/en/list/373,"Stonehenge and Avebury, in Wiltshire, are among the most famous groups of megaliths in the world. The two sanctuaries consist of circles of menhirs arranged in a pattern whose astronomical significance is still being explored. These holy places and the nearby Neolithic sites are an incomparable testimony to prehistoric times."
st_kilda,St Kilda,387,Mixed,(iii)(v)(vii)(ix)(x),5,GBR,Europe and North America,Europe,,,1986,1980s,39,False,False,24201.4004,True,1,Mountain,https://whc.unesco.org/en/list/387,"This volcanic archipelago, with its spectacular landscapes, is situated off the coast of the Hebrides and comprises the islands of Hirta, Dun, Soay and Boreray. It has some of the highest cliffs in Europe, which have large colonies of rare and endangered species of birds, especially puffins and gannets. The archipelago, uninhabited since 1930, bears the evidence of more than 2,000 years of human occupation in the extreme conditions prevalent in the Hebrides. Human vestiges include built structur"
the_flow_country,The Flow Country,1722,Natural,(ix),1,GBR,Europe and North America,Europe,,,2024,2020s,1,False,False,187026,True,7,Mountain,https://whc.unesco.org/en/list/1722,"The serial property, located in the Highland Region of Scotland, is considered the most outstanding example of an actively accumulating blanket bog landscape. This peatland ecosystem, which has been accumulating for the past 9,000 years, provides a diversity of habitats home to a distinct combination of bird species and displays a remarkable diversity of features not found anywhere else on Earth. Peatlands play an important role in storing carbon and the property’s ongoing peat-forming ecologica"
serengeti_national_park,Serengeti National Park,156,Natural,(vii)(x),2,TZA,Africa,Africa,,,1981,1980s,44,False,False,1476300,True,1,Natural Landscape,https://whc.unesco.org/en/list/156,"The vast plains of the Serengeti comprise 1.5 million ha of savannah. The annual migration to permanent water holes of vast herds of herbivores (wildebeest, gazelles and zebras), followed by their predators, is one of the most impressive natural events in the world."
ruins_of_kilwa_kisiwani_and_ruins_of_songo_mnara,Ruins of Kilwa Kisiwani and Ruins of Songo Mnara,144,Cultural,(iii),1,TZA,Africa,Africa,,,1981,1980s,44,False,False,0,True,2,Coastal,https://whc.unesco.org/en/list/144,"The remains of two great East African ports admired by early European explorers are situated on two small islands near the coast. From the 13th to the 16th century, the merchants of Kilwa dealt in gold, silver, pearls, perfumes, Arabian crockery, Persian earthenware and Chinese porcelain; much of the trade in the Indian Ocean thus passed through their hands."
chaco_culture,Chaco Culture,353,Cultural,(iii),1,USA,Europe and North America,Europe,,,1987,1980s,38,False,False,14261,True,10,Urban,https://whc.unesco.org/en/list/353,"For over 2,000 years, Pueblo peoples occupied a vast region of the south-western United States. Chaco Canyon, a major centre of ancestral Pueblo culture between 850 and 1250, was a focus for ceremonials, trade and political activity for the prehistoric Four Corners area. Chaco is remarkable for its monumental public and ceremonial buildings and its distinctive architecture – it has an ancient urban ceremonial centre that is unlike anything constructed before or since. In addition to the Chaco Cu"
everglades_national_park,Everglades National Park,76,Natural,(viii)(ix)(x),3,USA,Europe and North America,Europe,,,1979,1970s,46,False,True,567017,True,1,Coastal,https://whc.unesco.org/en/list/76,"This site at the southern tip of Florida has been called 'a river of grass flowing imperceptibly from the hinterland into the sea'. The exceptional variety of its water habitats has made it a sanctuary for a large number of birds and reptiles, as well as for threatened species such as the manatee."
stone_town_of_zanzibar,Stone Town of Zanzibar,173,Cultural,(ii)(iii),2,TZA,Africa,Africa,,,2000,2000s,25,False,False,96,True,1,Coastal,https://whc.unesco.org/en/list/173,"The Stone Town of Zanzibar is a fine example of the Swahili coastal trading towns of East Africa. It retains its urban fabric and townscape virtually intact and contains many fine buildings that reflect its particular culture, which has brought together and homogenized disparate elements of the cultures of Africa, the Arab region, India, and Europe over more than a millennium."
hopewell_ceremonial_earthworks,Hopewell Ceremonial Earthworks,1689,Cultural,(i)(iii),2,USA,Europe and North America,Europe,,,2023,2020s,2,False,False,320.7,True,8,River/Valley,https://whc.unesco.org/en/list/1689,"This property is a series of eight monumental earthen enclosure complexes built between 2,000 and 1,600 years ago along the central tributaries of the Ohio River. They are the most representative surviving expressions of the Indigenous tradition now referred to as the Hopewell culture. Their scale and complexity are evidenced in precise geometric figures as well as hilltops sculpted to enclose vast, level plazas. There are alignments with the cycles of the Sun and the far more complex cycles of "
great_smoky_mountains_national_park,Great Smoky Mountains National Park,259,Natural,(vii)(viii)(ix)(x),4,USA,Europe and North America,Europe,,,1983,1980s,42,False,False,209000,True,1,Natural Landscape,https://whc.unesco.org/en/list/259,"Stretching over more than 200,000 ha, this exceptionally beautiful park is home to more than 3,500 plant species, including almost as many trees (130 natural species) as in all of Europe. Many endangered animal species are also found there, including what is probably the greatest variety of salamanders in the world. Since the park is relatively untouched, it gives an idea of temperate flora before the influence of humankind."
mammoth_cave_national_park,Mammoth Cave National Park,150,Natural,(vii)(viii)(x),3,USA,Europe and North America,Europe,,,1981,1980s,44,False,False,21191,True,1,Natural Landscape,https://whc.unesco.org/en/list/150,"Mammoth Cave National Park, located in the state of Kentucky, has the world's largest network of natural caves and underground passageways, which are characteristic examples of limestone formations. The park and its underground network of more than 560 surveyed km of passageways are home to a varied flora and fauna, including a number of endangered species."
monticello_and_the_university_of_virginia_in_charlottesville,Monticello and the University of Virginia in Charlottesville,442,Cultural,(i)(iv),2,USA,Europe and North America,Europe,,,1987,1980s,38,False,False,795.96,True,2,Cultural Landscape,https://whc.unesco.org/en/list/442,"Thomas Jefferson (1743–1826), author of the American Declaration of Independence and third president of the United States, was also a talented architect of neoclassical buildings. He designed Monticello (1769–1809), his plantation home, and his ideal 'academical village' (1817–26), which is still the heart of the University of Virginia. Jefferson's use of an architectural vocabulary based upon classical antiquity symbolizes both the aspirations of the new American republic as the inheritor of Eu"
olympic_national_park,Olympic National Park,151,Natural,(vii)(ix),2,USA,Europe and North America,Europe,,,1981,1980s,44,False,False,369659.8,True,2,Mountain,https://whc.unesco.org/en/list/151,"Located in the north-west of Washington State, Olympic National Park is renowned for the diversity of its ecosystems. Glacier-clad peaks interspersed with extensive alpine meadows are surrounded by an extensive old growth forest, among which is the best example of intact and protected temperate rainforest in the Pacific Northwest. Eleven major river systems drain the Olympic mountains, offering some of the best habitat for anadromous fish species in the country. The park also includes 100 km of "
taos_pueblo,Taos Pueblo,492,Cultural,(iv),1,USA,Europe and North America,Europe,,,1992,1990s,33,False,False,19.01,True,1,River/Valley,https://whc.unesco.org/en/list/492,"Situated in the valley of a small tributary of the Rio Grande, this adobe settlement – consisting of dwellings and ceremonial buildings – represents the culture of the Pueblo Indians of Arizona and New Mexico."
fray_bentos_industrial_landscape,Fray Bentos Industrial Landscape,1464,Cultural,(ii)(iv),2,URY,Latin America and the Caribbean,Americas,,,2015,2010s,10,False,False,273.8,True,1,Urban,https://whc.unesco.org/en/list/1464,"Located on land projecting into the Uruguay River west of the town of Fray Bentos, the industrial complex was built following the development of a factory founded in 1859 to process meat produced on the vast prairies nearby. The site illustrates the whole process of meat sourcing, processing, packing and dispatching. It includes buildings and equipment of the Liebig Extract of Meat Company, which exported meat extract and corned-beef to the European market from 1865 and the Anglo Meat Packing Pl"
the_work_of_engineer_eladio_dieste_church_of_atlantida,The work of engineer Eladio Dieste: Church of Atlántida,1612,Cultural,(iv),1,URY,Latin America and the Caribbean,Americas,,,2021,2020s,4,False,False,0.56,True,1,Coastal,https://whc.unesco.org/en/list/1612,"The Church of Atlántida with its belfry and underground baptistery is located in Estación Atlántida, 45 km away from Montevideo. Inspired by Italian paleo-Christian and medieval religious architecture, the modernistic Church complex, inaugurated in 1960, represents a novel utilization of exposed and reinforced brick. Built on rectangular plan of one single hall, the church features distinctive undulating walls supporting a similarly undulating roof, composed of a sequence of reinforced brick Gau"
historic_quarter_of_the_city_of_colonia_del_sacramento,Historic Quarter of the City of Colonia del Sacramento,747,Cultural,(iv),1,URY,Latin America and the Caribbean,Americas,,,1995,1990s,30,False,False,19,True,1,Urban,https://whc.unesco.org/en/list/747,"Founded by the Portuguese in 1680 on the Río de la Plata, the city was of strategic importance in resisting the Spanish. After being disputed for a century, it was finally lost by its founders. The well-preserved urban landscape illustrates the successful fusion of the Portuguese, Spanish and post-colonial styles."
historic_centre_of_bukhara,Historic Centre of Bukhara,602,Cultural,(ii)(iv),2,UZB,Asia and the Pacific,Unknown,,,1993,1990s,32,False,False,216,True,1,Urban,https://whc.unesco.org/en/list/602,"Bukhara, which is situated on the Silk Route, is more than 2,000 years old. It is the most complete example of a medieval city in Central Asia, with an urban fabric that has remained largely intact. Monuments of particular interest include the famous tomb of Ismail Samani, a masterpiece of 10th-century Muslim architecture, and a large number of 17th-century madrasas."
canaima_national_park,Canaima National Park,701,Natural,(vii)(viii)(ix)(x),4,VEN,Latin America and the Caribbean,Americas,,,1994,1990s,31,False,False,3000000,True,1,Mountain,https://whc.unesco.org/en/list/701,"Canaima National Park is spread over 3 million ha in south-eastern Venezuela along the border between Guyana and Brazil. Roughly 65% of the park is covered by table mountain (tepui) formations. The tepuis constitute a unique biogeological entity and are of great geological interest. The sheer cliffs and waterfalls, including the world's highest (1,000 m), form a spectacular landscape."
chief_roi_matas_domain,Chief Roi Mata’s Domain,1280,Cultural,(iii)(v),2,VUT,Asia and the Pacific,Unknown,,,2008,2000s,17,False,False,886.31,True,1,Coastal,https://whc.unesco.org/en/list/1280,"Chief Roi Mata’s Domain is the first site to be inscribed in Vanuatu. It consists of three early 17th century AD sites on the islands of Efate, Lelepa and Artok associated with the life and death of the last paramount chief, or Roi Mata, of what is now Central Vanuatu. The property includes Roi Mata’s residence, the site of his death and Roi Mata’s mass burial site. It is closely associated with the oral traditions surrounding the chief and the moral values he espoused. The site reflects the con"
ciudad_universitaria_de_caracas,Ciudad Universitaria de Caracas,986,Cultural,(i)(iv),2,VEN,Latin America and the Caribbean,Americas,,,2000,2000s,25,False,False,164.203,True,1,Cultural Landscape,https://whc.unesco.org/en/list/986,"The Ciudad Universitaria de Caracas, built to the design of the architect Carlos Raúl Villanueva, between 1940 and 1960, is an outstanding example of the Modern Movement in architecture. The university campus integrates the large number of buildings and functions into a clearly articulated ensemble, including masterpieces of modern architecture and visual arts, such as the Aula Magna with the Clouds of Alexander Calder, the Olympic Stadium, and the Covered Plaza."
samarkand_crossroad_of_cultures,Samarkand – Crossroad of Cultures,603,Cultural,(i)(ii)(iv),3,UZB,Asia and the Pacific,Unknown,,,2001,2000s,24,False,False,1123,True,5,Urban,https://whc.unesco.org/en/list/603,"The historic town of Samarkand is a crossroad and melting pot of the world's cultures. Founded in the 7th century B.C. as ancient Afrasiab, Samarkand had its most significant development in the Timurid period from the 14th to the 15th centuries. The major monuments include the Registan Mosque and madrasas, Bibi-Khanum Mosque, the Shakhi-Zinda compound and the Gur-Emir ensemble, as well as Ulugh-Beg's Observatory."
citadel_of_the_ho_dynasty,Citadel of the Ho Dynasty,1358,Cultural,(ii)(iv),2,VNM,Asia and the Pacific,Unknown,,,2011,2010s,14,False,False,155.5,True,3,Mountain,https://whc.unesco.org/en/list/1358,"The 14th -century Ho Dynasty citadel, built according to the feng shui principles, testifies to the flowering of neo-Confucianism in late 14th century Viet Nam and its spread to other parts of east Asia. According to these principles it was sited in a landscape of great scenic beauty on an axis joining the Tuong Son and Don Son mountains in a plain between the Ma and Buoi rivers. The citadel buildings represent an outstanding example of a new style of south-east Asian imperial city."
central_sector_of_the_imperial_citadel_of_thang_long_hanoi,Central Sector of the Imperial Citadel of Thang Long - Hanoi,1328,Cultural,(ii)(iii),2,VNM,Asia and the Pacific,Unknown,,,2010,2010s,15,False,False,18.395,True,1,River/Valley,https://whc.unesco.org/en/list/1328,"The Thang Long Imperial Citadel was built in the 11th century by the Ly Viet Dynasty, marking the independence of the Dai Viet. It was constructed on the remains of a Chinese fortress dating from the 7th century, on drained land reclaimed from the Red River Delta in Hanoi. It was the centre of regional political power for almost 13 centuries without interruption. The Imperial Citadel buildings and the remains in the 18 Hoang Dieu Archaeological Site reflect a unique South-East Asian culture spec"
ha_long_bay_cat_ba_archipelago,Ha Long Bay - Cat Ba Archipelago,672,Natural,(vii)(viii),2,VNM,Asia and the Pacific,Unknown,,,1994,1990s,31,False,False,65650,True,1,Mountain,https://whc.unesco.org/en/list/672,"Covering an area of 65,650 ha and including 1,133 islands and islets, Ha Long Bay - Cat Ba Archipelago is located in the Northeast of Viet Nam, within Quang Ninh Province and Hai Phong City. Comprised of a multitude of limestone islands of islets rising from the sea, in a variety of sizes and shapes and presenting picturesque, unspoiled nature, Ha Long Bay - Cat Ba Archipelago is a spectacular seascape sculpted by nature. As the most extensive and best known example of marine - invaded tower kar"
my_son_sanctuary,My Son Sanctuary,949,Cultural,(ii)(iii),2,VNM,Asia and the Pacific,Unknown,,,1999,1990s,26,False,False,142,True,1,Coastal,https://whc.unesco.org/en/list/949,Between the 4th and 13th centuries a unique culture which owed its spiritual origins to Indian Hinduism developed on the coast of contemporary Viet Nam. This is graphically illustrated by the remains of a series of impressive tower-temples located in a dramatic site that was the religious and political capital of the Champa Kingdom for most of its existence.
trang_an_landscape_complex,Trang An Landscape Complex,1438,Mixed,(v)(vii)(viii),3,VNM,Asia and the Pacific,Unknown,,,2014,2010s,11,False,False,6226,True,1,Mountain,https://whc.unesco.org/en/list/1438,"Situated near the southern margin of the Red River Delta, the Trang An Landscape Complex is a spectacular landscape of limestone karst peaks permeated with valleys, many of them partly submerged and surrounded by steep, almost vertical cliffs. Exploration of caves at different altitudes has revealed archaeological traces of human activity over a continuous period of more than 30,000 years. They illustrate the occupation of these mountains by seasonal hunter-gatherers and how they adapted to majo"
mosi_oa_tunya_victoria_falls,Mosi-oa-Tunya / Victoria Falls,509,Natural,(vii)(viii),2,"ZMB, ZWE",Africa,Africa,,,1989,1980s,36,True,False,6860,True,1,River/Valley,https://whc.unesco.org/en/list/509,"These are among the most spectacular waterfalls in the world. The Zambezi River, which is more than 2 km wide at this point, plunges noisily down a series of basalt gorges and raises an iridescent mist that can be seen more than 20 km away."
socotra_archipelago,Socotra Archipelago,1263,Natural,(x),1,YEM,Arab States,Asia,,,2008,2000s,17,False,False,410460,True,18,Coastal,https://whc.unesco.org/en/list/1263,"Socotra Archipelago, in the northwest Indian Ocean near the Gulf of Aden, is 250 km long and comprises four islands and two rocky islets which appear as a prolongation of the Horn of Africa. The site is of universal importance because of its biodiversity with rich and distinct flora and fauna: 37% of Socotra’s 825 plant species, 90% of its reptile species and 95% of its land snail species do not occur anywhere else in the world. The site also supports globally significant populations of land and"
natural_and_cultural_heritage_of_the_ohrid_region,Natural and Cultural Heritage of the Ohrid region,99,Mixed,(i)(iii)(iv)(vii),4,"MKD, ALB",Europe and North America,Europe,,,1979,1970s,46,True,False,94728.6,True,2,Urban,https://whc.unesco.org/en/list/99,"A superlative natural phenomenon, Lake Ohrid provides a refuge for numerous endemic species of freshwater fauna and flora dating from the Tertiary period. Situated on the shores of the lake, the town of Ohrid is one of the oldest human settlements in Europe. Built mainly between the 7th and 19th centuries, it has the oldest Slav monastery (St Pantelejmon) and more than 800 Byzantine-style icons dating from the 11th to the end of the 14th century. In the shallow waters near the shores of the lake"
tipasa,Tipasa,193,Cultural,(iii)(iv),2,DZA,Arab States,Asia,,,1982,1980s,43,False,False,52.16,True,3,Cultural Landscape,https://whc.unesco.org/en/list/193,"On the shores of the Mediterranean, Tipasa was an ancient Punic trading-post conquered by Rome and turned into a strategic base for the conquest of the kingdoms of Mauritania. It comprises a unique group of Phoenician, Roman, palaeochristian and Byzantine ruins alongside indigenous monuments such as the Kbor er Roumia, the great royal mausoleum of Mauretania."
antigua_naval_dockyard_and_related_archaeological_sites,Antigua Naval Dockyard and Related Archaeological Sites,1499,Cultural,(ii)(iv),2,ATG,Latin America and the Caribbean,Americas,,,2016,2010s,9,False,False,255,True,1,Mountain,https://whc.unesco.org/en/list/1499,"The site consists of a group of Georgian-style naval buildings and structures, set within a walled enclosure. The natural environment of this side of the island of Antigua, with its deep, narrow bays surrounded by highlands, offered shelter from hurricanes and was ideal for repairing ships. The construction of the Dockyard by the British navy would not have been possible without the labour of generations of enslaved Africans since the end of the 18th century. Its aim was to protect the interests"
jesuit_block_and_estancias_of_cordoba,Jesuit Block and Estancias of Córdoba,995,Cultural,(ii)(iv),2,ARG,Latin America and the Caribbean,Americas,,,2000,2000s,25,False,False,38.12,True,6,Cultural Landscape,https://whc.unesco.org/en/list/995,"The Jesuit Block in Córdoba, heart of the former Jesuit Province of Paraguay, contains the core buildings of the Jesuit system: the university, the church and residence of the Society of Jesus, and the college. Along with the five estancias, or farming estates, they contain religious and secular buildings, which illustrate the unique religious, social, and economic experiment carried out in the world for a period of over 150 years in the 17th and 18th centuries."
the_architectural_work_of_le_corbusier_an_outstanding_contribution_to_the_modern_movement,"The Architectural Work of Le Corbusier, an Outstanding Contribution to the Modern Movement",1321,Cultural,(i)(ii),2,"IND, JPN, FRA, BEL, CHE, ARG, DEU",Latin America and the Caribbean,Americas,,,2016,2010s,9,True,False,98.4838,True,17,Coastal,https://whc.unesco.org/en/list/1321,"Chosen from the work of Le Corbusier, the 17 sites comprising this transnational serial property are spread over seven countries and are a testimonial to the invention of a new architectural language that made a break with the past. They were built over a period of a half-century, in the course of what Le Corbusier described as “patient research”. The Complexe du Capitole in Chandigarh (India), the National Museum of Western Art, Tokyo (Japan), the House of Dr Curutchet in La Plata (Argentina) a"
cathedral_and_churches_of_echmiatsin_and_the_archaeological_site_of_zvartnots,Cathedral and Churches of Echmiatsin and the Archaeological Site of Zvartnots,1011,Cultural,(ii)(iii),2,ARM,Europe and North America,Europe,,,2000,2000s,25,False,False,74.3,True,6,Cultural Landscape,https://whc.unesco.org/en/list/1011,"The cathedral and churches of Echmiatsin and the archaeological remains at Zvartnots graphically illustrate the evolution and development of the Armenian central-domed cross-hall type of church, which exerted a profound influence on architectural and artistic development in the region."
qhapaq_nan_andean_road_system,"Qhapaq Ñan, Andean Road System",1459,Cultural,(ii)(iii)(iv),3,"PER, CHL, ECU, COL, ARG, BOL",Latin America and the Caribbean,Americas,,,2014,2010s,11,True,False,3642.8067,True,137,Mountain,https://whc.unesco.org/en/list/1459,"This site is an extensive Inca communication, trade and defence network of roads covering 30,000 km. Constructed by the Incas over several centuries and partly based on pre-Inca infrastructure, this extraordinary network through one of the world’s most extreme geographical terrains linked the snow-capped peaks of the Andes – at an altitude of more than 6,000 m – to the coast, running through hot rainforests, fertile valleys and absolute deserts. It reached its maximum expansion in the 15th centu"
kgari,K’gari,630,Natural,(vii)(viii)(ix),3,AUS,Asia and the Pacific,Unknown,,,1992,1990s,33,False,False,181851,True,1,Coastal,https://whc.unesco.org/en/list/630,"K’gari lies just off the east coast of Australia. At 122 km long, it is the largest sand island in the world. Majestic remnants of tall rainforest growing on sand and half the world’s perched freshwater dune lakes are found inland from the beach. The combination of shifting sand-dunes, tropical rainforests and lakes makes it an exceptional site."
tasmanian_wilderness,Tasmanian Wilderness,181,Mixed,(iii)(iv)(vii)(viii)(ix)(x),6,AUS,Asia and the Pacific,Unknown,,,1982,1980s,43,False,False,1584233,True,1,Forest,https://whc.unesco.org/en/list/181,"In a region that has been subjected to severe glaciation, these parks and reserves, with their steep gorges, covering an area of over 1 million ha, constitute one of the last expanses of temperate rainforest in the world. Remains found in limestone caves attest to the human occupation of the area for more than 20,000 years."
ulu_u_r_u_u_kata_tju_u_t_u_a_national_park,Ulu<U>r</U>u-Kata Tju<U>t</U>a National Park,447,Mixed,(v)(vii)(viii),3,AUS,Asia and the Pacific,Unknown,,,1987,1980s,38,False,False,132566,True,1,Cultural Landscape,https://whc.unesco.org/en/list/447,"This park, formerly called Uluru (Ayers Rock – Mount Olga) National Park, features spectacular geological formations that dominate the vast red sandy plain of central Australia. Uluru, an immense monolith, and Kata Tjuta, the rock domes located west of Uluru, form part of the traditional belief system of one of the oldest human societies in the world. The traditional owners of Uluru-Kata Tjuta are the Anangu Aboriginal people."
ferto_neusiedlersee_cultural_landscape,Fertö / Neusiedlersee Cultural Landscape,772,Cultural,(v),1,"AUT, HUN",Europe and North America,Europe,,,2001,2000s,24,True,False,68369,True,1,Cultural Landscape,https://whc.unesco.org/en/list/772,"The Fertö/Neusiedler Lake area has been the meeting place of different cultures for eight millennia. This is graphically demonstrated by its varied landscape, the result of an evolutionary symbiosis between human activity and the physical environment. The remarkable rural architecture of the villages surrounding the lake and several 18th- and 19th-century palaces adds to the area’s considerable cultural interest."
city_of_graz_historic_centre_and_schloss_eggenberg,City of Graz – Historic Centre and Schloss Eggenberg,931,Cultural,(ii)(iv),2,AUT,Europe and North America,Europe,,,1999,1990s,26,False,False,91.094,True,2,Urban,https://whc.unesco.org/en/list/931,"The City of Graz – Historic Centre and Schloss Eggenberg bear witness to an exemplary model of the living heritage of a central European urban complex influenced by the secular presence of the Habsburgs and the cultural and artistic role played by the main aristocratic families. They are a harmonious blend of the architectural styles and artistic movements that have succeeded each other from the Middle Ages until the 18th century, from the many neighbouring regions of Central and Mediterranean E"
historic_centre_of_the_city_of_salzburg,Historic Centre of the City of Salzburg,784,Cultural,(ii)(iv),2,AUT,Europe and North America,Europe,,,1996,1990s,29,False,False,236,True,1,Urban,https://whc.unesco.org/en/list/784,"Salzburg has managed to preserve an extraordinarily rich urban fabric, developed over the period from the Middle Ages to the 19th century when it was a city-state ruled by a prince-archbishop. Its Flamboyant Gothic art attracted many craftsmen and artists before the city became even better known through the work of the Italian architects Vincenzo Scamozzi and Santini Solari, to whom the centre of Salzburg owes much of its Baroque appearance. This meeting-point of northern and southern Europe per"
hallstatt_dachstein_salzkammergut_cultural_landscape,Hallstatt-Dachstein / Salzkammergut Cultural Landscape,806,Cultural,(iii)(iv),2,AUT,Europe and North America,Europe,,,1997,1990s,28,False,False,28637,True,1,Urban,https://whc.unesco.org/en/list/806,"Human activity in the magnificent natural landscape of the Salzkammergut began in prehistoric times, with the salt deposits being exploited as early as the 2nd millennium BC. This resource formed the basis of the area’s prosperity up to the middle of the 20th century, a prosperity that is reflected in the fine architecture of the town of Hallstatt."
semmering_railway,Semmering Railway,785,Cultural,(ii)(iv),2,AUT,Europe and North America,Europe,,,1998,1990s,27,False,False,156.18,True,1,Mountain,https://whc.unesco.org/en/list/785,"The Semmering Railway, built over 41 km of high mountains between 1848 and 1854, is one of the greatest feats of civil engineering from this pioneering phase of railway building. The high standard of the tunnels, viaducts and other works has ensured the continuous use of the line up to the present day. It runs through a spectacular mountain landscape and there are many fine buildings designed for leisure activities along the way, built when the area was opened up due to the advent of the railway"
the_great_spa_towns_of_europe,The Great Spa Towns of Europe,1613,Cultural,(ii)(iii),2,"ITA, FRA, AUT, BEL, GBR, DEU, CZE",Europe and North America,Europe,,,2021,2020s,4,True,False,7018,True,11,Urban,https://whc.unesco.org/en/list/1613,"This transnational serial property comprises eleven spa towns, located in seven European countries: Baden bei Wien (Austria); Spa (Belgium); Františkovy Lázně; Karlovy Vary; Mariánské Lázně (Czechia); Vichy (France); Bad Ems; Baden-Baden; Bad Kissingen (Germany); Montecatini Terme (Italy); and City of Bath (United Kingdom). All of these towns developed around natural mineral water springs. They bear witness to the international European spa culture that developed from the early 18th centu"
dilmun_burial_mounds,Dilmun Burial Mounds,1542,Cultural,(iii)(iv),2,BHR,Arab States,Asia,,,2019,2010s,6,False,False,168.45,True,21,Coastal,https://whc.unesco.org/en/list/1542,"The Dilmun Burial Mounds, built between 2200 and 1750 BCE, span over 21 archaeological sites in the western part of the island. Six of these sites are burial mound fields consisting of a few dozen to several thousand tumuli. In all there are about 11,774 burial mounds, originally in the form of cylindrical low towers. The other 15 sites include 17 royal mounds, constructed as two-storey sepulchral towers. The burial mounds are evidence of the Early Dilmun civilization, around the 2nd millennium "
historic_mosque_city_of_bagerhat,Historic Mosque City of Bagerhat,321,Cultural,(iv),1,BGD,Asia and the Pacific,Unknown,,,1985,1980s,40,False,False,0,True,1,Urban,https://whc.unesco.org/en/list/321,"Situated in the suburbs of Bagerhat, at the meeting-point of the Ganges and Brahmaputra rivers, this ancient city, formerly known as Khalifatabad, was founded by the Turkish general Ulugh Khan Jahan in the 15th century. The city’s infrastructure reveals considerable technical skill and an exceptional number of mosques and early Islamic monuments, many built of brick, can be seen there."
historic_bridgetown_and_its_garrison,Historic Bridgetown and its Garrison,1376,Cultural,(ii)(iii)(iv),3,BRB,Latin America and the Caribbean,Americas,,,2011,2010s,14,False,False,187,True,1,Urban,https://whc.unesco.org/en/list/1376,"Historic Bridgetown and its Garrison, an outstanding example of British colonial architecture consisting of a well-preserved old town built in the 17th, 18th and 19th centuries, which testifies to the spread of Great Britain's Atlantic colonial empire. The property also includes a nearby military garrison which consists of numerous historic buildings. With its serpentine urban lay-out the property testifies to a different approach to colonial town-planning compared to the Spanish and Dutch colon"
ruins_of_the_buddhist_vihara_at_paharpur,Ruins of the Buddhist Vihara at Paharpur,322,Cultural,(i)(ii),2,BGD,Asia and the Pacific,Unknown,,,1985,1980s,40,False,False,0,True,1,Urban,https://whc.unesco.org/en/list/322,"Evidence of the rise of Mahayana Buddhism in Bengal from the 7th century onwards, Somapura Mahavira, or the Great Monastery, was a renowned intellectual centre until the 12th century. Its layout perfectly adapted to its religious function, this monastery-city represents a unique artistic achievement. With its simple, harmonious lines and its profusion of carved decoration, it influenced Buddhist architecture as far away as Cambodia."
bialowieza_forest,Białowieża Forest,33,Natural,(ix)(x),2,"POL, BLR",Europe and North America,Europe,,,1979,1970s,46,True,False,141885,True,2,Coastal,https://whc.unesco.org/en/list/33,"The Białowieża Forest World Heritage site, on the border between Poland and Belarus, is an immense range of primary forest including both conifers and broadleaved trees covering a total area of 141,885 hectares. Situated on the watershed of the Baltic Sea and Black Sea, this transboundary property is exceptional for the opportunities it offers for biodiversity conservation. It is home to the largest population of the property’s iconic species, the European bison."
struve_geodetic_arc,Struve Geodetic Arc,1187,Cultural,(ii)(iv),2,"LVA, NOR, SWE, BLR, EST, FIN, UKR, LTU, MDA, RUS",Europe and North America,Europe,,,2005,2000s,20,True,False,0,True,34,Coastal,https://whc.unesco.org/en/list/1187,"The Struve Arc is a chain of survey triangulations stretching from Hammerfest in Norway to the Black Sea, through 10 countries and over 2,820 km. These are points of a survey, carried out between 1816 and 1855 by the astronomer Friedrich Georg Wilhelm Struve, which represented the first accurate measuring of a long segment of a meridian. This helped to establish the exact size and shape of the planet and marked an important step in the development of earth sciences and topographic mapping. It is"
historic_centre_of_brugge,Historic Centre of Brugge,996,Cultural,(ii)(iv),2,BEL,Europe and North America,Europe,,,2000,2000s,25,False,False,410,True,1,Urban,https://whc.unesco.org/en/list/996,"Brugge is an outstanding example of a medieval historic settlement, which has maintained its historic fabric as this has evolved over the centuries, and where original Gothic constructions form part of the town's identity. As one of the commercial and cultural capitals of Europe, Brugge developed cultural links to different parts of the world. It is closely associated with the school of Flemish Primitive painting."
flemish_beguinages,Flemish Béguinages,855,Cultural,(ii)(iii)(iv),3,BEL,Europe and North America,Europe,,,1998,1990s,27,False,False,59.95,True,13,Urban,https://whc.unesco.org/en/list/855,"The Béguines were women who dedicated their lives to God without retiring from the world. In the 13th century they founded the béguinages , enclosed communities designed to meet their spiritual and material needs. The Flemish béguinages are architectural ensembles composed of houses, churches, ancillary buildings and green spaces, with a layout of either urban or rural origin and built in styles specific to the Flemish cultural region. They are a fascinating reminder of the tradition of the Bégu"
colonies_of_benevolence,Colonies of Benevolence,1555,Cultural,(ii)(iv),2,"BEL, NLD",Europe and North America,Europe,,,2021,2020s,4,True,False,2012,True,3,Mountain,https://whc.unesco.org/en/list/1555,"The transnational serial property is an Enlightenment experiment in social reform. These cultural landscapes demonstrate an innovative, highly influential 19th-century model of pauper relief and of settler colonialism, which today is known as an agricultural domestic colony. The property encompasses four Colonies of Benevolence in three component parts: Frederiksoord-Wilhelminaoord and Veenhuizen in the Netherlands, and Wortel in Belgium. Together they bear witness to a 19th century experiment i"
belize_barrier_reef_reserve_system,Belize Barrier Reef Reserve System,764,Natural,(vii)(ix)(x),3,BLZ,Latin America and the Caribbean,Americas,,,1996,1990s,29,False,False,96300,True,7,Coastal,https://whc.unesco.org/en/list/764,"The coastal area of Belize is an outstanding natural system consisting of the largest barrier reef in the northern hemisphere, offshore atolls, several hundred sand cays, mangrove forests, coastal lagoons and estuaries. The system’s seven sites illustrate the evolutionary history of reef development and are a significant habitat for threatened species, including marine turtles, manatees and the American marine crocodile."
fuerte_de_samaipata,Fuerte de Samaipata,883,Cultural,(ii)(iii),2,BOL,Latin America and the Caribbean,Americas,,,1998,1990s,27,False,False,0,True,1,Urban,https://whc.unesco.org/en/list/883,"The archaeological site of Samaipata consists of two parts: the hill with its many carvings, believed to have been the ceremonial centre of the old town (14th–16th centuries), and the area to the south of the hill, which formed the administrative and residential district. The huge sculptured rock, dominating the town below, is a unique testimony to pre-Hispanic traditions and beliefs, and has no parallel anywhere in the Americas."
w_arly_pendjari_complex,W-Arly-Pendjari Complex,749,Natural,(ix)(x),2,"BEN, NER, BFA",Africa,Africa,,,1996,1990s,29,True,False,1714831,True,3,Forest,https://whc.unesco.org/en/list/749,"This transnational extension (Benin, Burkina Faso) to the W National Park of Niger, inscribed in 1996 on the World Heritage List, cover a major expanse of intact Sudano-Sahelian savannah, with vegetation types including grasslands, shrub lands, wooded savannah and extensive gallery forests. It includes the largest and most important continuum of terrestrial, semi-aquatic and aquatic ecosystems in the West African savannah belt. The property is a refuge for wildlife species that have disappeared "
city_of_potosi,City of Potosí,420,Cultural,(ii)(iv),2,BOL,Latin America and the Caribbean,Americas,,,1987,1980s,38,False,True,2210.93,True,1,Urban,https://whc.unesco.org/en/list/420,"In the 16th century, this area was regarded as the world’s largest industrial complex. The extraction of silver ore relied on a series of hydraulic mills. The site consists of the industrial monuments of the Cerro Rico, where water is provided by an intricate system of aqueducts and artificial lakes; the colonial town with the Casa de la Moneda; the Church of San Lorenzo; several patrician houses; and the barrios mitayos, the areas where the workers lived."
historic_city_of_sucre,Historic City of Sucre,566,Cultural,(iv),1,BOL,Latin America and the Caribbean,Americas,,,1991,1990s,34,False,False,0,True,1,Cultural Landscape,https://whc.unesco.org/en/list/566,"Sucre, the first capital of Bolivia, was founded by the Spanish in the first half of the 16th century. Its many well-preserved 16th-century religious buildings, such as San Lázaro, San Francisco and Santo Domingo, illustrate the blending of local architectural traditions with styles imported from Europe."
stecci_medieval_tombstone_graveyards,Stećci Medieval Tombstone Graveyards,1504,Cultural,(iii),1,"SRB, HRV, MNE, BIH",Europe and North America,Europe,,,2016,2010s,9,True,False,49.15,True,28,Cultural Landscape,https://whc.unesco.org/en/list/1504,"This serial property combines 28 sites, located in Bosnia and Herzegovina, western Serbia, western Montenegro and central and southern Croatia, representing these cemeteries and regionally distinctive medieval tombstones, or stećci. The cemeteries, which date from the 12th to 16th centuries CE, are laid out in rows, as was the common custom in Europe from the Middle Ages. The stećci are mostly carved from limestone. They feature a wide range of decorative motifs and inscriptions that represent i"
historic_centre_of_salvador_de_bahia,Historic Centre of Salvador de Bahia,309,Cultural,(iv),1,BRA,Latin America and the Caribbean,Americas,,,1985,1980s,40,False,False,200,True,1,Urban,https://whc.unesco.org/en/list/309,"As the first capital of Brazil, from 1549 to 1763, Salvador de Bahia witnessed the blending of European, African and Amerindian cultures. It was also, from 1558, the first slave market in the New World, with slaves arriving to work on the sugar plantations. The city has managed to preserve many outstanding Renaissance buildings. A special feature of the old town are the brightly coloured houses, often decorated with fine stucco-work."
historic_centre_of_sao_luis,Historic Centre of São Luís,821,Cultural,(iii)(iv)(v),3,BRA,Latin America and the Caribbean,Americas,,,1997,1990s,28,False,False,66.65,True,1,Urban,https://whc.unesco.org/en/list/821,"The late 17th-century core of this historic town, founded by the French and occupied by the Dutch before coming under Portuguese rule, has preserved the original rectangular street plan in its entirety. Thanks to a period of economic stagnation in the early 20th century, an exceptional number of fine historic buildings have survived, making this an outstanding example of an Iberian colonial town."
historic_centre_of_the_town_of_diamantina,Historic Centre of the Town of Diamantina,890,Cultural,(ii)(iv),2,BRA,Latin America and the Caribbean,Americas,,,1999,1990s,26,False,False,28.5,True,1,Mountain,https://whc.unesco.org/en/list/890,"Diamantina, a colonial village set like a jewel in a necklace of inhospitable rocky mountains, recalls the exploits of diamond prospectors in the 18th century and testifies to the triumph of human cultural and artistic endeavour over the environment."
historic_town_of_ouro_preto,Historic Town of Ouro Preto,124,Cultural,(i)(iii),2,BRA,Latin America and the Caribbean,Americas,,,1980,1980s,45,False,False,167.8,True,1,Urban,https://whc.unesco.org/en/list/124,"Founded at the end of the 17th century, Ouro Preto (Black Gold) was the focal point of the gold rush and Brazil’s golden age in the 18th century. With the exhaustion of the gold mines in the 19th century, the city’s influence declined but many churches, bridges and fountains remain as a testimony to its past prosperity and the exceptional talent of the Baroque sculptor Aleijadinho."
lencois_maranhenses_national_park,Lençóis Maranhenses National Park,1611,Natural,(vii)(viii),2,BRA,Latin America and the Caribbean,Americas,,,2024,2020s,1,False,False,156562,True,1,Coastal,https://whc.unesco.org/en/list/1611,"The property is located in northeastern Brazil, on the east coast of Maranhão, in a transition zone between three Brazilian biomes: Cerrado, Caatinga and Amazon. More than half of its area consists of a white coastal dune field with temporary and permanent lagoons. Beyond its important role in biodiversity conservation, the park boasts globally significant aesthetic and geological/geomorphological values. Along an 80 km coastline, with beaches followed by plains, the prevailing winds shape the d"
iguacu_national_park,Iguaçu National Park,355,Natural,(vii)(x),2,BRA,Latin America and the Caribbean,Americas,,,1986,1980s,39,False,False,169695.88,True,1,Natural Landscape,https://whc.unesco.org/en/list/355,"The park shares with Iguazú National Park in Argentina one of the world’s largest and most impressive waterfalls, extending over some 2,700 m. It is home to many rare and endangered species of flora and fauna, among them the giant otter and the giant anteater. The clouds of spray produced by the waterfall are conducive to the growth of lush vegetation."
sao_francisco_square_in_the_town_of_sao_cristovao,São Francisco Square in the Town of São Cristóvão,1272,Cultural,(ii)(iv),2,BRA,Latin America and the Caribbean,Americas,,,2010,2010s,15,False,False,3,False,1,Urban,https://whc.unesco.org/en/list/1272,"São Francisco Square, in the town of São Cristovão, is a quadrilateral open space surrounded by substantial early buildings such as São Francisco Church and convent, the Church and Santa Casa da Misericórdia, the Provincial Palace and the associated houses of different historical periods surrounding the Square. This monumental ensemble, together with the surrounding 18th- and 19th- century houses, creates an urban landscape which reflects the history of the town since its origin. The Franciscan "
madara_rider,Madara Rider,43,Cultural,(i)(iii),2,BGR,Europe and North America,Europe,,,1979,1970s,46,False,False,1.2,True,1,Cultural Landscape,https://whc.unesco.org/en/list/43,"The Madara Rider, representing the figure of a knight triumphing over a lion, is carved into a 100-m-high cliff near the village of Madara in north-east Bulgaria. Madara was the principal sacred place of the First Bulgarian Empire before Bulgaria’s conversion to Christianity in the 9th century. The inscriptions beside the sculpture tell of events that occurred between AD 705 and 801."
boyana_church,Boyana Church,42,Cultural,(ii)(iii),2,BGR,Europe and North America,Europe,,,1979,1970s,46,False,False,0.68,True,1,Cultural Landscape,https://whc.unesco.org/en/list/42,"Located on the outskirts of Sofia, Boyana Church consists of three buildings. The eastern church was built in the 10th century, then enlarged at the beginning of the 13th century by Sebastocrator Kaloyan, who ordered a second two storey building to be erected next to it. The frescoes in this second church, painted in 1259, make it one of the most important collections of medieval paintings. The ensemble is completed by a third church, built at the beginning of the 19th century. This site is one "
thracian_tomb_of_sveshtari,Thracian Tomb of Sveshtari,359,Cultural,(i)(iii),2,BGR,Europe and North America,Europe,,,1985,1980s,40,False,False,0.9,True,1,Cultural Landscape,https://whc.unesco.org/en/list/359,"Discovered in 1982 near the village of Sveshtari, this 3rd-century BC Thracian tomb reflects the fundamental structural principles of Thracian cult buildings. The tomb has a unique architectural decor, with polychrome half-human, half-plant caryatids and painted murals. The 10 female figures carved in high relief on the walls of the central chamber and the decoration of the lunette in its vault are the only examples of this type found so far in the Thracian lands. It is a remarkable reminder of "
royal_court_of_tiebele,Royal Court of Tiébélé,1713,Cultural,(iii),1,BFA,Africa,Africa,,,2024,2020s,1,False,False,1.84,True,1,Cultural Landscape,https://whc.unesco.org/en/list/1713,"The property is an earthen architectural complex established since the 16th century that bears testimony to the social organization and cultural values of the Kasena people. Enclosed by a protective compound wall, the Royal Court consists of a set of buildings arranged in distinct concessions separated by walls and passageways leading to ceremonial and gathering places outside the compound. Built by the men of the Royal Court, the huts are then adorned with decorations of symbolic significance b"
ancient_ferrous_metallurgy_sites_of_burkina_faso,Ancient Ferrous Metallurgy Sites of Burkina Faso,1602,Cultural,(iii)(iv),2,BFA,Africa,Africa,,,2019,2010s,6,False,False,122.3,True,5,Cultural Landscape,https://whc.unesco.org/en/list/1602,"This property is composed of five elements located in different provinces of the country. It includes about fifteen standing, natural-draught furnaces, several other furnace structures, mines and traces of dwellings. Douroula, which dates back to the 8th century BCE, is the oldest evidence of the development of iron production found in Burkina Faso. The other components of the property – Tiwêga, Yamané, Kindibo and Békuy – illustrate the intensification of iron production during the second mille"
ruins_of_loropeni,Ruins of Loropéni,1225,Cultural,(iii),1,BFA,Africa,Africa,,,2009,2000s,16,False,False,1.113,True,1,Desert,https://whc.unesco.org/en/list/1225,"The 11,130m2 property, the first to be inscribed in the country, with its imposing stone walls is the best preserved of ten fortresses in the Lobi area and is part of a larger group of 100 stone enclosures that bear testimony to the power of the trans-Saharan gold trade. Situated near the borders of Côte d’Ivoire, Ghana and Togo, the ruins have recently been shown to be at least 1,000 years old. The settlement was occupied by the Lohron or Koulango peoples, who controlled the extraction and tran"
cambodian_memorial_sites_from_centres_of_repression_to_places_of_peace_and_reflection,Cambodian Memorial Sites: From centres of repression to places of peace and reflection,1748,Cultural,,0,KHM,Asia and the Pacific,Unknown,,,2025,2020s,0,False,False,3.9,True,3,Cultural Landscape,https://whc.unesco.org/en/list/1748,"The property consists of three locations that reflect the human rights abuses of the Khmer Rouge regime in Cambodia from 1971 to 1979. The three component parts represent the widespread violence during this period: the former M-13 prison (early repression), the Tuol Sleng Genocide Museum (former S-21 prison), and the Choeung Ek Genocidal Center (former execution site of S-21). These places have been preserved and memorialized since the regime’s fall. The Tuol Sleng Museum maintains extensive arc"
angkor,Angkor,668,Cultural,(i)(ii)(iii)(iv),4,KHM,Asia and the Pacific,Unknown,,,1992,1990s,33,False,False,40100,True,3,Forest,https://whc.unesco.org/en/list/668,"Angkor is one of the most important archaeological sites in South-East Asia. Stretching over some 400 km2, including forested area, Angkor Archaeological Park contains the magnificent remains of the different capitals of the Khmer Empire, from the 9th to the 15th century. They include the famous Temple of Angkor Wat and, at Angkor Thom, the Bayon Temple with its countless sculptural decorations. UNESCO has set up a wide-ranging programme to safeguard this symbolic site and its surroundings."
sangha_trinational,Sangha Trinational,1380,Natural,(ix)(x),2,"COG, CMR, CAF",Africa,Africa,,,2012,2010s,13,True,False,746309,True,3,Forest,https://whc.unesco.org/en/list/1380,"Situated in the north-western Congo Basin, where Cameroon, Central African Republic and Congo meet, the site encompasses three contiguous national parks totalling around 750,000 ha. Much of the site is unaffected by human activity and features a wide range of humid tropical forest ecosystems with rich flora and fauna, including Nile crocodiles and goliath tigerfish, a large predator. Forest clearings support herbaceous species and Sangha is home to considerable populations of forest elephants, c"
canadian_rocky_mountain_parks,Canadian Rocky Mountain Parks,304,Natural,(vii)(viii),2,CAN,Europe and North America,Europe,,,1984,1980s,41,False,False,2360000,True,1,Mountain,https://whc.unesco.org/en/list/304,"The contiguous national parks of Banff, Jasper, Kootenay and Yoho, as well as the Mount Robson, Mount Assiniboine and Hamber provincial parks, studded with mountain peaks, glaciers, lakes, waterfalls, canyons and limestone caves, form a striking mountain landscape. The Burgess Shale fossil site, well known for its fossil remains of soft-bodied marine animals, is also found there."
head_smashed_in_buffalo_jump,Head-Smashed-In Buffalo Jump,158,Cultural,,0,CAN,Europe and North America,Europe,,,1981,1980s,44,False,False,3626,True,1,Cultural Landscape,https://whc.unesco.org/en/list/158,"In south-west Alberta, the remains of marked trails and an aboriginal camp, and a tumulus where vast quantities of buffalo (American Bison) skeletons can still be found, are evidence of a custom practised by aboriginal peoples of the North American plains for nearly 6,000 years. Using their excellent knowledge of the topography and of buffalo behaviour, they killed their prey by chasing them over a precipice; the carcasses were later carved up in the camp below."
joggins_fossil_cliffs,Joggins Fossil Cliffs,1285,Natural,(viii),1,CAN,Europe and North America,Europe,,,2008,2000s,17,False,False,689,True,1,Coastal,https://whc.unesco.org/en/list/1285,"The Joggins Fossil Cliffs, a 689 ha palaeontological site along the coast of Nova Scotia (eastern Canada), have been described as the “coal age Galápagos” due to their wealth of fossils from the Carboniferous period (354 to 290 million years ago). The rocks of this site are considered to be iconic for this period of the history of Earth and are the world’s thickest and most comprehensive record of the Pennsylvanian strata (dating back 318 to 303 million years) with the most complete known fossil"
historic_district_of_old_quebec,Historic District of Old Québec,300,Cultural,(iv),1,CAN,Europe and North America,Europe,,,1985,1980s,40,False,False,135,True,1,Urban,https://whc.unesco.org/en/list/300,"Québec was founded by the French explorer Champlain in the early 17th century. It is the only North American city to have preserved its ramparts, together with the numerous bastions, gates and defensive works which still surround Old Québec. The Upper Town, built on the cliff, has remained the religious and administrative centre, with its churches, convents and other monuments like the Dauphine Redoubt, the Citadel and Château Frontenac. Together with the Lower Town and its ancient districts, it"
landscape_of_grand_pre,Landscape of Grand Pré,1404,Cultural,(v),1,CAN,Europe and North America,Europe,,,2012,2010s,13,False,False,1323.24,True,1,Coastal,https://whc.unesco.org/en/list/1404,"Situated in the southern Minas Basin of Nova Scotia, the Grand Pré marshland and archaeological sites constitute a cultural landscape bearing testimony to the development of agricultural farmland using dykes and the aboiteau wooden sluice system, started by the Acadians in the 17th century and further developed and maintained by the Planters and present-day inhabitants. Over 1,300 ha, the cultural landscape encompasses a large expanse of polder farmland and archaeological elements of the towns o"
rideau_canal,Rideau Canal,1221,Cultural,(i)(iv),2,CAN,Europe and North America,Europe,,,2007,2000s,18,False,False,21454.81,True,6,River/Valley,https://whc.unesco.org/en/list/1221,"The Rideau Canal, a monumental early 19th-century construction covering 202 km of the Rideau and Cataraqui rivers from Ottawa south to Kingston Harbour on Lake Ontario, was built primarily for strategic military purposes at a time when Great Britain and the United States vied for control of the region. The site, one of the first canals to be designed specifically for steam-powered vessels, also features an ensemble of fortifications. It is the best-preserved example of a slackwater canal in Nort"
waterton_glacier_international_peace_park,Waterton Glacier International Peace Park,354,Natural,(vii)(ix),2,"CAN, USA",Europe and North America,Europe,,,1995,1990s,30,True,False,457614,True,1,Mountain,https://whc.unesco.org/en/list/354,"In 1932 Waterton Lakes National Park (Alberta, Canada) was combined with the Glacier National Park (Montana, United States) to form the world's first International Peace Park. Situated on the border between the two countries and offering outstanding scenery, the park is exceptionally rich in plant and mammal species as well as prairie, forest, and alpine and glacial features."
ennedi_massif_natural_and_cultural_landscape,Ennedi Massif: Natural and Cultural Landscape,1475,Mixed,(iii)(vii)(ix),3,TCD,Africa,Africa,,,2016,2010s,9,False,False,2441200,True,1,Desert,https://whc.unesco.org/en/list/1475,"In the northeast of the country, the sandstone Ennedi Massif has been sculpted over time by water and wind erosion into a plateau featuring canyons and valleys that present a spectacular landscape marked by cliffs, natural arches and pitons. In the largest canyons, the permanent presence of water plays an essential role in the Massif’s ecosystem, sustaining flora and fauna as well as human life. Thousands of images have been painted and carved into the rock surface of caves, canyons and shelters"
manovo_gounda_st_floris_national_park,Manovo-Gounda St Floris National Park,475,Natural,(ix)(x),2,CAF,Africa,Africa,,,1988,1980s,37,False,True,1740000,True,1,Natural Landscape,https://whc.unesco.org/en/list/475,"The importance of this park derives from its wealth of flora and fauna. Its vast savannahs are home to a wide variety of species: black rhinoceroses, elephants, cheetahs, leopards, wild dogs, red-fronted gazelles and buffalo, while various types of waterfowl are to be found in the northern floodplains."
rapa_nui_national_park,Rapa Nui National Park,715,Cultural,(i)(iii)(v),3,CHL,Latin America and the Caribbean,Americas,,,1995,1990s,30,False,False,6666,True,1,Coastal,https://whc.unesco.org/en/list/715,"Rapa Nui, the indigenous name of Easter Island, bears witness to a unique cultural phenomenon. A society of Polynesian origin that settled there c. A.D. 300 established a powerful, imaginative and original tradition of monumental sculpture and architecture, free from any external influence. From the 10th to the 16th century this society built shrines and erected enormous stone figures known as moai , which created an unrivalled cultural landscape that continues to fascinate people throughout the"
settlement_and_artificial_mummification_of_the_chinchorro_culture_in_the_arica_and_parinacota_region,Settlement and Artificial Mummification of the Chinchorro Culture in the Arica and Parinacota Region,1634,Cultural,(iii)(v),2,CHL,Latin America and the Caribbean,Americas,,,2021,2020s,4,False,False,,True,3,Coastal,https://whc.unesco.org/en/list/1634,"The property consists of three component parts: Faldeo Norte del Morro de Arica, Colón 10, both in the city of Arica, and Desembocadura de Camarones, in a rural environment some 100km further south. Together they bear testimony to a culture of marine hunter-gatherers who resided in the arid and hostile northern coast of the Atacama Desert in northernmost Chile from approximately 5450 BCE to 890 BCE. The property presents the oldest known archaeological evidence of the artificial mummification of"
humberstone_and_santa_laura_saltpeter_works,Humberstone and Santa Laura Saltpeter Works,1178,Cultural,(ii)(iii)(iv),3,CHL,Latin America and the Caribbean,Americas,,,2005,2000s,20,False,False,573.48,True,1,Desert,https://whc.unesco.org/en/list/1178,"Humberstone and Santa Laura works contain over 200 former saltpeter works where workers from Chile, Peru and Bolivia lived in company towns and forged a distinctive communal pampinos culture. That culture is manifest in their rich language, creativity, and solidarity, and, above all, in their pioneering struggle for social justice, which had a profound impact on social history. Situated in the remote Pampas, one of the driest deserts on Earth, thousands of pampinos lived and worked in this hosti"
badain_jaran_desert_towers_of_sand_and_lakes,Badain Jaran Desert - Towers of Sand and Lakes,1638,Natural,(vii)(viii),2,CHN,Asia and the Pacific,Unknown,,,2024,2020s,1,False,False,726291.41,True,1,Desert,https://whc.unesco.org/en/list/1638,"Located in the Alashan Plateau in the hyper-arid and temperate desert region of northwestern China, the Badain Jaran Desert is a meeting point for three sandy regions of China and is the country’s third largest desert and second largest drifting desert. The property stands out with its high density of mega-dunes, intersected with inter-dunal lakes. It displays spectacular ongoing geological and geomorphic features of desert landscapes and landforms which may well be unparalleled. Noteworthy feat"
ancient_city_of_ping_yao,Ancient City of Ping Yao,812,Cultural,(ii)(iii)(iv),3,CHN,Asia and the Pacific,Unknown,,,1997,1990s,28,False,False,245.62,True,3,Urban,https://whc.unesco.org/en/list/812,"Ping Yao is an exceptionally well-preserved example of a traditional Han Chinese city, founded in the 14th century. Its urban fabric shows the evolution of architectural styles and town planning in Imperial China over five centuries. Of special interest are the imposing buildings associated with banking, for which Ping Yao was the major centre for the whole of China in the 19th and early 20th centuries."
cultural_landscape_of_honghe_hani_rice_terraces,Cultural Landscape of Honghe Hani Rice Terraces,1111,Cultural,(iii)(v),2,CHN,Asia and the Pacific,Unknown,,,2013,2010s,12,False,False,16603.22,True,1,Mountain,https://whc.unesco.org/en/list/1111,"The Cultural Landscape of Honghe Hani Rice Terraces, China covers 16,603-hectares in Southern Yunnan. It is marked by spectacular terraces that cascade down the slopes of the towering Ailao Mountains to the banks of the Hong River. Over the past 1,300 years, the Hani people have developed a complex system of channels to bring water from the forested mountaintops to the terraces. They have also created an integrated farming system that involves buffalos, cattle, ducks, fish and eel and supports t"
fanjingshan,Fanjingshan,1559,Natural,(x),1,CHN,Asia and the Pacific,Unknown,,,2018,2010s,7,False,False,40275,True,1,Mountain,https://whc.unesco.org/en/list/1559,"Located within the Wuling mountain range in Guizhou Province (south-west China), Fanjingshan ranges in altitude between 500 metres and 2,570 metres above sea level, favouring highly diverse types of vegetation and relief. It is an island of metamorphic rock in a sea of karst, home to many plant and animal species that originated in the Tertiary period, between 65 million and 2 million years ago. The property’s isolation has led to a high degree of biodiversity with endemic species, such as the F"
hubei_shennongjia,Hubei Shennongjia,1509,Natural,(ix)(x),2,CHN,Asia and the Pacific,Unknown,,,2016,2010s,9,False,False,79624,True,2,Coastal,https://whc.unesco.org/en/list/1509,"Located in Hubei Province, in central-eastern China, the site consists of two components: Shennongding/Badong to the west and Laojunshan to the east. It protects the largest primary forests remaining in Central China and provides habitat for many rare animal species, such as the Chinese Giant Salamander, the Golden or Sichuan Snub-nosed Monkey, the Clouded Leopard, Common Leopard and the Asian Black Bear. Hubei Shennongjia is one of three centres of biodiversity in China. The site features promi"
historic_ensemble_of_the_potala_palace_lhasa,"Historic Ensemble of the Potala Palace, Lhasa",707,Cultural,(i)(iv),2,CHN,Asia and the Pacific,Unknown,,,1994,1990s,31,False,False,60.5,True,3,Mountain,https://whc.unesco.org/en/list/707,"The Potala Palace, winter palace of the Dalai Lama since the 7th century, symbolizes Tibetan Buddhism and its central role in the traditional administration of Tibet. The complex, comprising the White and Red Palaces with their ancillary buildings, is built on Red Mountain in the centre of Lhasa Valley, at an altitude of 3,700m. Also founded in the 7th century, the Jokhang Temple Monastery is an exceptional Buddhist religious complex. Norbulingka, the Dalai Lama's former summer palace, construct"
kaiping_diaolou_and_villages,Kaiping Diaolou and Villages,1112,Cultural,(ii)(iii)(iv),3,CHN,Asia and the Pacific,Unknown,,,2007,2000s,18,False,False,371.948,True,4,Cultural Landscape,https://whc.unesco.org/en/list/1112,"Kaiping Diaolou and Villages feature the Diaolou, multi-storeyed defensive village houses in Kaiping, which display a complex and flamboyant fusion of Chinese and Western structural and decorative forms. They reflect the significant role of émigré Kaiping people in the development of several countries in South Asia, Australasia and North America, during the late 19th and early 20th centuries. There are four groups of Diaolou and twenty of the most symbolic ones are inscribed on the List. These b"
mogao_caves,Mogao Caves,440,Cultural,(i)(ii)(iii)(iv)(v),5,CHN,Asia and the Pacific,Unknown,,,1987,1980s,38,False,False,23392,True,1,Cultural Landscape,https://whc.unesco.org/en/list/440,"Situated at a strategic point along the Silk Route, at the crossroads of trade as well as religious, cultural and intellectual influences, the 492 cells and cave sanctuaries in Mogao are famous for their statues and wall paintings, spanning 1,000 years of Buddhist art."
mount_emei_scenic_area_including_leshan_giant_buddha_scenic_area,"Mount Emei Scenic Area, including Leshan Giant Buddha Scenic Area",779,Mixed,(iv)(x),2,CHN,Asia and the Pacific,Unknown,,,1996,1990s,29,False,False,15400,True,2,Mountain,https://whc.unesco.org/en/list/779,"The first Buddhist temple in China was built here in Sichuan Province in the 1st century A.D. in the beautiful surroundings of the summit Mount Emei. The addition of other temples turned the site into one of Buddhism's holiest sites. Over the centuries, the cultural treasures grew in number. The most remarkable is the Giant Buddha of Leshan, carved out of a hillside in the 8th century and looking down on the confluence of three rivers. At 71 m high, it is the largest Buddha in the world. Mount E"
qinghai_hoh_xil,Qinghai Hoh Xil,1540,Natural,(vii)(x),2,CHN,Asia and the Pacific,Unknown,,,2017,2010s,8,False,False,3735632,True,1,Mountain,https://whc.unesco.org/en/list/1540,"Qinghai Hoh Xil, located in the northeastern extremity of the Qinghai-Tibetan Plateau, is the largest and highest plateau in the world. This extensive area of alpine mountains and steppe systems is situated more than 4,500 m above sea level, where sub-zero average temperatures prevail all year-round. The site’s geographical and climatic conditions have nurtured a unique biodiversity. More than one third of the plant species, and all the herbivorous mammals are endemic to the plateau. The propert"
site_of_xanadu,Site of Xanadu,1389,Cultural,(ii)(iii)(iv),3,CHN,Asia and the Pacific,Unknown,,,2012,2010s,13,False,False,25131.27,True,1,Mountain,https://whc.unesco.org/en/list/1389,"North of the Great Wall, the Site of Xanadu encompasses the remains of Kublai Khan’s legendary capital city, designed by the Mongol ruler’s Chinese advisor Liu Bingzhdong in 1256. Over a surface area of 25,000 ha, the site was a unique attempt to assimilate the nomadic Mongolian and Han Chinese cultures. From this base, Kublai Khan established the Yuan dynasty that ruled China over a century, extending its boundaries across Asia. The religious debate that took place here resulted in the dissemin"
sichuan_giant_panda_sanctuaries_wolong_mt_siguniang_and_jiajin_mountains,"Sichuan Giant Panda Sanctuaries - Wolong, Mt Siguniang and Jiajin Mountains",1213,Natural,(x),1,CHN,Asia and the Pacific,Unknown,,,2006,2000s,19,False,False,924500,True,1,Mountain,https://whc.unesco.org/en/list/1213,"Sichuan Giant Panda Sanctuaries, home to more than 30% of the world's pandas which are classed as highly endangered, covers 924,500 ha with seven nature reserves and nine scenic parks in the Qionglai and Jiajin Mountains. The sanctuaries constitute the largest remaining contiguous habitat of the giant panda, a relict from the paleo-tropic forests of the Tertiary Era. It is also the species' most important site for captive breeding. The sanctuaries are home to other globally endangered animals su"
silk_roads_the_routes_network_of_chang_an_tianshan_corridor,Silk Roads: the Routes Network of Chang'an-Tianshan Corridor,1442,Cultural,(ii)(iii)(v),3,"CHN, KGZ, KAZ",Asia and the Pacific,Unknown,,,2014,2010s,11,True,False,42668.16,True,33,Cultural Landscape,https://whc.unesco.org/en/list/1442,"This property is a 5,000 km section of the extensive Silk Roads network, stretching from Chang’an/Luoyang, the central capital of China in the Han and Tang dynasties, to the Zhetysu region of Central Asia. It took shape between the 2nd century BC and 1st century AD and remained in use until the 16th century, linking multiple civilizations and facilitating far-reaching exchanges of activities in trade, religious beliefs, scientific knowledge, technological innovation, cultural practices and the a"
temple_and_cemetery_of_confucius_and_the_kong_family_mansion_in_qufu,Temple and Cemetery of Confucius and the Kong Family Mansion in Qufu,704,Cultural,(i)(iv),2,CHN,Asia and the Pacific,Unknown,,,1994,1990s,31,False,False,183,True,1,Cultural Landscape,https://whc.unesco.org/en/list/704,"The temple, cemetery and family mansion of Confucius, the great philosopher, politician and educator of the 6th–5th centuries B.C., are located at Qufu, in Shandong Province. Built to commemorate him in 478 B.C., the temple has been destroyed and reconstructed over the centuries; today it comprises more than 100 buildings. The cemetery contains Confucius' tomb and the remains of more than 100,000 of his descendants. The small house of the Kong family developed into a gigantic aristocratic reside"
the_great_wall,The Great Wall,438,Cultural,(i)(ii)(iii)(iv),4,CHN,Asia and the Pacific,Unknown,,,1987,1980s,38,False,False,2151.55,True,3,Cultural Landscape,https://whc.unesco.org/en/list/438,"In c. 220 B.C., under Qin Shi Huang, sections of earlier fortifications were joined together to form a united defence system against invasions from the north. Construction continued up to the Ming dynasty (1368–1644), when the Great Wall became the world's largest military structure. Its historic and strategic importance is matched only by its architectural significance."
xinjiang_tianshan,Xinjiang Tianshan,1414,Natural,(vii)(ix),2,CHN,Asia and the Pacific,Unknown,,,2013,2010s,12,False,False,606833,True,4,Mountain,https://whc.unesco.org/en/list/1414,"Xinjiang Tianshan comprises four components—Tomur, Kalajun-Kuerdening, Bayinbukuke and Bogda— that total 606,833 hectares. They are part of the Tianshan mountain system of Central Asia, one of the largest mountain ranges in the world. Xinjiang Tianshan presents unique physical geographic features and scenically beautiful areas including spectacular snow and snowy mountains glacier-capped peaks, undisturbed forests and meadows, clear rivers and lakes and red bed canyons. These landscapes contrast"
wulingyuan_scenic_and_historic_interest_area,Wulingyuan Scenic and Historic Interest Area,640,Natural,(vii),1,CHN,Asia and the Pacific,Unknown,,,1992,1990s,33,False,False,26400,True,1,Mountain,https://whc.unesco.org/en/list/640,"A spectacular area stretching over more than 26,000 ha in China's Hunan Province, the site is dominated by more than 3,000 narrow sandstone pillars and peaks, many over 200 m high. Between the peaks lie ravines and gorges with streams, pools and waterfalls, some 40 caves, and two large natural bridges. In addition to the striking beauty of the landscape, the region is also noted for the fact that it is home to a number of endangered plant and animal species."
national_archeological_park_of_tierradentro,National Archeological Park of Tierradentro,743,Cultural,(iii),1,COL,Latin America and the Caribbean,Americas,,,1995,1990s,30,False,False,38.84,True,5,Cultural Landscape,https://whc.unesco.org/en/list/743,"Several monumental statues of human figures can be seen in the park, which also contains many hypogea dating from the 6th to the 10th century. These huge underground tombs (some burial chambers are up to 12 m wide) are decorated with motifs that reproduce the internal decor of homes of the period. They reveal the social complexity and cultural wealth of a pre-Hispanic society in the northern Andes."
los_katios_national_park,Los Katíos National Park,711,Natural,(ix)(x),2,COL,Latin America and the Caribbean,Americas,,,1994,1990s,31,False,False,72000,True,1,Forest,https://whc.unesco.org/en/list/711,"Extending over 72,000 ha in north-western Colombia, Los Katios National Park comprises low hills, forests and humid plains. An exceptional biological diversity is found in the park, which is home to many threatened animal species, as well as many endemic plants."
area_de_conservacion_guanacaste,Area de Conservación Guanacaste,928,Natural,(ix)(x),2,CRI,Latin America and the Caribbean,Americas,,,1999,1990s,26,False,False,147000,True,1,Coastal,https://whc.unesco.org/en/list/928,"The Area de Conservación Guanacaste (inscribed in 1999), was extended with the addition of a 15,000 ha private property, St Elena. It contains important natural habitats for the conservation of biological diversity, including the best dry forest habitats from Central America to northern Mexico and key habitats for endangered or rare plant and animal species. The site demonstrates significant ecological processes in both its terrestrial and marine-coastal environments."
mount_nimba_strict_nature_reserve,Mount Nimba Strict Nature Reserve,155,Natural,(ix)(x),2,"GIN, CIV",Africa,Africa,,,1981,1980s,44,True,True,17540,True,1,Mountain,https://whc.unesco.org/en/list/155,"Located on the borders of Guinea, Liberia and Côte d’Ivoire, Mount Nimba rises above the surrounding savannah. Its slopes are covered by dense forest at the foot of grassy mountain pastures. They harbour an especially rich flora and fauna, with endemic species such as the viviparous toad and chimpanzees that use stones as tools."
tai_national_park,Taï National Park,195,Natural,(vii)(x),2,CIV,Africa,Africa,,,1982,1980s,43,False,False,508186,False,1,Forest,https://whc.unesco.org/en/list/195,"This park is one of the last major remnants of the primary tropical forest of West Africa. Its rich natural flora, and threatened mammal species such as the pygmy hippopotamus and 11 species of monkeys, are of great scientific interest."
historical_complex_of_split_with_the_palace_of_diocletian,Historical Complex of Split with the Palace of Diocletian,97,Cultural,(ii)(iii)(iv),3,HRV,Europe and North America,Europe,,,1979,1970s,46,False,False,20.8,True,1,Urban,https://whc.unesco.org/en/list/97,"The ruins of Diocletian's Palace, built between the late 3rd and the early 4th centuries A.D., can be found throughout the city. The cathedral was built in the Middle Ages, reusing materials from the ancient mausoleum. Twelfth- and 13th-century Romanesque churches, medieval fortifications, 15th-century Gothic palaces and other palaces in Renaissance and Baroque style make up the rest of the protected area."
episcopal_complex_of_the_euphrasian_basilica_in_the_historic_centre_of_porec,Episcopal Complex of the Euphrasian Basilica in the Historic Centre of Poreč,809,Cultural,(ii)(iii)(iv),3,HRV,Europe and North America,Europe,,,1997,1990s,28,False,False,1.1,True,1,Cultural Landscape,https://whc.unesco.org/en/list/809,"The group of religious monuments in Porec, where Christianity was established as early as the 4th century, constitutes the most complete surviving complex of its type. The basilica, atrium, baptistery and episcopal palace are outstanding examples of religious architecture, while the basilica itself combines classical and Byzantine elements in an exceptional manner."
cultural_landscape_of_bali_province_the_em_subak_em_system_as_a_manifestation_of_the_em_tri_hita_karana_em_philosophy,Cultural Landscape of Bali Province: the <em>Subak</em> System as a Manifestation of the <em>Tri Hita Karana</em> Philosophy,1194,Cultural,(iii)(v),2,IDN,Asia and the Pacific,Unknown,,,2012,2010s,13,False,False,19519.9,True,5,Coastal,https://whc.unesco.org/en/list/1194,"The cultural landscape of Bali consists of five rice terraces and their water temples that cover 19,500 ha. The temples are the focus of a cooperative water management system of canals and weirs, known as subak, that dates back to the 9th century. Included in the landscape is the 18th-century Royal Water Temple of Pura Taman Ayun, the largest and most impressive architectural edifice of its type on the island. The subak reflects the philosophical concept of Tri Hita Karana, which brings together"
the_cathedral_of_st_james_in_sibenik,The Cathedral of St James in Šibenik,963,Cultural,(i)(ii)(iv),3,HRV,Europe and North America,Europe,,,2000,2000s,25,False,False,0.1,True,1,Coastal,https://whc.unesco.org/en/list/963,"The Cathedral of St James in Šibenik (1431-1535), on the Dalmatian coast, bears witness to the considerable exchanges in the field of monumental arts between Northern Italy, Dalmatia and Tuscany in the 15th and 16th centuries. The three architects who succeeded one another in the construction of the Cathedral - Francesco di Giacomo, Georgius Mathei Dalmaticus and Niccolò di Giovanni Fiorentino - developed a structure built entirely from stone and using unique construction techniques for the vaul"
stari_grad_plain,Stari Grad Plain,1240,Cultural,(ii)(iii)(v),3,HRV,Europe and North America,Europe,,,2008,2000s,17,False,False,1376.53,True,1,Coastal,https://whc.unesco.org/en/list/1240,"Stari Grad Plain on the Adriatic island of Hvar is a cultural landscape that has remained practically intact since it was first colonized by Ionian Greeks from Paros in the 4th century BC. The original agricultural activity of this fertile plain, mainly centring on grapes and olives, has been maintained since Greek times to the present. The site is also a natural reserve. The landscape features ancient stone walls and trims, or small stone shelters, and bears testimony to the ancient geometrical"
desembarco_del_granma_national_park,Desembarco del Granma National Park,889,Natural,(vii)(viii),2,CUB,Latin America and the Caribbean,Americas,,,1999,1990s,26,False,False,32576,True,1,Coastal,https://whc.unesco.org/en/list/889,"Desembarco del Granma National Park, with its uplifted marine terraces and associated ongoing development of karst topography and features, represents a globally significant example of geomorphologic and physiographic features and ongoing geological processes. The area, which is situated in and around Cabo Cruz in south-east Cuba, includes spectacular terraces and cliffs, as well as some of the most pristine and impressive coastal cliffs bordering the western Atlantic."
archaeological_landscape_of_the_first_coffee_plantations_in_the_south_east_of_cuba,Archaeological Landscape of the First Coffee Plantations in the South-East of Cuba,1008,Cultural,(iii)(iv),2,CUB,Latin America and the Caribbean,Americas,,,2000,2000s,25,False,False,81475,True,7,Cultural Landscape,https://whc.unesco.org/en/list/1008,"The remains of the 19th-century coffee plantations in the foothills of the Sierra Maestra are unique evidence of a pioneer form of agriculture in a difficult terrain. They throw considerable light on the economic, social, and technological history of the Caribbean and Latin American region."
san_pedro_de_la_roca_castle_santiago_de_cuba,"San Pedro de la Roca Castle, Santiago de Cuba",841,Cultural,(iv)(v),2,CUB,Latin America and the Caribbean,Americas,,,1997,1990s,28,False,False,93.88,True,1,Cultural Landscape,https://whc.unesco.org/en/list/841,"Commercial and political rivalries in the Caribbean region in the 17th century resulted in the construction of this massive series of fortifications on a rocky promontory, built to protect the important port of Santiago. This intricate complex of forts, magazines, bastions and batteries is the most complete, best-preserved example of Spanish-American military architecture, based on Italian and Renaissance design principles."
urban_historic_centre_of_cienfuegos,Urban Historic Centre of Cienfuegos,1202,Cultural,(ii)(iv),2,CUB,Latin America and the Caribbean,Americas,,,2005,2000s,20,False,False,70,True,1,Coastal,https://whc.unesco.org/en/list/1202,"The colonial town of Cienfuegos was founded in 1819 in the Spanish territory but was initially settled by immigrants of French origin. It became a trading place for sugar cane, tobacco and coffee. Situated on the Caribbean coast of southern-central Cuba at the heart of the country’s sugar cane, mango, tobacco and coffee production area, the town first developed in the neoclassical style. It later became more eclectic but retained a harmonious overall townscape. Among buildings of particular inte"
choirokoitia,Choirokoitia,848,Cultural,(ii)(iii)(iv),3,CYP,Europe and North America,Europe,,,1998,1990s,27,False,False,6.2,True,1,Cultural Landscape,https://whc.unesco.org/en/list/848,"The Neolithic settlement of Choirokoitia, occupied from the 7th to the 4th millennium B.C., is one of the most important prehistoric sites in the eastern Mediterranean. Its remains and the finds from the excavations there have thrown much light on the evolution of human society in this key region. Since only part of the site has been excavated, it forms an exceptional archaeological reserve for future study."
gardens_and_castle_at_kromeriz,Gardens and Castle at Kroměříž,860,Cultural,(ii)(iv),2,CZE,Europe and North America,Europe,,,1998,1990s,27,False,False,74.5,True,2,Mountain,https://whc.unesco.org/en/list/860,"Kroměříž stands on the site of an earlier ford across the River Morava, at the foot of the Chriby mountain range which dominates the central part of Moravia. The gardens and castle of Kroměříž are an exceptionally complete and well-preserved example of a European Baroque princely residence and its gardens."
historic_centre_of_cesky_krumlov,Historic Centre of Český Krumlov,617,Cultural,(iv),1,CZE,Europe and North America,Europe,,,1992,1990s,33,False,False,51.91,True,1,Urban,https://whc.unesco.org/en/list/617,"Situated on the banks of the Vltava river, the town was built around a 13th-century castle with Gothic, Renaissance and Baroque elements. It is an outstanding example of a small central European medieval town whose architectural heritage has remained intact thanks to its peaceful evolution over more than five centuries."
erzgebirge_krusnohori_mining_region,Erzgebirge/Krušnohoří Mining Region,1478,Cultural,(ii)(iii)(iv),3,"DEU, CZE",Europe and North America,Europe,,,2019,2010s,6,True,False,6833.776,True,22,Mountain,https://whc.unesco.org/en/list/1478,"Erzgebirge/Krušnohoří (Ore Mountains) spans a region in south-eastern Germany (Saxony) and north-western Czechia, which contains a wealth of several metals exploited through mining from the Middle Ages onwards. The region became the most important source of silver ore in Europe from 1460 to 1560. Mining was the trigger for technological and scientific innovations transferred worldwide. Tin was historically the second metal to be extracted and processed at the site. At the end of the 19th century"
historic_centre_of_telc,Historic Centre of Telč,621,Cultural,(i)(iv),2,CZE,Europe and North America,Europe,,,1992,1990s,33,False,False,36,True,1,Urban,https://whc.unesco.org/en/list/621,"The houses in Telc, which stands on a hilltop, were originally built of wood. After a fire in the late 14th century, the town was rebuilt in stone, surrounded by walls and further strengthened by a network of artificial ponds. The town's Gothic castle was reconstructed in High Gothic style in the late 15th century."
historic_centre_of_prague,Historic Centre of Prague,616,Cultural,(ii)(iv),2,CZE,Europe and North America,Europe,,,1992,1990s,33,False,False,1106.36,True,2,Mountain,https://whc.unesco.org/en/list/616,"Built between the 11th and 18th centuries, the Old Town, the Lesser Town and the New Town speak of the great architectural and cultural influence enjoyed by this city since the Middle Ages. The many magnificent monuments, such as Hradcany Castle, St Vitus Cathedral, Charles Bridge and numerous churches and palaces, built mostly in the 14th century under the Holy Roman Emperor, Charles IV."
litomysl_castle,Litomyšl Castle,901,Cultural,(ii)(iv),2,CZE,Europe and North America,Europe,,,1999,1990s,26,False,False,4.25,True,1,Cultural Landscape,https://whc.unesco.org/en/list/901,"Litomyšl Castle was originally a Renaissance arcade-castle of the type first developed in Italy and then adopted and greatly developed in central Europe in the 16th century. Its design and decoration are particularly fine, including the later High-Baroque features added in the 18th century. It preserves intact the range of ancillary buildings associated with an aristocratic residence of this type."
landscape_for_breeding_and_training_of_ceremonial_carriage_horses_at_kladruby_nad_labem,Landscape for Breeding and Training of Ceremonial Carriage Horses at Kladruby nad Labem,1589,Cultural,(iv)(v),2,CZE,Europe and North America,Europe,,,2019,2010s,6,False,False,1310,True,1,Forest,https://whc.unesco.org/en/list/1589,"The property is situated on the Elbe (Labe) River flood plain where there is sandy soil, ox bow lakes and the relic of a riparian forest. The structure and functional use of plots of land (pastures, meadows, forests, fields, park), network of paths, avenues, trees in regimented lines and arranged clusters as well as the solitary trees, the network of watercourses, ensembles of buildings in the farmsteads and the overall composition including functional relations and links between these component"
historic_monuments_and_sites_in_kaesong,Historic Monuments and Sites in Kaesong,1278,Cultural,(ii)(iii),2,PRK,Asia and the Pacific,Unknown,,,2013,2010s,12,False,False,494.2,True,8,Urban,https://whc.unesco.org/en/list/1278,"Situated in Kaesong city, in the south of the country, the site consists of 12 separate components, which together testify to the history and culture of the Koryo Dynasty from the 10th to 14th centuries. The geomantic layout of the former capital city of Kaesong, its palaces, institutions and tomb complex, defensive walls and gates embody the political, cultural, philosophical and spiritual values of a crucial era in the region’s history. The monuments inscribed also include an astronomical and "
tugendhat_villa_in_brno,Tugendhat Villa in Brno,1052,Cultural,(ii)(iv),2,CZE,Europe and North America,Europe,,,2001,2000s,24,False,False,0.73,True,1,Cultural Landscape,https://whc.unesco.org/en/list/1052,"The Tugendhat Villa in Brno, designed by the architect Mies van der Rohe, is an outstanding example of the international style in the modern movement in architecture as it developed in Europe in the 1920s. Its particular value lies in the application of innovative spatial and aesthetic concepts that aim to satisfy new lifestyle needs by taking advantage of the opportunities afforded by modern industrial production."
mount_kumgang_diamond_mountain_from_the_sea,Mount Kumgang – Diamond Mountain from the Sea,1642,Mixed,(iii)(vii),2,PRK,Asia and the Pacific,Unknown,,,2025,2020s,0,False,False,19827.86,True,2,Mountain,https://whc.unesco.org/en/list/1642,"Mount Kumgang is a long-celebrated place of exceptional natural beauty, renowned for its near-white granite peaks, deep valleys, waterfalls, and pristine ecosystems, rising to nearly 1,600 metres. The mountain’s dramatic impact is enhanced through constantly changing weather patterns of mists, rain, sunshine and clouds. This sacred mountain is a key site of mountain Buddhism, with traditions dating back to the 5th century. This cultural landscape is home to ancient hermitages, temples, stupas, a"
garamba_national_park,Garamba National Park,136,Natural,(vii)(x),2,COD,Africa,Africa,,,1980,1980s,45,False,True,500000,True,1,Forest,https://whc.unesco.org/en/list/136,"The park's immense savannahs, grasslands and woodlands, interspersed with gallery forests along the river banks and the swampy depressions, are home to four large mammals: the elephant, giraffe, hippopotamus and above all the white rhinoceros. Though much larger than the black rhino, it is harmless; only some 30 individuals remain."
okapi_wildlife_reserve,Okapi Wildlife Reserve,718,Natural,(x),1,COD,Africa,Africa,,,1996,1990s,29,False,True,1372625,True,1,Forest,https://whc.unesco.org/en/list/718,"The Okapi Wildlife Reserve occupies about one-fifth of the Ituri forest in the north-east of the Democratic Republic of the Congo. The Congo river basin, of which the reserve and forest are a part, is one of the largest drainage systems in Africa. The reserve contains threatened species of primates and birds and about 5,000 of the estimated 30,000 okapi surviving in the wild. It also has some dramatic scenery, including waterfalls on the Ituri and Epulu rivers. The reserve is inhabited by tradit"
salonga_national_park,Salonga National Park,280,Natural,(vii)(ix),2,COD,Africa,Africa,,,1984,1980s,41,False,False,3600000,True,2,Forest,https://whc.unesco.org/en/list/280,"Salonga National Park is Africa's largest tropical rainforest reserve. Situated at the heart of the central basin of the Congo river, the park is very isolated and accessible only by water. It is the habitat of many endemic endangered species, such as the dwarf chimpanzee, the Congo peacock, the forest elephant and the African slender-snouted or 'false' crocodile."
jelling_mounds_runic_stones_and_church,"Jelling Mounds, Runic Stones and Church",697,Cultural,(iii),1,DNK,Europe and North America,Europe,,,1994,1990s,31,False,False,12.7,True,1,Cultural Landscape,https://whc.unesco.org/en/list/697,"The Jelling burial mounds and one of the runic stones are striking examples of pagan Nordic culture, while the other runic stone and the church illustrate the Christianization of the Danish people towards the middle of the 10th century."
kujataa_greenland_norse_and_inuit_farming_at_the_edge_of_the_ice_cap,Kujataa Greenland: Norse and Inuit Farming at the Edge of the Ice Cap,1536,Cultural,(v),1,DNK,Europe and North America,Europe,,,2017,2010s,8,False,False,34.892,True,5,Cultural Landscape,https://whc.unesco.org/en/list/1536,"Kujataa is a subarctic farming landscape located in the southern region of Greenland. It bears witness to the cultural histories of the Norse farmer-hunters who started arriving from Iceland in the 10th century and of the Inuit hunters and Inuit farming communities that developed from the end of the 18th century. Despite their differences, the two cultures, European Norse and Inuit, created a cultural landscape based on farming, grazing and marine mammal hunting. The landscape represents the ear"
aasivissuit_nipisat_inuit_hunting_ground_between_ice_and_sea,Aasivissuit – Nipisat. Inuit Hunting Ground between Ice and Sea,1557,Cultural,(v),1,DNK,Europe and North America,Europe,,,2018,2010s,7,False,False,417800,True,1,Coastal,https://whc.unesco.org/en/list/1557,"Located inside the Arctic Circle in the central part of West Greenland, the property contains the remains of 4,200 years of human history. It is a cultural landscape which bears witness to its creators’ hunting of land and sea animals, seasonal migrations and a rich and well-preserved tangible and intangible cultural heritage linked to climate, navigation and medicine. The features of the property include large winter houses and evidence of caribou hunting, as well as archaeological sites from P"
mons_klint,Møns Klint,1728,Natural,(viii),1,DNK,Europe and North America,Europe,,,2025,2020s,0,False,False,4123,True,1,Forest,https://whc.unesco.org/en/list/1728,"Featuring a dramatic glaciotectonic landscape shaped by Pleistocene glaciers, the property includes chalk cliffs, rolling hills, kame and kettle topography, and outwash plains. Visible cliff cross-sections reveal intense folding and faulting of Cretaceous chalk and Quaternary sediments. The area supports rare habitats like calcareous grasslands and beech forests, hosting diverse flora and fauna, including 18 species of orchid, and the almost-threatened Large Blue butterfly. Erosion continuously "
historic_centre_of_santa_ana_de_los_rios_de_cuenca,Historic Centre of Santa Ana de los Ríos de Cuenca,863,Cultural,(ii)(iv)(v),3,ECU,Latin America and the Caribbean,Americas,,,1999,1990s,26,False,False,224.14,True,1,Mountain,https://whc.unesco.org/en/list/863,"Santa Ana de los Ríos de Cuenca is set in a valley surrounded by the Andean mountains in the south of Ecuador. This inland colonial town (entroterra ), now the country's third city, was founded in 1557 on the rigorous planning guidelines issued 30 years earlier by the Spanish king Charles V. Cuenca still observes the formal orthogonal town plan that it has respected for 400 years. One of the region's agricultural and administrative centres, it has been a melting pot for local and immigrant popul"
saint_catherine_area,Saint Catherine Area,954,Cultural,(i)(iii)(iv),3,EGY,Arab States,Asia,,,2002,2000s,23,False,False,60100,True,1,Mountain,https://whc.unesco.org/en/list/954,"The Orthodox Monastery of St Catherine stands at the foot of Mount Horeb where, the Old Testament records, Moses received the Tablets of the Law. The mountain is known and revered by Muslims as Jebel Musa. The entire area is sacred to three world religions: Christianity, Islam, and Judaism. The Monastery, founded in the 6th century, is the oldest Christian monastery still in use for its initial function. Its walls and buildings of great significance to studies of Byzantine architecture and the M"
joya_de_ceren_archaeological_site,Joya de Cerén Archaeological Site,675,Cultural,(iii)(iv),2,SLV,Latin America and the Caribbean,Americas,,,1993,1990s,32,False,False,3200,True,1,Cultural Landscape,https://whc.unesco.org/en/list/675,"Joya de Cerén was a pre-Hispanic farming community that, like Pompeii and Herculaneum in Italy, was buried under an eruption of the Laguna Caldera volcano c. AD 600. Because of the exceptional condition of the remains, they provide an insight into the daily lives of the Central American populations who worked the land at that time."
asmara_a_modernist_african_city,Asmara: A Modernist African City,1550,Cultural,(ii)(iv),2,ERI,Africa,Africa,,,2017,2010s,8,False,False,481,True,1,Coastal,https://whc.unesco.org/en/list/1550,"Located at over 2,000 m above sea level, the capital of Eritrea developed from the 1890s onwards as a military outpost for the Italian colonial power. After 1935, Asmara underwent a large scale programme of construction applying the Italian rationalist idiom of the time to governmental edifices, residential and commercial buildings, churches, mosques, synagogues, cinemas, hotels, etc. The property encompasses the area of the city that resulted from various phases of planning between 1893 and 194"
lower_valley_of_the_omo,Lower Valley of the Omo,17,Cultural,(iii)(iv),2,ETH,Africa,Africa,,,1980,1980s,45,False,False,0,True,1,River/Valley,https://whc.unesco.org/en/list/17,"A prehistoric site near Lake Turkana, the lower valley of the Omo is renowned the world over. The discovery of many fossils there, especially Homo gracilis, has been of fundamental importance in the study of human evolution."
rock_hewn_churches_lalibela,"Rock-Hewn Churches, Lalibela",18,Cultural,(i)(ii)(iii),3,ETH,Africa,Africa,,,1978,1970s,47,False,False,0,True,1,Mountain,https://whc.unesco.org/en/list/18,"The 11 medieval monolithic cave churches of this 13th-century 'New Jerusalem' are situated in a mountainous region in the heart of Ethiopia near a traditional village with circular-shaped dwellings. Lalibela is a high place of Ethiopian Christianity, still today a place of pilmigrage and devotion."
abbey_church_of_saint_savin_sur_gartempe,Abbey Church of Saint-Savin sur Gartempe,230,Cultural,(i)(iii),2,FRA,Europe and North America,Europe,,,1983,1980s,42,False,False,1.61,True,1,Cultural Landscape,https://whc.unesco.org/en/list/230,"Known as the 'Romanesque Sistine Chapel', the Abbey-Church of Saint-Savin contains many beautiful 11th- and 12th-century murals which are still in a remarkable state of preservation."
petajavesi_old_church,Petäjävesi Old Church,584,Cultural,(iv),1,FIN,Europe and North America,Europe,,,1994,1990s,31,False,False,2.98,True,1,Cultural Landscape,https://whc.unesco.org/en/list/584,"Petäjävesi Old Church, in central Finland, was built of logs between 1763 and 1765. This Lutheran country church is a typical example of an architectural tradition that is unique to eastern Scandinavia. It combines the Renaissance conception of a centrally planned church with older forms deriving from Gothic groin vaults."
verla_groundwood_and_board_mill,Verla Groundwood and Board Mill,751,Cultural,(iv),1,FIN,Europe and North America,Europe,,,1996,1990s,29,False,False,22.778,True,1,Cultural Landscape,https://whc.unesco.org/en/list/751,"The Verla groundwood and board mill and its associated residential area is an outstanding, remarkably well-preserved example of the small-scale rural industrial settlements associated with pulp, paper and board production that flourished in northern Europe and North America in the 19th and early 20th centuries. Only a handful of such settlements survive to the present day."
bordeaux_port_of_the_moon,"Bordeaux, Port of the Moon",1256,Cultural,(ii)(iv),2,FRA,Europe and North America,Europe,,,2007,2000s,18,False,False,1731,True,1,Urban,https://whc.unesco.org/en/list/1256,"The Port of the Moon, port city of Bordeaux in south-west France, is inscribed as an inhabited historic city, an outstanding urban and architectural ensemble, created in the age of the Enlightenment, whose values continued up to the first half of the 20th century, with more protected buildings than any other French city except Paris. It is also recognized for its historic role as a place of exchange of cultural values over more than 2,000 years, particularly since the 12th century due to commerc"
bourges_cathedral,Bourges Cathedral,635,Cultural,(i)(iv),2,FRA,Europe and North America,Europe,,,1992,1990s,33,False,False,0.85,True,1,Cultural Landscape,https://whc.unesco.org/en/list/635,"The Cathedral of St Etienne of Bourges, built between the late 12th and late 13th centuries, is one of the great masterpieces of Gothic art and is admired for its proportions and the unity of its design. The tympanum, sculptures and stained-glass windows are particularly striking. Apart from the beauty of the architecture, it attests to the power of Christianity in medieval France."
chaine_des_puys_limagne_fault_tectonic_arena,Chaîne des Puys - Limagne fault tectonic arena,1434,Natural,(viii),1,FRA,Europe and North America,Europe,,,2018,2010s,7,False,False,24223,True,1,Natural Landscape,https://whc.unesco.org/en/list/1434,"Situated in the centre of France, the property comprises the long Limagne fault, the alignments of the Chaîne des Puys volcanoes and the inverted relief of the Montagne de la Serre. It is an emblematic segment of the West European Rift, created in the aftermath of the formation of the Alps, 35 million years ago. The geological features of the property demonstrate how the continental crust cracks, then collapses, allowing deep magma to rise and cause uplifting at the surface. The property is an e"
champagne_hillsides_houses_and_cellars,"Champagne Hillsides, Houses and Cellars",1465,Cultural,(iii)(iv),2,FRA,Europe and North America,Europe,,,2015,2010s,10,False,False,1101.72,True,14,Cultural Landscape,https://whc.unesco.org/en/list/1465,"The property encompasses sites where the method of producing sparkling wines was developed on the principle of secondary fermentation in the bottle since the early 17th century to its early industrialization in the 19th century. The property is made up of three distinct ensembles: the historic vineyards of Hautvillers, Aÿ and Mareuil-sur-Aÿ, Saint-Nicaise Hill in Reims, and the Avenue de Champagne and Fort Chabrol in Epernay. These three components – the supply basin formed by the historic hills"
fortifications_of_vauban,Fortifications of Vauban,1283,Cultural,(i)(ii)(iv),3,FRA,Europe and North America,Europe,,,2008,2000s,17,False,False,1153.16,True,12,Mountain,https://whc.unesco.org/en/list/1283,"Fortifications of Vauban consists of 12 groups of fortified buildings and sites along the western, northern and eastern borders of France. They represent the finest examples of the work of Sébastien Le Prestre de Vauban (1633-1707), a military engineer of King Louis XIV. The serial property includes towns built from scratch by Vauban, citadels, urban bastion walls and bastion towers. There are also mountain forts, sea forts, a mountain battery and two mountain communication structures. This prop"
french_austral_lands_and_seas,French Austral Lands and Seas,1603,Natural,(vii)(ix)(x),3,FRA,Europe and North America,Europe,,,2019,2010s,6,False,False,166267100,True,3,Coastal,https://whc.unesco.org/en/list/1603,"The French Austral Lands and Seas comprise the largest of the rare emerged landmasses in the southern Indian Ocean: the Crozet Archipelago, the Kerguelen Islands, Saint-Paul and Amsterdam Islands as well as 60 small sub-Antarctic islands. This ‘oasis’ in the middle of the Southern Ocean covers an area of more than 166 million ha and supports one of the highest concentrations of birds and marine mammals in the world. In particular, it has the largest population of King Penguins and Yellow-nosed a"
lagoons_of_new_caledonia_reef_diversity_and_associated_ecosystems,Lagoons of New Caledonia: Reef Diversity and Associated Ecosystems,1115,Natural,(vii)(ix)(x),3,FRA,Europe and North America,Europe,,,2008,2000s,17,False,False,1574300,True,6,Coastal,https://whc.unesco.org/en/list/1115,This serial site comprises six marine clusters that represent the main diversity of coral reefs and associated ecosystems in the French Pacific Ocean archipelago of New Caledonia and one of the three most extensive reef systems in the world. These Lagoons are of exceptional natural beauty. They feature an exceptional diversity of coral and fish species and a continuum of habitats from mangroves to seagrasses with the world’s most diverse concentration of reef structures. The Lagoons of New Caled
jurisdiction_of_saint_emilion,Jurisdiction of Saint-Emilion,932,Cultural,(iii)(iv),2,FRA,Europe and North America,Europe,,,1999,1990s,26,False,False,7847,True,1,Urban,https://whc.unesco.org/en/list/932,"Viticulture was introduced to this fertile region of Aquitaine by the Romans, and intensified in the Middle Ages. The Saint-Emilion area benefited from its location on the pilgrimage route to Santiago de Compostela and many churches, monasteries and hospices were built there from the 11th century onwards. It was granted the special status of a 'jurisdiction' during the period of English rule in the 12th century. It is an exceptional landscape devoted entirely to wine-growing, with many fine hist"
le_havre_the_city_rebuilt_by_auguste_perret,"Le Havre, the City Rebuilt by Auguste Perret",1181,Cultural,(ii)(iv),2,FRA,Europe and North America,Europe,,,2005,2000s,20,False,False,133,True,1,Urban,https://whc.unesco.org/en/list/1181,"The city of Le Havre, on the English Channel in Normandy, was severely bombed during the Second World War. The destroyed area was rebuilt according to the plan of a team headed by Auguste Perret, from 1945 to 1964. The site forms the administrative, commercial and cultural centre of Le Havre. Le Havre is exceptional among many reconstructed cities for its unity and integrity. It combines a reflection of the earlier pattern of the town and its extant historic structures with the new ideas of town"
palace_and_park_of_versailles,Palace and Park of Versailles,83,Cultural,(i)(ii),2,FRA,Europe and North America,Europe,,,1979,1970s,46,False,False,1070,True,1,Cultural Landscape,https://whc.unesco.org/en/list/83,"The Palace of Versailles was the principal residence of the French kings from the time of Louis XIV to Louis XVI. Embellished by several generations of architects, sculptors, decorators and landscape architects, it provided Europe with a model of the ideal royal residence for over a century."
paris_banks_of_the_seine,"Paris, Banks of the Seine",600,Cultural,(i)(ii)(iv),3,FRA,Europe and North America,Europe,,,1991,1990s,34,False,False,538,True,1,Urban,https://whc.unesco.org/en/list/600,"From the Louvre to the Eiffel Tower, from the Place de la Concorde to the Grand and Petit Palais, the evolution of Paris and its history can be seen from the River Seine. The Cathedral of Notre-Dame and the Sainte Chapelle are architectural masterpieces while Haussmann's wide squares and boulevards influenced late 19th- and 20th-century town planning the world over."
roman_theatre_and_its_surroundings_and_the_triumphal_arch_of_orange,Roman Theatre and its Surroundings and the Triumphal Arch of Orange,163,Cultural,(iii),1,FRA,Europe and North America,Europe,,,1981,1980s,44,False,False,9.45,True,2,River/Valley,https://whc.unesco.org/en/list/163,"Situated in the Rhone valley, the ancient theatre of Orange, with its 103-m-long facade, is one of the best preserved of all the great Roman theatres. Built between A.D. 10 and 25, the Roman arch is one of the most beautiful and interesting surviving examples of a provincial triumphal arch from the reign of Augustus. It is decorated with low reliefs commemorating the establishment of the Pax Romana."
the_maison_carree_of_nimes,The Maison Carrée of Nîmes,1569,Cultural,(iv),1,FRA,Europe and North America,Europe,,,2023,2020s,2,False,False,0.0474,True,1,Urban,https://whc.unesco.org/en/list/1569,"Built in the 1st century AD in the Roman colony of Nemausus – today’s city of Nîmes in the Occitanie region– the Maison Carrée is one of the earliest examples of a Roman temple which can be connected to the imperial worship in the provinces of Rome. Dedicated to the presumptive heirs of Augustus, the princes of Youth, prematurely deceased, this building confirmed the control of Rome on the conquered territory while expressing in a symbolic way the allegiance and attachment of the people from the"
kunta_kinteh_island_and_related_sites,Kunta Kinteh Island and Related Sites,761,Cultural,(iii),1,GMB,Africa,Africa,,,2003,2000s,22,False,False,7.5981,True,7,Coastal,https://whc.unesco.org/en/list/761,"James Island and Related Sites present a testimony to the main periods and facets of the encounter between Africa and Europe along the River Gambia, a continuum stretching from pre-colonial and pre-slavery times to independence. The site is particularly significant for its relation to the beginning of the slave trade and its abolition. It also documents early access to the interior of Africa."
aachen_cathedral,Aachen Cathedral,3,Cultural,(i)(ii)(iv),3,DEU,Europe and North America,Europe,,,1978,1970s,47,False,False,0.2,True,1,Cultural Landscape,https://whc.unesco.org/en/list/3,"Construction of this palatine chapel, with its octagonal basilica and cupola, began c. 790–800 under the Emperor Charlemagne. Originally inspired by the churches of the Eastern part of the Holy Roman Empire, it was splendidly enlarged in the Middle Ages."
historical_monuments_of_mtskheta,Historical Monuments of Mtskheta,708,Cultural,(iii)(iv),2,GEO,Europe and North America,Europe,,,1994,1990s,31,False,False,3.85,True,3,Cultural Landscape,https://whc.unesco.org/en/list/708,"The historic churches of Mtskheta, former capital of Georgia, are outstanding examples of medieval religious architecture in the Caucasus. They show the high artistic and cultural level attained by this ancient kingdom."
carolingian_westwork_and_civitas_corvey,Carolingian Westwork and Civitas Corvey,1447,Cultural,(ii)(iii)(iv),3,DEU,Europe and North America,Europe,,,2014,2010s,11,False,False,12,True,1,River/Valley,https://whc.unesco.org/en/list/1447,"The site is located along the Weser River on the outskirts of Höxter where the Carolingian Westwork and Civitas Corvey were erected between AD 822 and 885 in a largely preserved rural setting. The Westwork is the only standing structure that dates back to the Carolingian era, while the original imperial abbey complex is preserved as archaeological remains that are only partially excavated. The Westwork of Corvey uniquely illustrates one of the most important Carolingian architectural expressions"
castles_of_augustusburg_and_falkenlust_at_bruhl,Castles of Augustusburg and Falkenlust at Brühl,288,Cultural,(ii)(iv),2,DEU,Europe and North America,Europe,,,1984,1980s,41,False,False,89,True,1,Cultural Landscape,https://whc.unesco.org/en/list/288,"Set in an idyllic garden landscape, Augustusburg Castle (the sumptuous residence of the prince-archbishops of Cologne) and the Falkenlust hunting lodge (a small rural folly) are among the earliest examples of Rococo architecture in 18th-century Germany."
frontiers_of_the_roman_empire_the_lower_german_limes,Frontiers of the Roman Empire – The Lower German Limes,1631,Cultural,(ii)(iii)(iv),3,"NLD, DEU",Europe and North America,Europe,,,2021,2020s,4,True,False,812.75,True,102,Coastal,https://whc.unesco.org/en/list/1631,"Following the left bank of the Lower Rhine River for approximately 400 km from the Rhenish Massif in Germany to the North Sea coast in the Netherlands, the transnational property consist of 102 components from one section of the frontiers of the Roman Empire, which in the 2nd century CE, stretched across Europe, the Near East, and North Africa, over 7,500 km. The property comprises military and civilian sites and infrastructure that marked the edge of Lower Germany from the 1st to 5th centuries "
hanseatic_city_of_lubeck,Hanseatic City of Lübeck,272,Cultural,(iv),1,DEU,Europe and North America,Europe,,,1987,1980s,38,False,False,81.1,True,3,Coastal,https://whc.unesco.org/en/list/272,"Lübeck – the former capital and Queen City of the Hanseatic League – was founded in the 12th century and prospered until the 16th century as the major trading centre for northern Europe. It has remained a centre for maritime commerce to this day, particularly with the Nordic countries. Despite the damage it suffered during the Second World War, the basic structure of the old city, consisting mainly of 15th- and 16th-century patrician residences, public monuments (the famous Holstentor brick gate"
luther_memorials_in_eisleben_and_wittenberg,Luther Memorials in Eisleben and Wittenberg,783,Cultural,(iv),1,DEU,Europe and North America,Europe,,,1996,1990s,29,False,False,0.83,False,6,Cultural Landscape,https://whc.unesco.org/en/list/783,"These places in Saxony-Anhalt are all associated with the lives of Martin Luther and his fellow-reformer Melanchthon. They include Melanchthon's house in Wittenberg, the houses in Eisleben where Luther was born in 1483 and died in 1546, his room in Wittenberg, the local church and the castle church where, on 31 October 1517, Luther posted his famous '95 Theses', which launched the Reformation and a new era in the religious and political history of the Western world."
mathildenhohe_darmstadt,Mathildenhöhe Darmstadt,1614,Cultural,(ii)(iv),2,DEU,Europe and North America,Europe,,,2021,2020s,4,False,False,5.37,True,2,Urban,https://whc.unesco.org/en/list/1614,"The Darmstadt Artists’ Colony on Mathildenhöhe, the highest elevation above the city of Darmstadt in west-central Germany, was established in 1897 by Ernst Ludwig, Grand Duke of Hesse, as a centre for emerging reform movements in architecture, arts and crafts. The buildings of the colony were created by its artist members as experimental early modernist living and working environments. The colony was expanded during successive international exhibitions in 1901, 1904, 1908 and 1914. Today, it of"
maulbronn_monastery_complex,Maulbronn Monastery Complex,546,Cultural,(ii)(iv),2,DEU,Europe and North America,Europe,,,1993,1990s,32,False,False,72.45,True,20,Cultural Landscape,https://whc.unesco.org/en/list/546,"Founded in 1147, the Cistercian Maulbronn Monastery is considered the most complete and best-preserved medieval monastic complex north of the Alps. Surrounded by fortified walls, the main buildings were constructed between the 12th and 16th centuries. The monastery's church, mainly in Transitional Gothic style, had a major influence in the spread of Gothic architecture over much of northern and central Europe. The water-management system at Maulbronn, with its elaborate network of drains, irriga"
mines_of_rammelsberg_historic_town_of_goslar_and_upper_harz_water_management_system,"Mines of Rammelsberg, Historic Town of Goslar and Upper Harz Water Management System",623,Cultural,(i)(ii)(iii)(iv),4,DEU,Europe and North America,Europe,,,1992,1990s,33,False,False,1009.89,True,2,Urban,https://whc.unesco.org/en/list/623,"The Upper Harz mining water management system, which lies south of the Rammelsberg mines and the town of Goslar, has been developed over a period of some 800 years to assist in the process of extracting ore for the production of non-ferrous metals. Its construction was first undertaken in the Middle Ages by Cistercian monks, and it was then developed on a vast scale from the end of the 16th century until the 19th century. It is made up of an extremely complex but perfectly coherent system of art"
old_town_of_regensburg_with_stadtamhof,Old town of Regensburg with Stadtamhof,1155,Cultural,(ii)(iii)(iv),3,DEU,Europe and North America,Europe,,,2006,2000s,19,False,False,182.8,True,1,Urban,https://whc.unesco.org/en/list/1155,"Located on the Danube River in Bavaria, this medieval town contains many buildings of exceptional quality that testify to its history as a trading centre and to its influence on the region from the 9th century. A notable number of historic structures span some two millennia and include ancient Roman, Romanesque and Gothic buildings. Regensburg’s 11th- to 13th-century architecture – including the market, city hall and cathedral – still defines the character of the town marked by tall buildings, d"
muskauer_park_park_muzakowski,Muskauer Park / Park Mużakowski,1127,Cultural,(i)(iv),2,"POL, DEU",Europe and North America,Europe,,,2004,2000s,21,True,False,352.14,True,1,Coastal,https://whc.unesco.org/en/list/1127,"A landscaped park of 559.9 ha astride the Neisse River and the border between Poland and Germany, it was created by Prince Hermann von Puckler-Muskau from 1815 to 1844. Blending seamlessly with the surrounding farmed landscape, the park pioneered new approaches to landscape design and influenced the development of landscape architecture in Europe and America. Designed as a ‘painting with plants’, it did not seek to evoke classical landscapes, paradise, or some lost perfection, instead using loca"
shum_sites_of_speyer_worms_and_mainz,"ShUM Sites of Speyer, Worms and Mainz",1636,Cultural,(ii)(iii),2,DEU,Europe and North America,Europe,,,2021,2020s,4,False,False,5.56,True,4,River/Valley,https://whc.unesco.org/en/list/1636,"Located in the former Imperial cathedral cities of Speyer, Worms and Mainz, in the Upper Rhine Valley, the serial site of Speyer, Worms and Mainz comprise the Speyer Jewry-Court, with the structures of the synagogue and women’s shul (Yiddish for synagogue), the archaeological vestiges of the yeshiva (religious school), the courtyard and the still intact underground mikveh (ritual bath), which has retained its high architectural and building quality. The property also comprises the Worms Synagogu"
town_hall_and_roland_on_the_marketplace_of_bremen,Town Hall and Roland on the Marketplace of Bremen,1087,Cultural,(iii)(iv),2,DEU,Europe and North America,Europe,,,2004,2000s,21,False,False,0.287,True,1,Coastal,https://whc.unesco.org/en/list/1087,"The Town Hall and the statue of Roland on the marketplace of Bremen in north-west Germany are outstanding representations of civic autonomy and sovereignty, as these developed in the Holy Roman Empire in Europe. The old town hall was built in the Gothic style in the early 15th century, after Bremen joined the Hanseatic League. The building was renovated in the so-called Weser Renaissance style in the early 17th century. A new town hall was built next to the old one in the early 20th century as p"
upper_middle_rhine_valley,Upper Middle Rhine Valley,1066,Cultural,(ii)(iv)(v),3,DEU,Europe and North America,Europe,,,2002,2000s,23,False,False,27250,True,1,Urban,https://whc.unesco.org/en/list/1066,"The 65km-stretch of the Middle Rhine Valley, with its castles, historic towns and vineyards, graphically illustrates the long history of human involvement with a dramatic and varied natural landscape. It is intimately associated with history and legend and for centuries has exercised a powerful influence on writers, artists and composers."
water_management_system_of_augsburg,Water Management System of Augsburg,1580,Cultural,(ii)(iv),2,DEU,Europe and North America,Europe,,,2019,2010s,6,False,False,112.83,True,1,Urban,https://whc.unesco.org/en/list/1580,"The water management system of the city of Augsburg has evolved in successive phases from the 14th century to the present day. It includes a network of canals, water towers dating from the 15th to 17th centuries, which housed pumping machinery, a water-cooled butchers’ hall, a system of three monumental fountains and hydroelectric power stations, which continue to provide sustainable energy today. The technological innovations generated by this water management system have helped establish Augsb"
wurzburg_residence_with_the_court_gardens_and_residence_square,Würzburg Residence with the Court Gardens and Residence Square,169,Cultural,(i)(iv),2,DEU,Europe and North America,Europe,,,1981,1980s,44,False,False,14.77,True,2,Cultural Landscape,https://whc.unesco.org/en/list/169,"This magnificent Baroque palace – one of the largest and most beautiful in Germany and surrounded by wonderful gardens – was created under the patronage of the prince-bishops Lothar Franz and Friedrich Carl von Schönborn. It was built and decorated in the 18th century by an international team of architects, painters (including Tiepolo), sculptors and stucco-workers, led by Balthasar Neumann."
volklingen_ironworks,Völklingen Ironworks,687,Cultural,(ii)(iv),2,DEU,Europe and North America,Europe,,,1994,1990s,31,False,False,7.46,True,1,Urban,https://whc.unesco.org/en/list/687,"The ironworks, which cover some 6 ha, dominate the city of Völklingen. Although they have recently gone out of production, they are the only intact example, in the whole of western Europe and North America, of an integrated ironworks that was built and equipped in the 19th and 20th centuries and has remained intact."
forts_and_castles_volta_greater_accra_central_and_western_regions,"Forts and Castles, Volta, Greater Accra, Central and Western Regions",34,Cultural,,0,GHA,Africa,Africa,,,1979,1970s,46,False,False,0,True,1,Coastal,https://whc.unesco.org/en/list/34,"The remains of fortified trading-posts, erected between 1482 and 1786, can still be seen along the coast of Ghana between Keta and Beyin. They were links in the trade routes established by the Portuguese in many areas of the world during their era of great maritime exploration."
archaeological_site_of_philippi,Archaeological Site of Philippi,1517,Cultural,(iii)(iv),2,GRC,Europe and North America,Europe,,,2016,2010s,9,False,False,87.545,True,1,Urban,https://whc.unesco.org/en/list/1517,"The remains of this walled city lie at the foot of an acropolis in north-eastern Greece, on the ancient route linking Europe and Asia, the Via Egnatia. Founded in 356 BC by the Macedonian King Philip II, the city developed as a “small Rome” with the establishment of the Roman Empire in the decades following the Battle of Philippi, in 42 BCE. The vibrant Hellenistic city of Philip II, of which the walls and their gates, the theatre and the funerary heroon (temple) are to be seen, was supplemented"
delos,Delos,530,Cultural,(ii)(iii)(iv),3,GRC,Europe and North America,Europe,,,1990,1990s,35,False,False,350.64,True,1,Coastal,https://whc.unesco.org/en/list/530,"According to Greek mythology, Apollo was born on this tiny island in the Cyclades archipelago. Apollo's sanctuary attracted pilgrims from all over Greece and Delos was a prosperous trading port. The island bears traces of the succeeding civilizations in the Aegean world, from the 3rd millennium B.C. to the palaeochristian era. The archaeological site is exceptionally extensive and rich and conveys the image of a great cosmopolitan Mediterranean port."
mount_athos,Mount Athos,454,Mixed,(i)(ii)(iv)(v)(vii),5,GRC,Europe and North America,Europe,,,1988,1980s,37,False,False,33042.3,True,1,Mountain,https://whc.unesco.org/en/list/454,"An Orthodox spiritual centre since 1054, Mount Athos has enjoyed an autonomous statute since Byzantine times. The 'Holy Mountain', which is forbidden to women and children, is also a recognized artistic site. The layout of the monasteries (about 20 of which are presently inhabited by some 1,400 monks) had an influence as far afield as Russia, and its school of painting influenced the history of Orthodox art."
pythagoreion_and_heraion_of_samos,Pythagoreion and Heraion of Samos,595,Cultural,(ii)(iii),2,GRC,Europe and North America,Europe,,,1992,1990s,33,False,False,668.35,True,2,Coastal,https://whc.unesco.org/en/list/595,"Many civilizations have inhabited this small Aegean island, near Asia Minor, since the 3rd millennium B.C. The remains of Pythagoreion, an ancient fortified port with Greek and Roman monuments and a spectacular tunnel-aqueduct, as well as the Heraion, temple of the Samian Hera, can still be seen."
temple_of_apollo_epicurius_at_bassae,Temple of Apollo Epicurius at Bassae,392,Cultural,(i)(ii)(iii),3,GRC,Europe and North America,Europe,,,1986,1980s,39,False,False,20.46,True,1,Mountain,https://whc.unesco.org/en/list/392,"This famous temple to the god of healing and the sun was built towards the middle of the 5th century B.C. in the lonely heights of the Arcadian mountains. The temple, which has the oldest Corinthian capital yet found, combines the Archaic style and the serenity of the Doric style with some daring architectural features."
the_historic_centre_chora_with_the_monastery_of_saint_john_the_theologian_and_the_cave_of_the_apocalypse_on_the_island_of_patmos,The Historic Centre (Chorá) with the Monastery of Saint-John the Theologian and the Cave of the Apocalypse on the Island of Pátmos,942,Cultural,(iii)(iv),2,GRC,Europe and North America,Europe,,,1999,1990s,26,False,False,0,True,1,Coastal,https://whc.unesco.org/en/list/942,"The small island of Pátmos in the Dodecanese is reputed to be where St John the Theologian wrote both his Gospel and the Apocalypse. A monastery dedicated to the ‘beloved disciple’ was founded there in the late 10th century and it has been a place of pilgrimage and Greek Orthodox learning ever since. The fine monastic complex dominates the island. The old settlement of Chorá, associated with it, contains many religious and secular buildings."
archaeological_park_and_ruins_of_quirigua,Archaeological Park and Ruins of Quirigua,149,Cultural,(i)(ii)(iv),3,GTM,Latin America and the Caribbean,Americas,,,1981,1980s,44,False,False,34,True,1,Cultural Landscape,https://whc.unesco.org/en/list/149,"Inhabited since the 2nd century A.D., Quirigua had become during the reign of Cauac Sky (723–84) the capital of an autonomous and prosperous state. The ruins of Quirigua contain some outstanding 8th-century monuments and an impressive series of carved stelae and sculpted calendars that constitute an essential source for the study of Mayan civilization."
zagori_cultural_landscape,Zagori Cultural Landscape,1695,Cultural,(v),1,GRC,Europe and North America,Europe,,,2023,2020s,2,False,False,,True,1,Mountain,https://whc.unesco.org/en/list/1695,"Located in a remote rural landscape in northwestern Greece, small stone villages known as Zagorochoria extend along the western slopes of the northern part of the Pindus mountain range. These traditional villages, typically organized around a central square containing a plane tree and surrounded by sacred forests maintained by local communities, showcase a traditional architecture adapted to the mountain topography. A network of stone-arched bridges, stone cobbled paths, and stone staircases lin"
coastal_and_marine_ecosystems_of_the_bijagos_archipelago_omati_minho,Coastal and Marine Ecosystems of the Bijagós Archipelago – Omatí Minhô,1431,Natural,(ix)(x),2,GNB,Africa,Africa,,,2025,2020s,0,False,False,394067.28,True,1,Coastal,https://whc.unesco.org/en/list/1431,"The property includes a continuous series of coastal and marine ecosystems, corresponding to the marine and intertidal environments of the best-preserved areas of the Bijagós Archipelago in Guinea-Bissau. The Archipelago is the only active deltaic archipelago on the African Atlantic coast and one of the few in the world. The site is home to a rich biodiversity, including endangered Green and Leatherback turtles, manatees, dolphins, and over 870,000 migratory shorebirds. It features mangroves, mu"
tikal_national_park,Tikal National Park,64,Mixed,(i)(iii)(iv)(ix)(x),5,GTM,Latin America and the Caribbean,Americas,,,1979,1970s,46,False,False,57600,True,1,Forest,https://whc.unesco.org/en/list/64,"In the heart of the jungle, surrounded by lush vegetation, lies one of the major sites of Mayan civilization, inhabited from the 6th century B.C. to the 10th century A.D. The ceremonial centre contains superb temples and palaces, and public squares accessed by means of ramps. Remains of dwellings are scattered throughout the surrounding countryside."
rio_platano_biosphere_reserve,Río Plátano Biosphere Reserve,196,Natural,(vii)(viii)(ix)(x),4,HND,Latin America and the Caribbean,Americas,,,1982,1980s,43,False,True,350000,True,1,Mountain,https://whc.unesco.org/en/list/196,"Located on the watershed of the Río Plátano, the reserve is one of the few remains of a tropical rainforest in Central America and has an abundant and varied plant and wildlife. In its mountainous landscape sloping down to the Caribbean coast, over 2,000 indigenous people have preserved their traditional way of life."
millenary_benedictine_abbey_of_pannonhalma_and_its_natural_environment,Millenary Benedictine Abbey of Pannonhalma and its Natural Environment,758,Cultural,(iv),1,HUN,Europe and North America,Europe,,,1996,1990s,29,False,False,47.4,True,1,Cultural Landscape,https://whc.unesco.org/en/list/758,"The first Benedictine monks settled here in 996. They went on to convert the Hungarians, to found the country's first school and, in 1055, to write the first document in Hungarian. From the time of its founding, this monastic community has promoted culture throughout central Europe. Its 1,000-year history can be seen in the succession of architectural styles of the monastic buildings (the oldest dating from 1224), which still today house a school and the monastic community."
thingvellir_national_park,Þingvellir National Park,1152,Cultural,(iii),1,ISL,Europe and North America,Europe,,,2004,2000s,21,False,False,9270,True,1,Cultural Landscape,https://whc.unesco.org/en/list/1152,"Þingvellir (Thingvellir) is the National Park where the Althing, an open-air assembly representing the whole of Iceland, was established in 930 and continued to meet until 1798. Over two weeks a year, the assembly set laws - seen as a covenant between free men - and settled disputes. The Althing has deep historical and symbolic associations for the people of Iceland. The property includes the Þingvellir National Park and the remains of the Althing itself: fragments of around 50 booths built from"
chhatrapati_shivaji_terminus_formerly_victoria_terminus,Chhatrapati Shivaji Terminus (formerly Victoria Terminus),945,Cultural,(ii)(iv),2,IND,Asia and the Pacific,Unknown,,,2004,2000s,21,False,False,2.85,True,1,Urban,https://whc.unesco.org/en/list/945,"The Chhatrapati Shivaji Terminus, formerly known as Victoria Terminus Station, in Mumbai, is an outstanding example of Victorian Gothic Revival architecture in India, blended with themes deriving from Indian traditional architecture. The building, designed by the British architect F. W. Stevens, became the symbol of Bombay as the ‘Gothic City’ and the major international mercantile port of India. The terminal was built over 10 years, starting in 1878, according to a High Victorian Gothic design "
champaner_pavagadh_archaeological_park,Champaner-Pavagadh Archaeological Park,1101,Cultural,(iii)(iv)(v),3,IND,Asia and the Pacific,Unknown,,,2004,2000s,21,False,False,1328.89,True,12,Urban,https://whc.unesco.org/en/list/1101,"A concentration of largely unexcavated archaeological, historic and living cultural heritage properties cradled in an impressive landscape which includes prehistoric (chalcolithic) sites, a hill fortress of an early Hindu capital, and remains of the 16th-century capital of the state of Gujarat. The site also includes, among other vestiges, fortifications, palaces, religious buildings, residential precincts, agricultural structures and water installations, from the 8th to 14th centuries. The Kali"
ellora_caves,Ellora Caves,243,Cultural,(i)(iii),2,IND,Asia and the Pacific,Unknown,,,1983,1980s,42,False,False,0,True,1,Cultural Landscape,https://whc.unesco.org/en/list/243,"These 34 monasteries and temples, extending over more than 2 km, were dug side by side in the wall of a high basalt cliff, not far from Aurangabad, in Maharashtra. Ellora, with its uninterrupted sequence of monuments dating from A.D. 600 to 1000, brings the civilization of ancient India to life. Not only is the Ellora complex a unique artistic creation and a technological exploit but, with its sanctuaries devoted to Buddhism, Hinduism and Jainism, it illustrates the spirit of tolerance that was "
hill_forts_of_rajasthan,Hill Forts of Rajasthan,247,Cultural,(ii)(iii),2,IND,Asia and the Pacific,Unknown,,,2013,2010s,12,False,False,736,True,6,Desert,https://whc.unesco.org/en/list/247,"The serial site, situated in the state of Rajastahan, includes six majestic forts in Chittorgarh; Kumbhalgarh; Sawai Madhopur; Jhalawar; Jaipur, and Jaisalmer. The ecclectic architecture of the forts, some up to 20 kilometres in circumference, bears testimony to the power of the Rajput princely states that flourished in the region from the 8th to the 18th centuries. Enclosed within defensive walls are major urban centres, palaces, trading centres and other buildings including temples that often "
group_of_monuments_at_pattadakal,Group of Monuments at Pattadakal,239,Cultural,(iii)(iv),2,IND,Asia and the Pacific,Unknown,,,1987,1980s,38,False,False,5.56,True,3,Cultural Landscape,https://whc.unesco.org/en/list/239,"Pattadakal, in Karnataka, represents the high point of an eclectic art which, in the 7th and 8th centuries under the Chalukya dynasty, achieved a harmonious blend of architectural forms from northern and southern India. An impressive series of nine Hindu temples, as well as a Jain sanctuary, can be seen there. One masterpiece from the group stands out – the Temple of Virupaksha, built c. 740 by Queen Lokamahadevi to commemorate her husband's victory over the kings from the South."
historic_city_of_ahmadabad,Historic City of Ahmadabad,1551,Cultural,(ii)(v),2,IND,Asia and the Pacific,Unknown,,,2017,2010s,8,False,False,535.7,True,1,Urban,https://whc.unesco.org/en/list/1551,"The walled city of Ahmadabad, founded by Sultan Ahmad Shah in the 15th century, on the eastern bank of the Sabarmati river, presents a rich architectural heritage from the sultanate period, notably the Bhadra citadel, the walls and gates of the Fort city and numerous mosques and tombs as well as important Hindu and Jain temples of later periods. The urban fabric is made up of densely-packed traditional houses (pols) in gated traditional streets (puras) with characteristic features such as bird f"
keoladeo_national_park,Keoladeo National Park,340,Natural,(x),1,IND,Asia and the Pacific,Unknown,,,1985,1980s,40,False,False,2873,True,1,Natural Landscape,https://whc.unesco.org/en/list/340,"This former duck-hunting reserve of the Maharajas is one of the major wintering areas for large numbers of aquatic birds from Afghanistan, Turkmenistan, China and Siberia. Some 364 species of birds, including the rare Siberian crane, have been recorded in the park."
kakatiya_rudreshwara_ramappa_temple_telangana,"Kakatiya Rudreshwara (Ramappa) Temple, Telangana",1570,Cultural,(i)(iii),2,IND,Asia and the Pacific,Unknown,,,2021,2020s,4,False,False,7.84,True,1,Forest,https://whc.unesco.org/en/list/1570,"Rudreshwara, popularly known as Ramappa Temple, is located in the village of Palampet approximately 200km north-east of Hyderabad, in the State of Telangana. It is the main Shiva temple in a walled complex built during the Kakatiyan period (1123–1323 CE) under rulers Rudradeva and Recharla Rudra. Construction of the sandstone temple began in 1213 CE and is believed to have continued over some 40 years. The building features decorated beams and pillars of carved granite and dolerite with a distin"
kaziranga_national_park,Kaziranga National Park,337,Natural,(ix)(x),2,IND,Asia and the Pacific,Unknown,,,1985,1980s,40,False,False,42996,True,1,Natural Landscape,https://whc.unesco.org/en/list/337,"In the heart of Assam, this park is one of the last areas in eastern India undisturbed by a human presence. It is inhabited by the world's largest population of one-horned rhinoceroses, as well as many mammals, including tigers, elephants, panthers and bears, and thousands of birds."
hidden_christian_sites_in_the_nagasaki_region,Hidden Christian Sites in the Nagasaki Region,1495,Cultural,(iii),1,JPN,Asia and the Pacific,Unknown,,,2018,2010s,7,False,False,5566.55,True,12,Coastal,https://whc.unesco.org/en/list/1495,"Located in the north-western part of Kyushu island, this serial property consists of ten villages, remains of the Hara Castle and a cathedral, dating from the 17th to the 19th centuries. They reflect the era of prohibition of the Christian faith, as well as the revitalization of Christian communities after the official lifting of prohibition in 1873. These sites bear unique testimony to a cultural tradition nurtured by hidden Christians in the Nagasaki region who secretly transmitted their faith"
manas_wildlife_sanctuary,Manas Wildlife Sanctuary,338,Natural,(vii)(ix)(x),3,IND,Asia and the Pacific,Unknown,,,1985,1980s,40,False,False,39100,True,1,Forest,https://whc.unesco.org/en/list/338,"On a gentle slope in the foothills of the Himalayas, where wooded hills give way to alluvial grasslands and tropical forests, the Manas sanctuary is home to a great variety of wildlife, including many endangered species, such as the tiger, pygmy hog, Indian rhinoceros and Indian elephant."
mahabodhi_temple_complex_at_bodh_gaya,Mahabodhi Temple Complex at Bodh Gaya,1056,Cultural,(i)(ii)(iii)(iv),4,IND,Asia and the Pacific,Unknown,,,2002,2000s,23,False,False,4.86,True,1,Cultural Landscape,https://whc.unesco.org/en/list/1056,"The Mahabodhi Temple Complex is one of the four holy sites related to the life of the Lord Buddha, and particularly to the attainment of Enlightenment. The first temple was built by Emperor Asoka in the 3rd century B.C., and the present temple dates from the 5th or 6th centuries. It is one of the earliest Buddhist temples built entirely in brick, still standing in India, from the late Gupta period."
mountain_railways_of_india,Mountain Railways of India,944,Cultural,(ii)(iv),2,IND,Asia and the Pacific,Unknown,,,1999,1990s,26,False,False,88.99,True,3,Mountain,https://whc.unesco.org/en/list/944,"This site includes three railways. The Darjeeling Himalayan Railway was the first, and is still the most outstanding, example of a hill passenger railway. Opened in 1881, its design applies bold and ingenious engineering solutions to the problem of establishing an effective rail link across a mountainous terrain of great beauty. The construction of the Nilgiri Mountain Railway, a 46-km long metre-gauge single-track railway in Tamil Nadu State was first proposed in 1854, but due to the difficulty"
rani_ki_vav_the_queens_stepwell_at_patan_gujarat,"Rani-ki-Vav (the Queen’s Stepwell) at Patan, Gujarat",922,Cultural,(i)(iv),2,IND,Asia and the Pacific,Unknown,,,2014,2010s,11,False,False,4.68,True,1,River/Valley,https://whc.unesco.org/en/list/922,"Rani-ki-Vav, on the banks of the Saraswati River, was initially built as a memorial to a king in the 11th century AD. Stepwells are a distinctive form of subterranean water resource and storage systems on the Indian subcontinent, and have been constructed since the 3rd millennium BC. They evolved over time from what was basically a pit in sandy soil towards elaborate multi-storey works of art and architecture. Rani-ki-Vav was built at the height of craftsmens’ ability in stepwell construction an"
nanda_devi_and_valley_of_flowers_national_parks,Nanda Devi and Valley of Flowers National Parks,335,Natural,(vii)(x),2,IND,Asia and the Pacific,Unknown,,,1988,1980s,37,False,False,71210,False,2,Mountain,https://whc.unesco.org/en/list/335,"Nestled high in West Himalaya, India’s Valley of Flowers National Park is renowned for its meadows of endemic alpine flowers and outstanding natural beauty. This richly diverse area is also home to rare and endangered animals, including the Asiatic black bear, snow leopard, brown bear and blue sheep. The gentle landscape of the Valley of Flowers National Park complements the rugged mountain wilderness of Nanda Devi National Park. Together they encompass a unique transition zone between the mount"
red_fort_complex,Red Fort Complex,231,Cultural,(ii)(iii),2,IND,Asia and the Pacific,Unknown,,,2007,2000s,18,False,False,49.1815,True,1,Cultural Landscape,https://whc.unesco.org/en/list/231,"The Red Fort Complex was built as the palace fort of Shahjahanabad – the new capital of the fifth Mughal Emperor of India, Shah Jahan. Named for its massive enclosing walls of red sandstone, it is adjacent to an older fort, the Salimgarh, built by Islam Shah Suri in 1546, with which it forms the Red Fort Complex. The private apartments consist of a row of pavilions connected by a continuous water channel, known as the Nahr-i-Behisht (Stream of Paradise). The Red Fort is considered to represent t"
sun_temple_konarak,"Sun Temple, Konârak",246,Cultural,(i)(iii),2,IND,Asia and the Pacific,Unknown,,,1984,1980s,41,False,False,10.62,True,1,Cultural Landscape,https://whc.unesco.org/en/list/246,"On the shores of the Bay of Bengal, bathed in the rays of the rising sun, the temple at Konarak is a monumental representation of the sun god Surya's chariot; its 24 wheels are decorated with symbolic designs and it is led by a team of six horses. Built in the 13th century, it is one of India's most famous Brahman sanctuaries."
rock_shelters_of_bhimbetka,Rock Shelters of Bhimbetka,925,Cultural,(iii)(v),2,IND,Asia and the Pacific,Unknown,,,2003,2000s,22,False,False,1893,True,2,Mountain,https://whc.unesco.org/en/list/925,"The Rock Shelters of Bhimbetka are in the foothills of the Vindhyan Mountains on the southern edge of the central Indian plateau. Within massive sandstone outcrops, above comparatively dense forest, are five clusters of natural rock shelters, displaying paintings that appear to date from the Mesolithic Period right through to the historical period. The cultural traditions of the inhabitants of the twenty-one villages adjacent to the site bear a strong resemblance to those represented in the rock"
taj_mahal,Taj Mahal,252,Cultural,(i),1,IND,Asia and the Pacific,Unknown,,,1983,1980s,42,False,False,0,True,1,Cultural Landscape,https://whc.unesco.org/en/list/252,"An immense mausoleum of white marble, built in Agra between 1631 and 1648 by order of the Mughal emperor Shah Jahan in memory of his favourite wife, the Taj Mahal is the jewel of Muslim art in India and one of the universally admired masterpieces of the world's heritage."
ombilin_coal_mining_heritage_of_sawahlunto,Ombilin Coal Mining Heritage of Sawahlunto,1610,Cultural,(ii)(iv),2,IDN,Asia and the Pacific,Unknown,,,2019,2010s,6,False,False,268.18,True,12,Coastal,https://whc.unesco.org/en/list/1610,"Built for the extraction, processing and transport of high-quality coal in an inaccessible region of Sumatra, this industrial site was developed by the Netherlands East Indies’ government in the globally important period of industrialisation from the late 19th to the beginning of the 20th century. The workforce was recruited from the local Minangkabau people and supplemented by Javanese and Chinese contract workers, and convict labourers from Dutch-controlled areas. It comprises the mining site "
komodo_national_park,Komodo National Park,609,Natural,(vii)(x),2,IDN,Asia and the Pacific,Unknown,,,1991,1990s,34,False,False,219322,True,1,Coastal,https://whc.unesco.org/en/list/609,"These volcanic islands are inhabited by a population of around 5,700 giant lizards, whose appearance and aggressive behaviour have led to them being called 'Komodo dragons'. They exist nowhere else in the world and are of great interest to scientists studying the theory of evolution. The rugged hillsides of dry savannah and pockets of thorny green vegetation contrast starkly with the brilliant white sandy beaches and the blue waters surging over coral."
prambanan_temple_compounds,Prambanan Temple Compounds,642,Cultural,(i)(iv),2,IDN,Asia and the Pacific,Unknown,,,1991,1990s,34,False,False,0,True,1,Cultural Landscape,https://whc.unesco.org/en/list/642,"Built in the 10th century, this is the largest temple compound dedicated to Shiva in Indonesia. Rising above the centre of the last of these concentric squares are three temples decorated with reliefs illustrating the epic of the Ramayana, dedicated to the three great Hindu divinities (Shiva, Vishnu and Brahma) and three temples dedicated to the animals who serve them."
tropical_rainforest_heritage_of_sumatra,Tropical Rainforest Heritage of Sumatra,1167,Natural,(vii)(ix)(x),3,IDN,Asia and the Pacific,Unknown,,,2004,2000s,21,False,True,2595124,True,3,Coastal,https://whc.unesco.org/en/list/1167,"The 2.5 million hectare Tropical Rainforest Heritage of Sumatra site comprises three national parks: Gunung Leuser National Park, Kerinci Seblat National Park and Bukit Barisan Selatan National Park. The site holds the greatest potential for long-term conservation of the distinctive and diverse biota of Sumatra, including many endangered species. The protected area is home to an estimated 10,000 plant species, including 17 endemic genera; more than 200 mammal species; and some 580 bird species o"
cultural_landscape_of_hawraman_uramanat,Cultural Landscape of Hawraman/Uramanat,1647,Cultural,(iii)(v),2,IRN,Asia and the Pacific,Unknown,,,2021,2020s,4,False,False,106307,True,2,Mountain,https://whc.unesco.org/en/list/1647,"The remote and mountainous landscape of Hawraman/Uramanat bears testimony to the traditional culture of the Hawrami people, an agropastoral Kurdish tribe that has inhabited the region since about 3000 BCE. The property, at the heart of the Zagros Mountains in the provinces of Kurdistan and Kermanshah along the western border of Iran, encompasses two components: the Central-Eastern Valley (Zhaverud and Takht, in Kurdistan Province); and the Western Valley (Lahun, in Kermanshah Province). The mode"
armenian_monastic_ensembles_of_iran,Armenian Monastic Ensembles of Iran,1262,Cultural,(ii)(iii),2,IRN,Asia and the Pacific,Unknown,,,2008,2000s,17,False,False,129.2819,True,8,Urban,https://whc.unesco.org/en/list/1262,"The Armenian Monastic Ensembles of Iran, in the north-west of the country, consists of three monastic ensembles of the Armenian Christian faith: St Thaddeus and St Stepanos and the Chapel of Dzordzor. These edifices - the oldest of which, St Thaddeus, dates back to the 7th century – are examples of outstanding universal value of the Armenian architectural and decorative traditions. They bear testimony to very important interchanges with the other regional cultures, in particular the Byzantine, O"
lut_desert,Lut Desert,1505,Natural,(vii)(viii),2,IRN,Asia and the Pacific,Unknown,,,2016,2010s,9,False,False,2278015,True,1,Desert,https://whc.unesco.org/en/list/1505,"The Lut Desert, or Dasht-e-Lut, is located in the south-east of the country. Between June and October, this arid subtropical area is swept by strong winds, which transport sediment and cause aeolian erosion on a colossal scale. Consequently, the site presents some of the most spectacular examples of aeolian yardang landforms (massive corrugated ridges). It also contains extensive stony deserts and dune fields. The property represents an exceptional example of ongoing geological processes."
gonbad_e_qabus,Gonbad-e Qābus,1398,Cultural,(i)(ii)(iii)(iv),4,IRN,Asia and the Pacific,Unknown,,,2012,2010s,13,False,False,1.4754,True,1,Desert,https://whc.unesco.org/en/list/1398,"The 53 m high tomb built in ad 1006 for Qābus Ibn Voshmgir, Ziyarid ruler and literati, near the ruins of the ancient city of Jorjan in north-east Iran, bears testimony to the cultural exchange between Central Asian nomads and the ancient civilization of Iran. The tower is the only remaining evidence of Jorjan, a former centre of arts and science that was destroyed during the Mongols’ invasion in the 14th and 15th centuries. It is an outstanding and technologically innovative example of Islamic "
pasargadae,Pasargadae,1106,Cultural,(i)(ii)(iii)(iv),4,IRN,Asia and the Pacific,Unknown,,,2004,2000s,21,False,False,159.65,True,1,River/Valley,https://whc.unesco.org/en/list/1106,"Pasargadae was the first dynastic capital of the Achaemenid Empire, founded by Cyrus II the Great, in Pars, homeland of the Persians, in the 6th century BC. Its palaces, gardens and the mausoleum of Cyrus are outstanding examples of the first phase of royal Achaemenid art and architecture and exceptional testimonies of Persian civilization. Particularly noteworthy vestiges in the 160-ha site include: the Mausoleum of Cyrus II; Tall-e Takht, a fortified terrace; and a royal ensemble of gatehouse,"
sheikh_safi_al_din_khanegah_and_shrine_ensemble_in_ardabil,Sheikh Safi al-din Khānegāh and Shrine Ensemble in Ardabil,1345,Cultural,(i)(ii)(iv),3,IRN,Asia and the Pacific,Unknown,,,2010,2010s,15,False,False,2.1353,True,1,Cultural Landscape,https://whc.unesco.org/en/list/1345,"Built between the beginning of the 16th century and the end of the 18th century, this place of spiritual retreat in the Sufi tradition uses Iranian traditional architectural forms to maximize use of available space to accommodate a variety of functions (including a library, a mosque, a school, mausolea, a cistern, a hospital, kitchens, a bakery, and some offices). It incorporates a route to reach the shrine of the Sheikh divided into seven segments, which mirror the seven stages of Sufi mysticis"
tabriz_historic_bazaar_complex,Tabriz Historic Bazaar Complex,1346,Cultural,(ii)(iii)(iv),3,IRN,Asia and the Pacific,Unknown,,,2010,2010s,15,False,False,28.9733,True,3,Urban,https://whc.unesco.org/en/list/1346,"Tabriz has been a place of cultural exchange since antiquity and its historic bazaar complex is one of the most important commercial centres on the Silk Road. Tabriz Historic Bazaar Complex consists of a series of interconnected, covered, brick structures, buildings, and enclosed spaces for different functions. Tabriz and its Bazaar were already prosperous and famous in the 13th century, when the town, in the province of Eastern Azerbaijan, became the capital city of the Safavid kingdom. The cit"
the_persian_caravanserai,The Persian Caravanserai,1668,Cultural,(ii)(iii),2,IRN,Asia and the Pacific,Unknown,,,2023,2020s,2,False,False,30.34,True,54,Cultural Landscape,https://whc.unesco.org/en/list/1668,"Caravanserais were roadside inns, providing shelter, food and water for caravans, pilgrims and other travellers. The routes and the locations of the caravanserais were determined by the presence of water, geographical conditions and security concerns. The fifty-four caravanserais of the property are only a small percentage of the numerous caravanserais built along the ancient roads of Iran. They are considered to be the most influential and valuable examples of the caravanserais of Iran, reveali"
trans_iranian_railway,Trans-Iranian Railway,1585,Cultural,(ii)(iv),2,IRN,Asia and the Pacific,Unknown,,,2021,2020s,4,False,False,5784,True,1,Mountain,https://whc.unesco.org/en/list/1585,"The Trans-Iranian Railway connects the Caspian Sea in the northeast with the Persian Gulf in the southwest crossing two mountain ranges as well as rivers, highlands, forests and plains, and four different climatic areas. Started in 1927 and completed in 1938, the 1,394-kilometre-long railway was designed and executed in a successful collaboration between the Iranian government and 43 construction contractors from many countries. The railway is notable for its scale and the engineering works it r"
hatra,Hatra,277,Cultural,(ii)(iii)(iv),3,IRQ,Arab States,Asia,,,1985,1980s,40,False,True,323.75,True,1,Urban,https://whc.unesco.org/en/list/277,"A large fortified city under the influence of the Parthian Empire and capital of the first Arab Kingdom, Hatra withstood invasions by the Romans in A.D. 116 and 198 thanks to its high, thick walls reinforced by towers. The remains of the city, especially the temples where Hellenistic and Roman architecture blend with Eastern decorative features, attest to the greatness of its civilization."
samarra_archaeological_city,Samarra Archaeological City,276,Cultural,(ii)(iii)(iv),3,IRQ,Arab States,Asia,,,2007,2000s,18,False,True,15058,True,10,Urban,https://whc.unesco.org/en/list/276,"Samarra Archaeological City is the site of a powerful Islamic capital city that ruled over the provinces of the Abbasid Empire extending from Tunisia to Central Asia for a century. Located on both sides of the River Tigris 130 km north of Baghdad, the length of the site from north to south is 41.5 km; its width varying from 8 km to 4 km. It testifies to the architectural and artistic innovations that developed there and spread to the other regions of the Islamic world and beyond. The 9th-century"
the_ahwar_of_southern_iraq_refuge_of_biodiversity_and_the_relict_landscape_of_the_mesopotamian_cities,The Ahwar of Southern Iraq: Refuge of Biodiversity and the Relict Landscape of the Mesopotamian Cities,1481,Mixed,(iii)(v)(ix)(x),4,IRQ,Arab States,Asia,,,2016,2010s,9,False,False,211544,True,7,Desert,https://whc.unesco.org/en/list/1481,"The Ahwar is made up of seven components: three archaeological sites and four wetland marsh areas in southern Iraq. The archaeological cities of Uruk and Ur and the Tell Eridu archaeological site form part of the remains of the Sumerian cities and settlements that developed in southern Mesopotamia between the 4th and the 3rd millennium BCE in the marshy delta of the Tigris and Euphrates rivers. The Ahwar of Southern Iraq – also known as the Iraqi Marshlands – are unique, as one of the world’s la"
biblical_tels_megiddo_hazor_beer_sheba,"Biblical Tels - Megiddo, Hazor, Beer Sheba",1108,Cultural,(ii)(iii)(iv),3,ISR,Europe and North America,Europe,,,2005,2000s,20,False,False,96.04,True,3,Urban,https://whc.unesco.org/en/list/1108,"Tels (prehistoric settlement mounds), are characteristic of the flatter lands of the eastern Mediterranean, particularly Lebanon, Syria, Israel and eastern Turkey. Of more than 200 tels in Israel, Megiddo, Hazor and Beer Sheba are representative of those that contain substantial remains of cities with biblical connections. The three tels also present some of the best examples in the Levant of elaborate Iron Age, underground water-collecting systems, created to serve dense urban communities. Thei"
incense_route_desert_cities_in_the_negev,Incense Route - Desert Cities in the Negev,1107,Cultural,(iii)(v),2,ISR,Europe and North America,Europe,,,2005,2000s,20,False,False,6655,True,4,Desert,https://whc.unesco.org/en/list/1107,"The four Nabatean towns of Haluza, Mamshit, Avdat and Shivta, along with associated fortresses and agricultural landscapes in the Negev Desert, are spread along routes linking them to the Mediterranean end of the incense and spice route. Together they reflect the hugely profitable trade in frankincense and myrrh from south Arabia to the Mediterranean, which flourished from the 3rd century BC until the 2nd century AD. With the vestiges of their sophisticated irrigation systems, urban construction"
caves_of_maresha_and_bet_guvrin_in_the_judean_lowlands_as_a_microcosm_of_the_land_of_the_caves,Caves of Maresha and Bet-Guvrin in the Judean Lowlands as a Microcosm of the Land of the Caves,1370,Cultural,(v),1,ISR,Europe and North America,Europe,,,2014,2010s,11,False,False,259,True,1,Urban,https://whc.unesco.org/en/list/1370,"The archaeological site contains some 3,500 underground chambers distributed among distinct complexes carved in the thick and homogenous soft chalk of Lower Judea under the former towns of Maresha and Bet Guvrin. Situated on the crossroads of trade routes to Mesopotamia and Egypt, the site bears witness to the region’s tapestry of cultures and their evolution over more than 2,000 years from the 8th century BCE—when Maresha, the older of the two towns was built—to the time of the Crusaders. These"
white_city_of_tel_aviv_the_modern_movement,White City of Tel-Aviv – the Modern Movement,1096,Cultural,(ii)(iv),2,ISR,Europe and North America,Europe,,,2003,2000s,22,False,False,140.4,True,1,Urban,https://whc.unesco.org/en/list/1096,"Tel Aviv was founded in 1909 and developed as a metropolitan city under the British Mandate in Palestine. The White City was constructed from the early 1930s until the 1950s, based on the urban plan by Sir Patrick Geddes, reflecting modern organic planning principles. The buildings were designed by architects who were trained in Europe where they practised their profession before immigrating. They created an outstanding architectural ensemble of the Modern Movement in a new cultural context."
necropolis_of_bet_shearim_a_landmark_of_jewish_renewal,Necropolis of Bet She’arim: A Landmark of Jewish Renewal,1471,Cultural,(ii)(iii),2,ISR,Europe and North America,Europe,,,2015,2010s,10,False,False,12.2,True,1,Urban,https://whc.unesco.org/en/list/1471,"Consisting of a series of catacombs, the necropolis developed from the 2nd century AD as the primary Jewish burial place outside Jerusalem following the failure of the second Jewish revolt against Roman rule. Located southeast of the city of Haifa, these catacombs are a treasury of artworks and inscriptions in Greek, Aramaic, Hebrew and Palmyrene. Bet She’arim bears unique testimony to ancient Judaism under the leadership of Rabbi Judah the Patriarch, who is credited with Jewish renewal after 13"
18th_century_royal_palace_at_caserta_with_the_park_the_aqueduct_of_vanvitelli_and_the_san_leucio_complex,"18th-Century Royal Palace at Caserta with the Park, the Aqueduct of Vanvitelli, and the San Leucio Complex",549,Cultural,(i)(ii)(iii)(iv),4,ITA,Europe and North America,Europe,,,1997,1990s,28,False,False,87.37,True,1,Cultural Landscape,https://whc.unesco.org/en/list/549,"The monumental complex at Caserta, created by the Bourbon king Charles III in the mid-18th century to rival Versailles and the Royal Palace in Madrid, is exceptional for the way in which it brings together a magnificent palace with its park and gardens, as well as natural woodland, hunting lodges and a silk factory. It is an eloquent expression of the Enlightenment in material form, integrated into, rather than imposed on, its natural setting."
botanical_garden_orto_botanico_padua,"Botanical Garden (Orto Botanico), Padua",824,Cultural,(ii)(iii),2,ITA,Europe and North America,Europe,,,1997,1990s,28,False,False,2.2,True,1,Coastal,https://whc.unesco.org/en/list/824,"The world's first botanical garden was created in Padua in 1545. It still preserves its original layout – a circular central plot, symbolizing the world, surrounded by a ring of water. Other elements were added later, some architectural (ornamental entrances and balustrades) and some practical (pumping installations and greenhouses). It continues to serve its original purpose as a centre for scientific research."
cathedral_torre_civica_and_piazza_grande_modena,"Cathedral, Torre Civica and Piazza Grande, Modena",827,Cultural,(i)(ii)(iii)(iv),4,ITA,Europe and North America,Europe,,,1997,1990s,28,False,False,1.2,True,1,Cultural Landscape,https://whc.unesco.org/en/list/827,"The magnificent 12th-century cathedral at Modena, the work of two great artists (Lanfranco and Wiligelmus), is a supreme example of early Romanesque art. With its piazza and soaring tower, it testifies to the faith of its builders and the power of the Canossa dynasty who commissioned it."
costiera_amalfitana,Costiera Amalfitana,830,Cultural,(ii)(iv)(v),3,ITA,Europe and North America,Europe,,,1997,1990s,28,False,False,11231,True,1,Coastal,https://whc.unesco.org/en/list/830,"The Amalfi coast is an area of great physical beauty and natural diversity. It has been intensively settled by human communities since the early Middle Ages. There are a number of towns such as Amalfi and Ravello with architectural and artistic works of great significance. The rural areas show the versatility of the inhabitants in adapting their use of the land to the diverse nature of the terrain, which ranges from terraced vineyards and orchards on the lower slopes to wide upland pastures."
ferrara_city_of_the_renaissance_and_its_po_delta,"Ferrara, City of the Renaissance, and its Po Delta",733,Cultural,(ii)(iii)(iv)(v),4,ITA,Europe and North America,Europe,,,1995,1990s,30,False,False,46712,True,2,Urban,https://whc.unesco.org/en/list/733,"Ferrara, which grew up around a ford over the River Po, became an intellectual and artistic centre that attracted the greatest minds of the Italian Renaissance in the 15th and 16th centuries. Here, Piero della Francesca, Jacopo Bellini and Andrea Mantegna decorated the palaces of the House of Este. The humanist concept of the 'ideal city' came to life here in the neighbourhoods built from 1492 onwards by Biagio Rossetti according to the new principles of perspective. The completion of this proje"
funerary_tradition_in_the_prehistory_of_sardinia_em_the_domus_de_janas_em,Funerary Tradition in the Prehistory of Sardinia – <em>The domus de janas</em>,1730,Cultural,(iii),1,ITA,Europe and North America,Europe,,,2025,2020s,0,False,False,,True,18,Coastal,https://whc.unesco.org/en/list/1730,"This serial property is an ensemble of hypogean burials and necropolises located in Sardinia, created between the 5th and 3rd millennia BCE. These sites reflect the daily life and funerary practices of prehistoric Sardinian communities. The domus de janas, locally known as “fairy houses,” are rock-cut tombs that reflect the funerary practices, spiritual beliefs, and social evolution of Sardinia’s prehistoric communities. These structures feature complex layouts, symbolic decorations, and figurat"
historic_centre_of_florence,Historic Centre of Florence,174,Cultural,(i)(ii)(iii)(iv),4,ITA,Europe and North America,Europe,,,1982,1980s,43,False,False,532,True,1,Cultural Landscape,https://whc.unesco.org/en/list/174,"Built on the site of an Etruscan settlement, Florence, the symbol of the Renaissance, rose to economic and cultural pre-eminence under the Medici in the 15th and 16th centuries. Its 600 years of extraordinary artistic activity can be seen above all in the 13th-century cathedral (Santa Maria del Fiore), the Church of Santa Croce, the Uffizi and the Pitti Palace, the work of great masters such as Giotto, Brunelleschi, Botticelli and Michelangelo."
historic_centre_of_urbino,Historic Centre of Urbino,828,Cultural,(ii)(iv),2,ITA,Europe and North America,Europe,,,1998,1990s,27,False,False,29.23,True,1,Urban,https://whc.unesco.org/en/list/828,"The small hill town of Urbino, in the Marche, experienced a great cultural flowering in the 15th century, attracting artists and scholars from all over Italy and beyond, and influencing cultural developments elsewhere in Europe. Owing to its economic and cultural stagnation from the 16th century onwards, it has preserved its Renaissance appearance to a remarkable extent."
historic_centre_of_the_city_of_pienza,Historic Centre of the City of Pienza,789,Cultural,(i)(ii)(iv),3,ITA,Europe and North America,Europe,,,1996,1990s,29,False,False,4.41,True,1,Urban,https://whc.unesco.org/en/list/789,"It was in this Tuscan town that Renaissance town-planning concepts were first put into practice after Pope Pius II decided, in 1459, to transform the look of his birthplace. He chose the architect Bernardo Rossellino, who applied the principles of his mentor, Leon Battista Alberti. This new vision of urban space was realized in the superb square known as Piazza Pio II and the buildings around it: the Piccolomini Palace, the Borgia Palace and the cathedral with its pure Renaissance exterior and a"
le_colline_del_prosecco_di_conegliano_e_valdobbiadene,Le Colline del Prosecco di Conegliano e Valdobbiadene,1571,Cultural,(v),1,ITA,Europe and North America,Europe,,,2019,2010s,6,False,False,20334.2,True,1,Forest,https://whc.unesco.org/en/list/1571,"Located in north-eastern Italy, the property includes part of the winegrowing landscape of the Prosecco wine production area. The landscape is characterized by ‘hogback’ hills, ciglioni – small plots of vines on narrow grassy terraces – forests, small villages and farmland. For centuries, this rugged terrain has been shaped and adapted by man. Since the 17th century, the use of ciglioni has created a particular chequerboard landscape consisting of rows of vines parallel and vertical to the slope"
longobards_in_italy_places_of_the_power_568_774_a_d,Longobards in Italy. Places of the Power (568-774 A.D.),1318,Cultural,(ii)(iii),2,ITA,Europe and North America,Europe,,,2011,2010s,14,False,False,14.08,True,7,Cultural Landscape,https://whc.unesco.org/en/list/1318,"The Longobards in Italy, Places of Power, 568 - 774 A.D. comprises seven groups of important buildings (including fortresses, churches, and monasteries) throughout the Italian Peninsula. They testify to the high achievement of the Lombards, who migrated from northern Europe and developed their own specific culture in Italy where they ruled over vast territories in the 6th to 8th centuries. The Lombards synthesis of architectural styles marked the transition from Antiquity to the European Middle "
late_baroque_towns_of_the_val_di_noto_south_eastern_sicily,Late Baroque Towns of the Val di Noto (South-Eastern Sicily),1024,Cultural,(i)(ii)(iv)(v),4,ITA,Europe and North America,Europe,,,2002,2000s,23,False,False,112.79,True,8,Urban,https://whc.unesco.org/en/list/1024,"The eight towns in south-eastern Sicily: Caltagirone, Militello Val di Catania, Catania, Modica, Noto, Palazzolo, Ragusa and Scicli, were all rebuilt after 1693 on or beside towns existing at the time of the earthquake which took place in that year. They represent a considerable collective undertaking, successfully carried out at a high level of architectural and artistic achievement. Keeping within the late Baroque style of the day, they also depict distinctive innovations in town planning and "
medici_villas_and_gardens_in_tuscany,Medici Villas and Gardens in Tuscany,175,Cultural,(ii)(iv),2,ITA,Europe and North America,Europe,,,2013,2010s,12,False,False,125.4,True,14,Cultural Landscape,https://whc.unesco.org/en/list/175,"Twelve villas and two gardens spread across the Tuscan landscape make up this site which bears testimony to the influence the Medici family exerted over modern European culture through its patronage of the arts. Built between the 15th and 17th centuries, they represent an innovative system of construction in harmony with nature and dedicated to leisure, the arts and knowledge. The villas embody an innovative form and function, a new type of princely residence that differed from both the farms ow"
syracuse_and_the_rocky_necropolis_of_pantalica,Syracuse and the Rocky Necropolis of Pantalica,1200,Cultural,(ii)(iii)(iv),3,ITA,Europe and North America,Europe,,,2005,2000s,20,False,False,898.46,True,3,Urban,https://whc.unesco.org/en/list/1200,"The site consists of two separate elements, containing outstanding vestiges dating back to Greek and Roman times: The Necropolis of Pantalica contains over 5,000 tombs cut into the rock near open stone quarries, most of them dating from the 13th to 7th centuries BC. Vestiges of the Byzantine era also remain in the area, notably the foundations of the Anaktoron (Prince’s Palace). The other part of the property, Ancient Syracuse, includes the nucleus of the city’s foundation as Ortygia by Greeks f"
residences_of_the_royal_house_of_savoy,Residences of the Royal House of Savoy,823,Cultural,(i)(ii)(iv)(v),4,ITA,Europe and North America,Europe,,,1997,1990s,28,False,False,370.82,True,14,Cultural Landscape,https://whc.unesco.org/en/list/823,"When Emmanuel-Philibert, Duke of Savoy, moved his capital to Turin in 1562, he began a vast series of building projects (continued by his successors) to demonstrate the power of the ruling house. This outstanding complex of buildings, designed and embellished by the leading architects and artists of the time, radiates out into the surrounding countryside from the Royal Palace in the 'Command Area' of Turin to include many country residences and hunting lodges."
su_nuraxi_di_barumini,Su Nuraxi di Barumini,833,Cultural,(i)(iii)(iv),3,ITA,Europe and North America,Europe,,,1997,1990s,28,False,False,2.3254,True,1,Coastal,https://whc.unesco.org/en/list/833,"During the late 2nd millennium B.C. in the Bronze Age, a special type of defensive structure known as nuraghi (for which no parallel exists anywhere else in the world) developed on the island of Sardinia. The complex consists of circular defensive towers in the form of truncated cones built of dressed stone, with corbel-vaulted internal chambers. The complex at Barumini, which was extended and reinforced in the first half of the 1st millennium under Carthaginian pressure, is the finest and most "
the_dolomites,The Dolomites,1237,Natural,(vii)(viii),2,ITA,Europe and North America,Europe,,,2009,2000s,16,False,False,141902.8,True,9,Mountain,https://whc.unesco.org/en/list/1237,"The site of the Dolomites comprises a mountain range in the northern Italian Alps, numbering 18 peaks which rise to above 3,000 metres and cover 141,903 ha. It features some of the most beautiful mountain landscapes anywhere, with vertical walls, sheer cliffs and a high density of narrow, deep and long valleys. A serial property of nine areas that present a diversity of spectacular landscapes of international significance for geomorphology marked by steeples, pinnacles and rock walls, the site a"
villa_d_este_tivoli,"Villa d'Este, Tivoli",1025,Cultural,(i)(ii)(iii)(iv),4,ITA,Europe and North America,Europe,,,2001,2000s,24,False,False,4.5,True,1,Cultural Landscape,https://whc.unesco.org/en/list/1025,"The Villa d'Este in Tivoli, with its palace and garden, is one of the most remarkable and comprehensive illustrations of Renaissance culture at its most refined. Its innovative design along with the architectural components in the garden (fountains, ornamental basins, etc.) make this a unique example of an Italian 16th-century garden. The Villa d'Este, one of the first giardini delle meraviglie , was an early model for the development of European gardens."
via_appia_em_regina_viarum_em,Via Appia. <em>Regina Viarum</em>,1708,Cultural,(iii)(iv),2,ITA,Europe and North America,Europe,,,2024,2020s,1,False,False,4639.92,True,19,Cultural Landscape,https://whc.unesco.org/en/list/1708,"More than 800 kilometres long, the Via Appia is the oldest and most important of the great roads built by the Ancient Romans. Constructed and developed from 312 BCE to the 4th century CE, it was originally conceived as a strategic road for military conquest, advancing towards the East and Asia Minor. The Via Appia later enabled the cities it connected to grow and new settlements emerged, facilitating agricultural production and trade. This property, composed of 19 component parts, is a fully dev"
fujisan_sacred_place_and_source_of_artistic_inspiration,"Fujisan, sacred place and source of artistic inspiration",1418,Cultural,(iii),1,JPN,Asia and the Pacific,Unknown,,,2013,2010s,12,False,False,20702.1,True,25,Mountain,https://whc.unesco.org/en/list/1418,"The beauty of the solitary, often snow-capped, stratovolcano, known around the world as Mount Fuji, rising above villages and tree-fringed sea and lakes has long been the object of pilgrimages and inspired artists and poets. The inscribed property consists of 25 sites which reflect the essence of Fujisan’s sacred and artistic landscape. In the 12th century, Fujisan became the centre of training for ascetic Buddhism, which included Shinto elements. On the upper 1,500-metre tier of the 3,776m moun"
himeji_jo,Himeji-jo,661,Cultural,(i)(iv),2,JPN,Asia and the Pacific,Unknown,,,1993,1990s,32,False,False,107,True,1,Cultural Landscape,https://whc.unesco.org/en/list/661,"Himeji-jo is the finest surviving example of early 17th-century Japanese castle architecture, comprising 83 buildings with highly developed systems of defence and ingenious protection devices dating from the beginning of the Shogun period. It is a masterpiece of construction in wood, combining function with aesthetic appeal, both in its elegant appearance unified by the white plastered earthen walls and in the subtlety of the relationships between the building masses and the multiple roof layers"
gusuku_sites_and_related_properties_of_the_kingdom_of_ryukyu,Gusuku Sites and Related Properties of the Kingdom of Ryukyu,972,Cultural,(ii)(iii),2,JPN,Asia and the Pacific,Unknown,,,2000,2000s,25,False,False,54.9,True,9,Coastal,https://whc.unesco.org/en/list/972,"Five hundred years of Ryukyuan history (12th-17th century) are represented by this group of sites and monuments. The ruins of the castles, on imposing elevated sites, are evidence for the social structure over much of that period, while the sacred sites provide mute testimony to the rare survival of an ancient form of religion into the modern age. The wide- ranging economic and cultural contacts of the Ryukyu Islands over that period gave rise to a unique culture."
historic_monuments_of_ancient_kyoto_kyoto_uji_and_otsu_cities,"Historic Monuments of Ancient Kyoto (Kyoto, Uji and Otsu Cities)",688,Cultural,(ii)(iv),2,JPN,Asia and the Pacific,Unknown,,,1994,1990s,31,False,False,1056,True,17,Cultural Landscape,https://whc.unesco.org/en/list/688,"Built in A.D. 794 on the model of the capitals of ancient China, Kyoto was the imperial capital of Japan from its foundation until the middle of the 19th century. As the centre of Japanese culture for more than 1,000 years, Kyoto illustrates the development of Japanese wooden architecture, particularly religious architecture, and the art of Japanese gardens, which has influenced landscape gardening the world over."
iwami_ginzan_silver_mine_and_its_cultural_landscape,Iwami Ginzan Silver Mine and its Cultural Landscape,1246,Cultural,(ii)(iii)(v),3,JPN,Asia and the Pacific,Unknown,,,2007,2000s,18,False,False,529.17,True,14,Mountain,https://whc.unesco.org/en/list/1246,"The Iwami Ginzan Silver Mine in the south-west of Honshu Island is a cluster of mountains, rising to 600 m and interspersed by deep river valleys featuring the archaeological remains of large-scale mines, smelting and refining sites and mining settlements worked between the 16th and 20th centuries. The site also features routes used to transport silver ore to the coast, and port towns from where it was shipped to Korea and China. The mines contributed substantially to the overall economic develo"
sites_of_japans_meiji_industrial_revolution_iron_and_steel_shipbuilding_and_coal_mining,"Sites of Japan’s Meiji Industrial Revolution: Iron and Steel, Shipbuilding and Coal Mining",1484,Cultural,(ii)(iv),2,JPN,Asia and the Pacific,Unknown,,,2015,2010s,10,False,False,306.66,True,23,Cultural Landscape,https://whc.unesco.org/en/list/1484,"The site encompasses a series of twenty three component parts, mainly located in the southwest of Japan. It bears testimony to the rapid industrialization of the country from the middle of the 19th century to the early 20th century, through the development of the iron and steel industry, shipbuilding and coal mining. The site illustrates the process by which feudal Japan sought technology transfer from Europe and America from the middle of the 19th century and how this technology was adapted to "
as_salt_the_place_of_tolerance_and_urban_hospitality,As-Salt - The Place of Tolerance and Urban Hospitality,689,Cultural,(ii)(iii),2,JOR,Arab States,Asia,,,2021,2020s,4,False,False,24.68,True,1,Mountain,https://whc.unesco.org/en/list/689,"Built on three closely-spaced hills in the Balqa highland of west-central Jordan, the city of As-Salt, was an important trading link between the eastern desert and the west. During the last 60 years of the Ottoman period, the region prospered from the arrival and settlement of merchants from Nablus, Syria, and Lebanon who made their fortunes in trade, banking, and farming. This prosperity attracted skilled craftsmen from different parts of the region who worked on transforming the modest rural s"
um_er_rasas_kastrom_mefa_a,Um er-Rasas (Kastrom Mefa'a),1093,Cultural,(i)(iv),2,JOR,Arab States,Asia,,,2004,2000s,21,False,False,23.928,True,2,Desert,https://whc.unesco.org/en/list/1093,"Most of this archaeological site, which started as a Roman military camp and grew to become a town from the 5th century, has not been excavated. It contains remains from the Roman, Byzantine and Early Muslim periods (end of 3rd to 9th centuries AD) and a fortified Roman military camp. The site also has 16 churches, some with well-preserved mosaic floors. Particularly noteworthy is the mosaic floor of the Church of Saint Stephen with its representation of towns in the region. Two square towers ar"
baptism_site_bethany_beyond_the_jordan_al_maghtas,Baptism Site “Bethany Beyond the Jordan” (Al-Maghtas),1446,Cultural,(iii),1,JOR,Arab States,Asia,,,2015,2010s,10,False,False,294.155,True,1,Coastal,https://whc.unesco.org/en/list/1446,"Situated on the eastern bank of the River Jordan, nine kilometres north of the Dead Sea, the archaeological site consists of two distinct areas: Tell Al-Kharrar, also known as Jabal Mar-Elias (Elijah’s Hill) and the area of the churches of Saint John the Baptist near the river. Situated in a pristine natural environment the site is believed to be the location where Jesus of Nazareth was baptized by John the Baptist. It features Roman and Byzantine remains including churches and chapels, a monast"
quseir_amra,Quseir Amra,327,Cultural,(i)(iii)(iv),3,JOR,Arab States,Asia,,,1985,1980s,40,False,False,0.0445,True,1,Desert,https://whc.unesco.org/en/list/327,"Built in the early 8th century, this exceptionally well-preserved desert castle was both a fortress with a garrison and a residence of the Umayyad caliphs. The most outstanding features of this small pleasure palace are the reception hall and the hammam, both richly decorated with figurative murals that reflect the secular art of the time."
umm_al_jimal,Umm Al-Jimāl,1721,Cultural,(iii),1,JOR,Arab States,Asia,,,2024,2020s,1,False,False,42.584,True,1,Cultural Landscape,https://whc.unesco.org/en/list/1721,"The property is a rural settlement in northern Jordan that developed organically on the site of an earlier Roman settlement around the 5th century CE and functioned until the end of the 8th century CE. It preserves basaltic structures from the Byzantine and Early Islamic periods that represent the local architecture style of the Hauran region, with some earlier Roman military buildings re-purposed by later inhabitants. The settlement formed part of a broader agricultural landscape that included "
wadi_rum_protected_area,Wadi Rum Protected Area,1377,Mixed,(iii)(v)(vii),3,JOR,Arab States,Asia,,,2011,2010s,14,False,False,74179.7,True,1,Desert,https://whc.unesco.org/en/list/1377,"The 74,000-hectare property, inscribed as a mixed natural and cultural site, is situated in southern Jordan, near the border with Saudi Arabia. It features a varied desert landscape consisting of a range of narrow gorges, natural arches, towering cliffs, ramps, massive landslides and caverns. Petroglyphs, inscriptions and archaeological remains in the site testify to 12,000 years of human occupation and interaction with the natural environment. The combination of 25,000 rock carvings with 20,000"
fort_jesus_mombasa,"Fort Jesus, Mombasa",1295,Cultural,(ii)(iv),2,KEN,Africa,Africa,,,2011,2010s,14,False,False,2.36,True,1,Cultural Landscape,https://whc.unesco.org/en/list/1295,"The Fort, built by the Portuguese in 1593-1596 to the designs of Giovanni Battista Cairati to protect the port of Mombasa, is one of the most outstanding and well preserved examples of 16th Portuguese military fortification and a landmark in the history of this type of construction. The Fort's layout and form reflected the Renaissance ideal that perfect proportions and geometric harmony are to be found in the human body. The property covers an area of 2.36 hectares and includes the fort's moat a"
kenya_lake_system_in_the_great_rift_valley,Kenya Lake System in the Great Rift Valley,1060,Natural,(vii)(ix)(x),3,KEN,Africa,Africa,,,2011,2010s,14,False,False,32034,True,3,River/Valley,https://whc.unesco.org/en/list/1060,"The Kenya Lake System in the Great Rift Valley , a natural property of outstanding beauty, comprises three inter-linked relatively shallow lakes (Lake Bogoria, Lake Nakuru and Lake Elementaita) in the Rift Valley Province of Kenya and covers a total area of 32,034 hectares. The property is home to 13 globally threatened bird species and some of the highest bird diversities in the world. It is the single most important foraging site for the lesser flamingo anywhere, and a major nesting and breedi"
thimlich_ohinga_archaeological_site,Thimlich Ohinga Archaeological Site,1450,Cultural,(iii)(iv)(v),3,KEN,Africa,Africa,,,2018,2010s,7,False,False,21,True,1,Urban,https://whc.unesco.org/en/list/1450,"Situated north-west of the town of Migori, in the Lake Victoria region, this dry-stone walled settlement was probably built in the 16th century CE. The Ohinga (i.e. settlement) seems to have served as a fort for communities and livestock, but also defined social entities and relationships linked to lineage. Thimlich Ohinga is the largest and best preserved of these traditional enclosures. It is an exceptional example of the tradition of massive dry-stone walled enclosures, typical of the first p"
mount_kenya_national_park_natural_forest,Mount Kenya National Park/Natural Forest,800,Natural,(vii)(ix),2,KEN,Africa,Africa,,,1997,1990s,28,False,False,202334,True,2,Mountain,https://whc.unesco.org/en/list/800,"At 5,199 m, Mount Kenya is the second highest peak in Africa. It is an ancient extinct volcano, which during its period of activity (3.1-2.6 million years ago) is thought to have risen to 6,500 m. There are 12 remnant glaciers on the mountain, all receding rapidly, and four secondary peaks that sit at the head of the U-shaped glacial valleys. With its rugged glacier-clad summits and forested middle slopes, Mount Kenya is one of the most impressive landscapes in East Africa. The evolution and eco"
leon_cathedral,León Cathedral,1236,Cultural,(ii)(iv),2,NIC,Latin America and the Caribbean,Americas,,,2011,2010s,14,False,False,0.77,True,1,Cultural Landscape,https://whc.unesco.org/en/list/1236,"Built between 1747 and the early 19th century to the design of Guatemalan architect Diego José de Porres Esquivel, the monument expresses the transition from Baroque to Neoclassical architecture and its style can be considered to be eclectic. The Cathedral is characterized by the sobriety of its interior decoration and the abundance of natural light. The vault of the Sanctuary, however, presents rich ornamentation. The Cathedral houses important works of art including a wooden Flemish altarpiece"
vat_phou_and_associated_ancient_settlements_within_the_champasak_cultural_landscape,Vat Phou and Associated Ancient Settlements within the Champasak Cultural Landscape,481,Cultural,(iii)(iv),2,LAO,Asia and the Pacific,Unknown,,,2001,2000s,24,False,False,39000,True,1,Mountain,https://whc.unesco.org/en/list/481,"The Champasak cultural landscape, including the Vat Phou Temple complex, is a remarkably well-preserved planned landscape more than 1,000 years old. It was shaped to express the Hindu vision of the relationship between nature and humanity, using an axis from mountain top to river bank to lay out a geometric pattern of temples, shrines and waterworks extending over some 10 km. Two planned cities on the banks of the Mekong River are also part of the site, as well as Phou Kao mountain. The whole re"
historic_centre_of_riga,Historic Centre of Riga,852,Cultural,(i)(ii),2,LVA,Europe and North America,Europe,,,1997,1990s,28,False,False,438.3,True,1,Coastal,https://whc.unesco.org/en/list/852,"Riga was a major centre of the Hanseatic League, deriving its prosperity in the 13th–15th centuries from the trade with central and eastern Europe. The urban fabric of its medieval centre reflects this prosperity, though most of the earliest buildings were destroyed by fire or war. Riga became an important economic centre in the 19th century, when the suburbs surrounding the medieval town were laid out, first with imposing wooden buildings in neoclassical style and then in Jugendstil . It is gen"
rachid_karami_international_fair_tripoli,Rachid Karami International Fair-Tripoli,1702,Cultural,(ii)(iv),2,LBN,Arab States,Asia,,,2023,2020s,2,False,True,72,True,1,Urban,https://whc.unesco.org/en/list/1702,"Located in northern Lebanon, the Rachid Karameh International Fair of Tripoli was designed in 1962 by the Brazilian architect Oscar Niemeyer on a 70-hectare site located between the historic centre of Tripoli and the Al Mina port. The main building of the fair consists of a huge covered hall in the shape of a boomerang of 750 metres by 70 metres, a flexible space for countries to install exhibitions. The fair was the flagship project of Lebanon's modernization policy in the 1960s. The close coll"
old_town_of_ghadames,Old Town of Ghadamès,362,Cultural,(v),1,LBY,Arab States,Asia,,,1986,1980s,39,False,False,287.59,True,1,Desert,https://whc.unesco.org/en/list/362,"Ghadamès, known as 'the pearl of the desert', stands in an oasis. It is one of the oldest pre-Saharan cities and an outstanding example of a traditional settlement. Its domestic architecture is characterized by a vertical division of functions: the ground floor used to store supplies; then another floor for the family, overhanging covered alleys that create what is almost an underground network of passageways; and, at the top, open-air terraces reserved for the women."
modernist_kaunas_architecture_of_optimism_1919_1939,"Modernist Kaunas: Architecture of Optimism, 1919-1939",1661,Cultural,(iv),1,LTU,Europe and North America,Europe,,,2023,2020s,2,False,False,455.3,True,1,Urban,https://whc.unesco.org/en/list/1661,"This property testifies to the rapid urbanization that transformed the provincial town of Kaunas into a modern city that became Lithuania’s provisional capital between the First and Second World Wars. Its community-driven transformation of an urban landscape was adapted from an earlier town layout. The quality of modern Kaunas was manifested through the spatial organization of the Naujamiestis (New Town) and Žaliakalnis (Green Hill) areas, and in public buildings, urban spaces and residences con"
city_of_luxembourg_its_old_quarters_and_fortifications,City of Luxembourg: its Old Quarters and Fortifications,699,Cultural,(iv),1,LUX,Europe and North America,Europe,,,1994,1990s,31,False,False,29.94,True,1,Cultural Landscape,https://whc.unesco.org/en/list/699,"Because of its strategic position, Luxembourg was, from the 16th century until 1867, when its walls were dismantled, one of Europe's greatest fortified sites. It was repeatedly reinforced as it passed from one great European power to another: the Holy Roman Emperors, the House of Burgundy, the Habsburgs, the French and Spanish kings, and finally the Prussians. Until their partial demolition, the fortifications were a fine example of military architecture spanning several centuries."
royal_hill_of_ambohimanga,Royal Hill of Ambohimanga,950,Cultural,(iii)(iv),2,MDG,Africa,Africa,,,2001,2000s,24,False,False,59,True,1,Urban,https://whc.unesco.org/en/list/950,"The Royal Hill of Ambohimanga consists of a royal city and burial site, and an ensemble of sacred places. It is associated with strong feelings of national identity, and has maintained its spiritual and sacred character both in ritual practice and the popular imagination for the past 500 years. It remains a place of worship to which pilgrims come from Madagascar and elsewhere."
rainforests_of_the_atsinanana,Rainforests of the Atsinanana,1257,Natural,(ix)(x),2,MDG,Africa,Africa,,,2007,2000s,18,False,False,479660.7,True,13,Coastal,https://whc.unesco.org/en/list/1257,"The Rainforests of the Atsinanana comprise six national parks distributed along the eastern part of the island. These relict forests are critically important for maintaining ongoing ecological processes necessary for the survival of Madagascar’s unique biodiversity, which reflects the island’s geological history. Having completed its separation from all other land masses more than 60 million years ago, Madagascar’s plant and animal life evolved in isolation. The rainforests are inscribed for the"
gunung_mulu_national_park,Gunung Mulu National Park,1013,Natural,(vii)(viii)(ix)(x),4,MYS,Asia and the Pacific,Unknown,,,2000,2000s,25,False,False,52864,True,1,Coastal,https://whc.unesco.org/en/list/1013,"Important both for its high biodiversity and for its karst features, Gunung Mulu National Park, on the island of Borneo in the State of Sarawak, is the most studied tropical karst area in the world. The 52,864-ha park contains seventeen vegetation zones, exhibiting some 3,500 species of vascular plants. Its palm species are exceptionally rich, with 109 species in twenty genera noted. The park is dominated by Gunung Mulu, a 2,377 m-high sandstone pinnacle. At least 295 km of explored caves provid"
the_archaeological_heritage_of_niah_national_parks_caves_complex,The Archaeological Heritage of Niah National Park’s Caves Complex,1014,Cultural,(iii)(v),2,MYS,Asia and the Pacific,Unknown,,,2024,2020s,1,False,False,3609,True,1,Coastal,https://whc.unesco.org/en/list/1014,"This complex of colossal, interconnected caverns is located near the west coast of Borneo Island at the centre of Niah National Park. It contains the longest known records of human interaction with rainforest, spanning at least 50,000 years, from the Pleistocene to the Mid-Holocene periods. The rich archaeological deposits, prehistoric rock paintings and boat-shaped burials found at the northern edge of the massif illustrate biological and human life during this time, and contribute greatly to t"
timbuktu,Timbuktu,119,Cultural,(ii)(iv)(v),3,MLI,Africa,Africa,,,1988,1980s,37,False,True,0,True,1,Desert,https://whc.unesco.org/en/list/119,"Home of the prestigious Koranic Sankore University and other madrasas, Timbuktu was an intellectual and spiritual capital and a centre for the propagation of Islam throughout Africa in the 15th and 16th centuries. Its three great mosques, Djingareyber, Sankore and Sidi Yahia, recall Timbuktu's golden age. Although continuously restored, these monuments are today under threat from desertification."
ancient_i_ksour_i_of_ouadane_chinguetti_tichitt_and_oualata,"Ancient <I>Ksour</I> of Ouadane, Chinguetti, Tichitt and Oualata",750,Cultural,(iii)(iv)(v),3,MRT,Arab States,Asia,,,1996,1990s,29,False,False,0,True,4,Desert,https://whc.unesco.org/en/list/750,"Founded in the 11th and 12th centuries to serve the caravans crossing the Sahara, these trading and religious centres became focal points of Islamic culture. They have managed to preserve an urban fabric that evolved between the 12th and 16th centuries. Typically, houses with patios crowd along narrow streets around a mosque with a square minaret. They illustrate a traditional way of life centred on the nomadic culture of the people of the western Sahara."
le_morne_cultural_landscape,Le Morne Cultural Landscape,1259,Cultural,(iii),1,MUS,Africa,Africa,,,2008,2000s,17,False,False,349.6,True,1,Mountain,https://whc.unesco.org/en/list/1259,"Le Morne Cultural Landscape, a rugged mountain that juts into the Indian Ocean in the southwest of Mauritius was used as a shelter by runaway slaves, maroons, through the 18th and early years of the 19th centuries. Protected by the mountain’s isolated, wooded and almost inaccessible cliffs, the escaped slaves formed small settlements in the caves and on the summit of Le Morne. The oral traditions associated with the maroons, have made Le Morne a symbol of the slaves’ fight for freedom, their suf"
franciscan_missions_in_the_sierra_gorda_of_queretaro,Franciscan Missions in the Sierra Gorda of Querétaro,1079,Cultural,(ii)(iii),2,MEX,Latin America and the Caribbean,Americas,,,2003,2000s,22,False,False,103.7,True,5,Cultural Landscape,https://whc.unesco.org/en/list/1079,"The five Franciscan missions of Sierra Gorda were built during the last phase of the conversion to Christianity of the interior of Mexico in the mid-18th century and became an important reference for the continuation of the evangelization of California, Arizona and Texas. The richly decorated church façades are of special interest as they represent an example of the joint creative efforts of the missionaries and the Indios. The rural settlements that grew around the missions have retained their "
central_university_city_campus_of_the_i_universidad_nacional_autonoma_de_mexico_i_unam,Central University City Campus of the <i>Universidad Nacional Autónoma de México</i> (UNAM),1250,Cultural,(i)(ii)(iv),3,MEX,Latin America and the Caribbean,Americas,,,2007,2000s,18,False,False,176.5,True,1,Urban,https://whc.unesco.org/en/list/1250,"The ensemble of buildings, sports facilities and open spaces of the Central University City Campus of the Universidad Nacional Autónoma de México (UNAM), was built from 1949 to 1952 by more than 60 architects, engineers and artists who were involved in the project. As a result, the campus constitutes a unique example of 20th-century modernism integrating urbanism, architecture, engineering, landscape design and fine arts with references to local traditions, especially to Mexico’s pre-Hispanic pa"
el_tajin_pre_hispanic_city,"El Tajin, Pre-Hispanic City",631,Cultural,(iii)(iv),2,MEX,Latin America and the Caribbean,Americas,,,1992,1990s,33,False,False,240,True,1,Cultural Landscape,https://whc.unesco.org/en/list/631,"Located in the state of Veracruz, El Tajin was at its height from the early 9th to the early 13th century. It became the most important centre in north-east Mesoamerica after the fall of the Teotihuacan Empire. Its cultural influence extended all along the Gulf and penetrated into the Maya region and the high plateaux of central Mexico. Its architecture, which is unique in Mesoamerica, is characterized by elaborate carved reliefs on the columns and frieze. The 'Pyramid of the Niches', a masterpi"
earliest_16th_century_monasteries_on_the_slopes_of_popocatepetl,Earliest 16th-Century Monasteries on the Slopes of Popocatepetl,702,Cultural,(ii)(iv),2,MEX,Latin America and the Caribbean,Americas,,,1994,1990s,31,False,False,24.33,True,15,Cultural Landscape,https://whc.unesco.org/en/list/702,"The Earliest 16th-Century Monasteries on the Slopes of Popocatepetl is a serial property with 15 component parts located in the states of Morelos, Puebla and Tlaxcala in Mexico, built as part of the evangelisation and colonisation of the northern territories of Mexico. They are in an excellent state of conservation and are good examples of the architectural style adopted by the first missionaries – Franciscans, Dominicans and Augustinians – who converted the indigenous populations to Christianit"
historic_centre_of_oaxaca_and_archaeological_site_of_monte_alban,Historic Centre of Oaxaca and Archaeological Site of Monte Albán,415,Cultural,(i)(ii)(iii)(iv),4,MEX,Latin America and the Caribbean,Americas,,,1987,1980s,38,False,False,4375,True,2,Mountain,https://whc.unesco.org/en/list/415,"Inhabited over a period of 1,500 years by a succession of peoples – Olmecs, Zapotecs and Mixtecs – the terraces, dams, canals, pyramids and artificial mounds of Monte Albán were literally carved out of the mountain and are the symbols of a sacred topography. The nearby city of Oaxaca, which is built on a grid pattern, is a good example of Spanish colonial town planning. The solidity and volume of the city's buildings show that they were adapted to the earthquake-prone region in which these archi"
hospicio_cabanas_guadalajara,"Hospicio Cabañas, Guadalajara",815,Cultural,(i)(ii)(iii)(iv),4,MEX,Latin America and the Caribbean,Americas,,,1997,1990s,28,False,False,2.34,True,1,Urban,https://whc.unesco.org/en/list/815,"The Hospicio Cabañas was built at the beginning of the 19th century to provide care and shelter for the disadvantaged – orphans, old people, the handicapped and chronic invalids. This remarkable complex, which incorporates several unusual features designed specifically to meet the needs of its occupants, was unique for its time. It is also notable for the harmonious relationship between the open and built spaces, the simplicity of its design, and its size. In the early 20th century, the chapel w"
historic_monuments_zone_of_queretaro,Historic Monuments Zone of Querétaro,792,Cultural,(ii)(iv),2,MEX,Latin America and the Caribbean,Americas,,,1996,1990s,29,False,False,258.3,True,1,Urban,https://whc.unesco.org/en/list/792,"The old colonial town of Querétaro is unusual in having retained the geometric street plan of the Spanish conquerors side by side with the twisting alleys of the Indian quarters. The Otomi, the Tarasco, the Chichimeca and the Spanish lived together peacefully in the town, which is notable for the many ornate civil and religious Baroque monuments from its golden age in the 17th and 18th centuries."
luis_barragan_house_and_studio,Luis Barragán House and Studio,1136,Cultural,(i)(ii),2,MEX,Latin America and the Caribbean,Americas,,,2004,2000s,21,False,False,0.1161,True,1,Urban,https://whc.unesco.org/en/list/1136,"Built in 1948, the House and Studio of architect Luis Barragán in the suburbs of Mexico City represents an outstanding example of the architect’s creative work in the post-Second World War period. The concrete building, totalling 1,161 m2, consists of a ground floor and two upper storeys, as well as a small private garden. Barragán’s work integrated modern and traditional artistic and vernacular currents and elements into a new synthesis, which has been greatly influential, especially in the con"
monarch_butterfly_biosphere_reserve,Monarch Butterfly Biosphere Reserve,1290,Natural,(vii),1,MEX,Latin America and the Caribbean,Americas,,,2008,2000s,17,False,False,13551.552,True,3,Mountain,https://whc.unesco.org/en/list/1290,"The 56,259 ha biosphere lies within rugged forested mountains about 100 km northwest of Mexico City. Every autumn, millions, perhaps a billion, butterflies from wide areas of North America return to the site and cluster on small areas of the forest reserve, colouring its trees orange and literally bending their branches under their collective weight. In the spring, these butterflies begin an 8 month migration that takes them all the way to Eastern Canada and back, during which time four successi"
rock_paintings_of_the_sierra_de_san_francisco,Rock Paintings of the Sierra de San Francisco,714,Cultural,(i)(iii),2,MEX,Latin America and the Caribbean,Americas,,,1993,1990s,32,False,False,182600,True,1,Cultural Landscape,https://whc.unesco.org/en/list/714,"From c. 100 B.C. to A.D. 1300, the Sierra de San Francisco (in the El Vizcaino reserve, in Baja California) was home to a people who have now disappeared but who left one of the most outstanding collections of rock paintings in the world. They are remarkably well-preserved because of the dry climate and the inaccessibility of the site. Showing human figures and many animal species and illustrating the relationship between humans and their environment, the paintings reveal a highly sophisticated "
paseo_del_prado_and_buen_retiro_a_landscape_of_arts_and_sciences,"Paseo del Prado and Buen Retiro, a landscape of Arts and Sciences",1618,Cultural,(ii)(iv),2,ESP,Europe and North America,Europe,,,2021,2020s,4,False,False,237,True,1,Coastal,https://whc.unesco.org/en/list/1618,"Located at the urban heart of Madrid, this cultural landscape evolved since the creation of the tree-lined Paseo del Prado avenue, a prototype of the Hispanic alameda, in the 16th century. The avenue features major fountains, notably the Fuente de Apolo and the Fuente de Neptuno, and the Fuente de Cibeles, an iconic symbol of the city, surrounded by prestigious buildings. The site embodies a new idea of urban space and development from the enlightened absolutist period of the 18th century. Build"
pre_hispanic_city_of_teotihuacan,Pre-Hispanic City of Teotihuacan,414,Cultural,(i)(ii)(iii)(iv),4,MEX,Latin America and the Caribbean,Americas,,,1987,1980s,38,False,False,250,True,1,Urban,https://whc.unesco.org/en/list/414,"The holy city of Teotihuacan ('the place where the gods were created') is situated some 50 km north-east of Mexico City. Built between the 1st and 7th centuries A.D., it is characterized by the vast size of its monuments – in particular, the Temple of Quetzalcoatl and the Pyramids of the Sun and the Moon, laid out on geometric and symbolic principles. As one of the most powerful cultural centres in Mesoamerica, Teotihuacan extended its cultural and artistic influence throughout the region, and e"
prehistoric_caves_of_yagul_and_mitla_in_the_central_valley_of_oaxaca,Prehistoric Caves of Yagul and Mitla in the Central Valley of Oaxaca,1352,Cultural,(iii),1,MEX,Latin America and the Caribbean,Americas,,,2010,2010s,15,False,False,1515.17,True,1,River/Valley,https://whc.unesco.org/en/list/1352,"This property lies on the northern slopes of the Tlacolula valley in subtropical central Oaxaca and consists of two pre-Hispanic archaeological complexes and a series of pre-historic caves and rock shelters. Some of these shelters provide archaeological and rock-art evidence for the progress of nomadic hunter-gathers to incipient farmers. Ten thousand-year-old Cucurbitaceae seeds in one cave, Guilá Naquitz, are considered to be the earliest known evidence of domesticated plants in the continent,"
nan_madol_ceremonial_centre_of_eastern_micronesia,Nan Madol: Ceremonial Centre of Eastern Micronesia,1503,Cultural,(i)(iii)(iv),3,FSM,Asia and the Pacific,Unknown,,,2016,2010s,9,False,True,76.7,True,1,Coastal,https://whc.unesco.org/en/list/1503,"Nan Madol is a series of more than 100 islets off the south-east coast of Pohnpei that were constructed with walls of basalt and coral boulders. These islets harbour the remains of stone palaces, temples, tombs and residential domains built between 1200 and 1500 CE. These ruins represent the ceremonial centre of the Saudeleur dynasty, a vibrant period in Pacific Island culture. The huge scale of the edifices, their technical sophistication and the concentration of megalithic structures bear test"
tehuacan_cuicatlan_valley_originary_habitat_of_mesoamerica,Tehuacán-Cuicatlán Valley: originary habitat of Mesoamerica,1534,Mixed,(iv)(x),2,MEX,Latin America and the Caribbean,Americas,,,2018,2010s,7,False,False,145255.2,True,3,Desert,https://whc.unesco.org/en/list/1534,"Tehuacán-Cuicatlán Valley, part of the Mesoamerican region, is the arid or semi-arid zone with the richest biodiversity in all of North America. Consisting of three components, Zapotitlán-Cuicatlán, San Juan Raya and Purrón, it is one of the main centres of diversification for the cacti family, which is critically endangered worldwide. The valley harbours the densest forests of columnar cacti in the world, shaping a unique landscape that also includes agaves, yuccas and oaks. Archaeological rema"
sian_ka_an,Sian Ka'an,410,Natural,(vii)(x),2,MEX,Latin America and the Caribbean,Americas,,,1987,1980s,38,False,False,528000,True,1,Coastal,https://whc.unesco.org/en/list/410,"In the language of the Mayan peoples who once inhabited this region, Sian Ka'an means 'Origin of the Sky'. Located on the east coast of the Yucatán peninsula, this biosphere reserve contains tropical forests, mangroves and marshes, as well as a large marine section intersected by a barrier reef. It provides a habitat for a remarkably rich flora and a fauna comprising more than 300 species of birds, as well as a large number of the region's characteristic terrestrial vertebrates, which cohabit in"
great_burkhan_khaldun_mountain_and_its_surrounding_sacred_landscape,Great Burkhan Khaldun Mountain and its surrounding sacred landscape,1440,Cultural,(iv),1,MNG,Asia and the Pacific,Unknown,,,2015,2010s,10,False,False,443739.2,True,1,Mountain,https://whc.unesco.org/en/list/1440,"The site is situated in the north-east of the country in the central part of the Khentii mountain chain where the vast Central Asian steppe meets the coniferous forests of the Siberian taiga. Burkhan Khaldun is associated with the worship of sacred mountains, rivers and ovoo-s (shamanic rock cairns), in which ceremonies have been shaped by a fusion of ancient shamanic and Buddhist practices. The site is also believed to be the place of Genghis Khan’s birth and burial. It testifies to his efforts"
durmitor_national_park,Durmitor National Park,100,Natural,(vii)(viii)(x),3,MNE,Europe and North America,Europe,,,1980,1980s,45,False,False,32100,True,1,Forest,https://whc.unesco.org/en/list/100,"This breathtaking national park was formed by glaciers and is traversed by rivers and underground streams. Along the Tara river canyon, which has the deepest gorges in Europe, the dense pine forests are interspersed with clear lakes and harbour a wide range of endemic flora."
medina_of_fez,Medina of Fez,170,Cultural,(ii)(v),2,MAR,Arab States,Asia,,,1981,1980s,44,False,False,280,True,2,Urban,https://whc.unesco.org/en/list/170,"Founded in the 9th century, Fez reached its height in the 13th–14th centuries under the Marinids, when it replaced Marrakesh as the capital of the kingdom. The urban fabric and the principal monuments in the medina – madrasas, fondouks, palaces, residences, mosques and fountains - date from this period. Although the political capital of Morocco was transferred to Rabat in 1912, Fez has retained its status as the country's cultural and spiritual centre."
medina_of_essaouira_formerly_mogador,Medina of Essaouira (formerly Mogador),753,Cultural,(ii)(iv),2,MAR,Arab States,Asia,,,2001,2000s,24,False,False,56.7,True,2,Coastal,https://whc.unesco.org/en/list/753,"Essaouira is an exceptional example of a late-18th-century fortified town, built according to the principles of contemporary European military architecture in a North African context. Since its foundation, it has been a major international trading seaport, linking Morocco and its Saharan hinterland with Europe and the rest of the world."
isimangaliso_wetland_park_maputo_national_park,iSimangaliso Wetland Park – Maputo National Park,914,Natural,(vii)(ix)(x),3,"MOZ, ZAF",Africa,Africa,,,1999,1990s,26,True,False,397471,True,2,Coastal,https://whc.unesco.org/en/list/914,"This large and ecologically diverse transboundary property, located along the border of South Africa and Mozambique, includes a wide variety of ecosystems such as coral reefs, sandy beaches, coastal dunes, freshwater lakes, swamps, mangroves, seagrass beds, and savannahs. These environments are largely intact and support a high level of biodiversity. The property provides important habitats for many species, including nesting sea turtles, dolphins, migrating whales, whale sharks, and large popul"
bagan,Bagan,1588,Cultural,(iii)(iv),2,MMR,Asia and the Pacific,Unknown,,,2019,2010s,6,False,False,5005.49,True,7,Mountain,https://whc.unesco.org/en/list/1588,"Lying on a bend of the Ayeyarwady River in the central plain of Myanmar, Bagan is a sacred landscape, featuring an exceptional range of Buddhist art and architecture. The seven components of the serial property include numerous temples, stupas, monasteries and places of pilgrimage, as well as archaeological remains, frescoes and sculptures. The property bears spectacular testimony to the peak of Bagan civilization (11th -13th centuries CE), when the site was the capital of a regional empire. Thi"
island_of_mozambique,Island of Mozambique,599,Cultural,(iv),1,MOZ,Africa,Africa,,,1991,1990s,34,False,False,95.7,True,2,Coastal,https://whc.unesco.org/en/list/599,"The fortified city of Mozambique is located on this island, a former Portuguese trading-post on the route to India. Its remarkable architectural unity is due to the consistent use, since the 16th century, of the same building techniques, building materials (stone or macuti) and decorative principles."
rabat_modern_capital_and_historic_city_a_shared_heritage,"Rabat, Modern Capital and Historic City: a Shared Heritage",1401,Cultural,(ii)(iv),2,MAR,Arab States,Asia,,,2012,2010s,13,False,False,348.59,True,3,Coastal,https://whc.unesco.org/en/list/1401,"Located on the Atlantic coast in the north-west of Morocco, the site is the product of a fertile exchange between the Arabo-Muslim past and Western modernism. The inscribed city encompasses the new town conceived and built under the French Protectorate from 1912 to the 1930s, including royal and administrative areas, residential and commercial developments and the Jardins d’Essais botanical and pleasure gardens. It also encompasses older parts of the city dating back to the 12thcentury. The new "
pyu_ancient_cities,Pyu Ancient Cities,1444,Cultural,(ii)(iii)(iv),3,MMR,Asia and the Pacific,Unknown,,,2014,2010s,11,False,False,5809,True,3,River/Valley,https://whc.unesco.org/en/list/1444,"Pyu Ancient Cities includes the remains of three brick, walled and moated cities of Halin, Beikthano and Sri Ksetra located in vast irrigated landscapes in the dry zone of the Ayeyarwady (Irrawaddy) River basin. They reflect the Pyu Kingdoms that flourished for over 1,000 years between 200 BC and AD 900. The three cities are partly excavated archaeological sites. Remains include excavated palace citadels, burial grounds and manufacture sites, as well as monumental brick Buddhist stupas, partly s"
dutch_water_defence_lines,Dutch Water Defence Lines,759,Cultural,(ii)(iv)(v),3,NLD,Europe and North America,Europe,,,1996,1990s,29,False,False,55404.9,True,20,Cultural Landscape,https://whc.unesco.org/en/list/759,"The Dutch Water Defence Lines represents a defence system extending over 200 km along the edge of the administrative and economic heartland of Holland. It is comprised of the New Dutch Waterline and the Defence Line of Amsterdam. Built between 1815 and 1940, the system consists of a network of forts, dikes, sluices, pumping stations, canals and inundation polders, working in concert to protect the Netherlands by applying the principle of temporary flooding of the land. It has been developed than"
kathmandu_valley,Kathmandu Valley,121,Cultural,(iii)(iv),2,NPL,Asia and the Pacific,Unknown,,,1979,1970s,46,False,False,167.37,True,7,River/Valley,https://whc.unesco.org/en/list/121,"The cultural heritage of the Kathmandu Valley is illustrated by seven groups of monuments and buildings which display the full range of historic and artistic achievements for which the Kathmandu Valley is world famous. The seven include the Durbar Squares of Hanuman Dhoka (Kathmandu), Patan and Bhaktapur, the Buddhist stupas of Swayambhu and Bauddhanath and the Hindu temples of Pashupati and Changu Narayan."
lumbini_the_birthplace_of_the_lord_buddha,"Lumbini, the Birthplace of the Lord Buddha",666,Cultural,(iii),1,NPL,Asia and the Pacific,Unknown,,,1997,1990s,28,False,False,1.95,True,1,Cultural Landscape,https://whc.unesco.org/en/list/666,"Siddhartha Gautama, the Lord Buddha, was born in 623 B.C. in the famous gardens of Lumbini, which soon became a place of pilgrimage. Among the pilgrims was the Indian emperor Ashoka, who erected one of his commemorative pillars there. The site is now being developed as a Buddhist pilgrimage centre, where the archaeological remains associated with the birth of the Lord Buddha form a central feature."
sagarmatha_national_park,Sagarmatha National Park,120,Natural,(vii),1,NPL,Asia and the Pacific,Unknown,,,1979,1970s,46,False,False,124400,True,1,Mountain,https://whc.unesco.org/en/list/120,"Sagarmatha is an exceptional area with dramatic mountains, glaciers and deep valleys, dominated by Mount Everest, the highest peak in the world (8,848 m). Several rare species, such as the snow leopard and the lesser panda, are found in the park. The presence of the Sherpas, with their unique culture, adds further interest to this site."
droogmakerij_de_beemster_beemster_polder,Droogmakerij de Beemster (Beemster Polder),899,Cultural,(i)(ii)(iv),3,NLD,Europe and North America,Europe,,,1999,1990s,26,False,False,7208,True,1,Cultural Landscape,https://whc.unesco.org/en/list/899,"The Beemster Polder, dating from the early 17th century, is is an exceptional example of reclaimed land in the Netherlands. It has preserved intact its well-ordered landscape of fields, roads, canals, dykes and settlements, laid out in accordance with classical and Renaissance planning principles."
mill_network_at_kinderdijk_elshout,Mill Network at Kinderdijk-Elshout,818,Cultural,(i)(ii)(iv),3,NLD,Europe and North America,Europe,,,1997,1990s,28,False,False,322,True,1,Cultural Landscape,https://whc.unesco.org/en/list/818,"The outstanding contribution made by the people of the Netherlands to the technology of handling water is admirably demonstrated by the installations in the Kinderdijk-Elshout area. Construction of hydraulic works for the drainage of land for agriculture and settlement began in the Middle Ages and have continued uninterruptedly to the present day. The site illustrates all the typical features associated with this technology – dykes, reservoirs, pumping stations, administrative buildings and a se"
rietveld_schroderhuis_rietveld_schroder_house,Rietveld Schröderhuis (Rietveld Schröder House),965,Cultural,(i)(ii),2,NLD,Europe and North America,Europe,,,2000,2000s,25,False,False,0.0075,True,1,Cultural Landscape,https://whc.unesco.org/en/list/965,"The Rietveld Schröder House in Utrecht was commissioned by Ms Truus Schröder-Schräder, designed by the architect Gerrit Thomas Rietveld, and built in 1924. This small family house, with its interior, the flexible spatial arrangement, and the visual and formal qualities, was a manifesto of the ideals of the De Stijl group of artists and architects in the Netherlands in the 1920s, and has since been considered one of the icons of the Modern Movement in architecture."
historic_area_of_willemstad_inner_city_and_harbour_curacao,"Historic Area of Willemstad, Inner City and Harbour, Curaçao",819,Cultural,(ii)(iv)(v),3,NLD,Europe and North America,Europe,,,1997,1990s,28,False,False,86,True,1,Coastal,https://whc.unesco.org/en/list/819,The people of the Netherlands established a trading settlement at a fine natural harbour on the Caribbean island of Curaçao in 1634. The town developed continuously over the following centuries. The modern town consists of several distinct historic districts whose architecture reflects not only European urban-planning concepts but also styles from the Netherlands and from the Spanish and Portuguese colonial towns with which Willemstad engaged in trade.
ir_d_f_woudagemaal_d_f_wouda_steam_pumping_station,Ir.D.F. Woudagemaal (D.F. Wouda Steam Pumping Station),867,Cultural,(i)(ii)(iv),3,NLD,Europe and North America,Europe,,,1998,1990s,27,False,False,7.32,True,1,Cultural Landscape,https://whc.unesco.org/en/list/867,The Wouda Pumping Station at Lemmer in the province of Friesland opened in 1920. It is the largest steam-pumping station ever built and is still in operation. It represents the high point of the contribution made by Netherlands engineers and architects in protecting their people and land against the natural forces of water.
tongariro_national_park,Tongariro National Park,421,Mixed,(vii)(viii),2,NZL,Asia and the Pacific,Unknown,,,1990,1990s,35,False,False,79596,True,2,Mountain,https://whc.unesco.org/en/list/421,"In 1993 Tongariro became the first property to be inscribed on the World Heritage List under the revised criteria describing cultural landscapes. The mountains at the heart of the park have cultural and religious significance for the Maori people and symbolize the spiritual links between this community and its environment. The park has active and extinct volcanoes, a diverse range of ecosystems and some spectacular landscapes."
seventeenth_century_canal_ring_area_of_amsterdam_inside_the_singelgracht,Seventeenth-Century Canal Ring Area of Amsterdam inside the Singelgracht,1349,Cultural,(i)(ii)(iv),3,NLD,Europe and North America,Europe,,,2010,2010s,15,False,False,198.2,True,1,Urban,https://whc.unesco.org/en/list/1349,"The historic urban ensemble of the canal district of Amsterdam was a project for a new ‘port city’ built at the end of the 16th and beginning of the 17th centuries. It comprises a network of canals to the west and south of the historic old town and the medieval port that encircled the old town and was accompanied by the repositioning inland of the city’s fortified boundaries, the Singelgracht. This was a long-term programme that involved extending the city by draining the swampland, using a syst"
air_and_tenere_natural_reserves,Air and Ténéré Natural Reserves,573,Natural,(vii)(ix)(x),3,NER,Africa,Africa,,,1991,1990s,34,False,True,7736000,True,1,Desert,https://whc.unesco.org/en/list/573,"This is the largest protected area in Africa, covering some 7.7 million ha, though the area considered a protected sanctuary constitutes only one-sixth of the total area. It includes the volcanic rock mass of the Aïr, a small Sahelian pocket, isolated as regards its climate and flora and fauna, and situated in the Saharan desert of Ténéré. The reserves boast an outstanding variety of landscapes, plant species and wild animals."
osun_osogbo_sacred_grove,Osun-Osogbo Sacred Grove,1118,Cultural,(ii)(iii),2,NGA,Africa,Africa,,,2005,2000s,20,False,False,75,True,1,Forest,https://whc.unesco.org/en/list/1118,"The dense forest of the Osun Sacred Grove, on the outskirts of the city of Osogbo, is one of the last remnants of primary high forest in southern Nigeria. Regarded as the abode of the goddess of fertility Osun, one of the pantheon of Yoruba gods, the landscape of the grove and its meandering river is dotted with sanctuaries and shrines, sculptures and art works in honour of Osun and other deities. The sacred grove, which is now seen as a symbol of identity for all Yoruba people, is probably the "
historic_centre_of_agadez,Historic Centre of Agadez,1268,Cultural,(ii)(iii),2,NER,Africa,Africa,,,2013,2010s,12,False,False,77.6,True,1,Desert,https://whc.unesco.org/en/list/1268,"Known as the gateway to the desert, Agadez, on the southern edge of the Sahara desert, developed in the 15th and 16th centuries when the Sultanate of Aïr was established and Touareg tribes were sedentarized in the city, respecting the boundaries of old encampments, which gave rise to a street pattern still in place today. The historic centre of the city, an important crossroads of the caravan trade, is divided into 11 quarters with irregular shapes. They contain numerous earthen dwellings and a "
i_aflaj_i_irrigation_systems_of_oman,<i>Aflaj</i> Irrigation Systems of Oman,1207,Cultural,(v),1,OMN,Arab States,Asia,,,2006,2000s,19,False,False,1455.949,True,5,Desert,https://whc.unesco.org/en/list/1207,"The property includes five aflaj irrigation systems and is representative of some 3,000 such systems still in use in Oman. The origins of this system of irrigation may date back to AD 500, but archaeological evidence suggests that irrigation systems existed in this extremely arid area as early as 2500 BC. Using gravity, water is channelled from underground sources or springs to support agriculture and domestic use. The fair and effective management and sharing of water in villages and towns is s"
archaeological_sites_of_bat_al_khutm_and_al_ayn,"Archaeological Sites of Bat, Al-Khutm and Al-Ayn",434,Cultural,(iii)(iv),2,OMN,Arab States,Asia,,,1988,1980s,37,False,False,0,True,1,Cultural Landscape,https://whc.unesco.org/en/list/434,"The protohistoric site of Bat lies near a palm grove in the interior of the Sultanate of Oman. Together with the neighbouring sites, it forms the most complete collection of settlements and necropolises from the 3rd millennium B.C. in the world."
archaeological_ruins_at_moenjodaro,Archaeological Ruins at Moenjodaro,138,Cultural,(ii)(iii),2,PAK,Asia and the Pacific,Unknown,,,1980,1980s,45,False,False,240,True,1,Urban,https://whc.unesco.org/en/list/138,"The ruins of the huge city of Moenjodaro – built entirely of unbaked brick in the 3rd millennium B.C. – lie in the Indus valley. The acropolis, set on high embankments, the ramparts, and the lower town, which is laid out according to strict rules, provide evidence of an early system of town planning."
rock_islands_southern_lagoon,Rock Islands Southern Lagoon,1386,Mixed,(iii)(v)(vii)(ix)(x),5,PLW,Asia and the Pacific,Unknown,,,2012,2010s,13,False,False,100200,True,1,Coastal,https://whc.unesco.org/en/list/1386,"Rock Islands Southern Lagoon covers 100,200 ha and includes 445 uninhabited limestone islands of volcanic origin. Many of them display unique mushroom-like shapes in turquoise lagoons surrounded by coral reefs. The aesthetic beauty of the site is heightened by a complex reef system featuring over 385 coral species and different types of habitat. They sustain a large diversity of plants, birds and marine life including dugong and at least thirteen shark species. The site harbours the highest conc"
kuk_early_agricultural_site,Kuk Early Agricultural Site,887,Cultural,(iii)(iv),2,PNG,Asia and the Pacific,Unknown,,,2008,2000s,17,False,False,116,True,1,Mountain,https://whc.unesco.org/en/list/887,"Kuk Early Agricultural Site consists of 116 ha of swamps in the western highlands of New Guinea 1,500 metres above sea-level. Archaeological excavation has revealed the landscape to be one of wetland reclamation worked almost continuously for 7,000, and possibly for 10,000 years. It contains well-preserved archaeological remains demonstrating the technological leap which transformed plant exploitation to agriculture around 6,500 years ago. It is an excellent example of transformation of agricult"
city_of_cuzco,City of Cuzco,273,Cultural,(iii)(iv),2,PER,Latin America and the Caribbean,Americas,,,1983,1980s,42,False,False,142.48,True,4,Urban,https://whc.unesco.org/en/list/273,"Situated in the Peruvian Andes, Cuzco developed, under the Inca ruler Pachacutec, into a complex urban centre with distinct religious and administrative functions. It was surrounded by clearly delineated areas for agricultural, artisan and industrial production. When the Spaniards conquered it in the 16th century, they preserved the basic structure but built Baroque churches and palaces over the ruins of the Inca city."
lines_and_geoglyphs_of_nasca_and_palpa,Lines and Geoglyphs of Nasca and Palpa,700,Cultural,(i)(iii)(iv),3,PER,Latin America and the Caribbean,Americas,,,1994,1990s,31,False,False,75358.47,True,1,Coastal,https://whc.unesco.org/en/list/700,"Located in the arid Peruvian coastal plain, some 400 km south of Lima, the geoglyphs of Nasca and the pampas of Jumana cover about 450 km2 . These lines, which were scratched on the surface of the ground between 500 B.C. and A.D. 500, are among archaeology's greatest enigmas because of their quantity, nature, size and continuity. The geoglyphs depict living creatures, stylized plants and imaginary beings, as well as geometric figures several kilometres long. They are believed to have had ritual "
historic_sanctuary_of_machu_picchu,Historic Sanctuary of Machu Picchu,274,Mixed,(i)(iii)(vii)(ix),4,PER,Latin America and the Caribbean,Americas,,,1983,1980s,42,False,False,38160.87,True,1,Mountain,https://whc.unesco.org/en/list/274,"Machu Picchu stands 2,430 m above sea-level, in the middle of a tropical mountain forest, in an extraordinarily beautiful setting. It was probably the most amazing urban creation of the Inca Empire at its height; its giant walls, terraces and ramps seem as if they have been cut naturally in the continuous rock escarpments. The natural setting, on the eastern slopes of the Andes, encompasses the upper Amazon basin with its rich diversity of flora and fauna."
historic_centre_of_lima,Historic Centre of Lima,500,Cultural,(iv),1,PER,Latin America and the Caribbean,Americas,,,1988,1980s,37,False,False,277.99,True,3,Urban,https://whc.unesco.org/en/list/500,"Although severely damaged by earthquakes, this 'City of the Kings' was, until the middle of the 18th century, the capital and most important city of the Spanish dominions in South America. Many of its buildings, such as the Convent of San Francisco (the largest of its type in this part of the world), are the result of collaboration between local craftspeople and others from the Old World."
historical_centre_of_the_city_of_arequipa,Historical Centre of the City of Arequipa,1016,Cultural,(i)(iv),2,PER,Latin America and the Caribbean,Americas,,,2000,2000s,25,False,False,166.52,True,1,Urban,https://whc.unesco.org/en/list/1016,"The historic centre of Arequipa, built in volcanic sillar rock, represents an integration of European and native building techniques and characteristics, expressed in the admirable work of colonial masters and Criollo and Indian masons. This combination of influences is illustrated by the city's robust walls, archways and vaults, courtyards and open spaces, and the intricate Baroque decoration of its facades."
sacred_city_of_caral_supe,Sacred City of Caral-Supe,1269,Cultural,(ii)(iii)(iv),3,PER,Latin America and the Caribbean,Americas,,,2009,2000s,16,False,False,626.36,True,1,Desert,https://whc.unesco.org/en/list/1269,"The 5000-year-old 626-hectare archaeological site of The Sacred City of Caral-Supe is situated on a dry desert terrace overlooking the green valley of the Supe river. It dates back to the Late Archaic Period of the Central Andes and is the oldest centre of civilization in the Americas. Exceptionally well-preserved, the site is impressive in terms of its design and the complexity of its architectural, especially its monumental stone and earthen platform mounts and sunken circular courts. One of 1"
auschwitz_birkenau_br_small_german_nazi_concentration_and_extermination_camp_1940_1945_small,Auschwitz Birkenau <br /><small>German Nazi Concentration and Extermination Camp (1940-1945)</small>,31,Cultural,,0,POL,Europe and North America,Europe,,,1979,1970s,46,False,False,191.97,True,2,Cultural Landscape,https://whc.unesco.org/en/list/31,"The fortified walls, barbed wire, platforms, barracks, gallows, gas chambers and cremation ovens show the conditions within which the Nazi genocide took place in the former concentration and extermination camp of Auschwitz-Birkenau, the largest in the Third Reich. According to historical investigations, 1.5 million people, among them a great number of Jews, were systematically starved, tortured and murdered in this camp, the symbol of humanity's cruelty to its fellow human beings in the 20th cen"
tubbataha_reefs_natural_park,Tubbataha Reefs Natural Park,653,Natural,(vii)(ix)(x),3,PHL,Asia and the Pacific,Unknown,,,1993,1990s,32,False,False,96828,True,1,Coastal,https://whc.unesco.org/en/list/653,"The Tubbataha Reef Marine Park covers 96,828 ha, including the North and South Atolls and the Jessie Beazley Reef. It is a unique example of an atoll reef with a very high density of marine species; the North Islet serving as a nesting site for birds and marine turtles. The site is an excellent example of a pristine coral reef with a spectacular 100-m perpendicular wall, extensive lagoons and two coral islands."
old_city_of_zamosc,Old City of Zamość,564,Cultural,(iv),1,POL,Europe and North America,Europe,,,1992,1990s,33,False,False,75.0391,True,1,Coastal,https://whc.unesco.org/en/list/564,"Zamosc was founded in the 16th century by the chancellor Jan Zamoysky on the trade route linking western and northern Europe with the Black Sea. Modelled on Italian theories of the 'ideal city' and built by the architect Bernando Morando, a native of Padua, Zamosc is a perfect example of a late-16th-century Renaissance town. It has retained its original layout and fortifications and a large number of buildings that combine Italian and central European architectural traditions."
convent_of_christ_in_tomar,Convent of Christ in Tomar,265,Cultural,(i),1,PRT,Europe and North America,Europe,,,1983,1980s,42,False,False,0,True,1,Cultural Landscape,https://whc.unesco.org/en/list/265,"Originally designed as a monument symbolizing the Reconquest, the Convent of the Knights Templar of Tomar (transferred in 1344 to the Knights of the Order of Christ) came to symbolize just the opposite during the Manueline period – the opening up of Portugal to other civilizations."
monastery_of_alcobaca,Monastery of Alcobaça,505,Cultural,(i)(iv),2,PRT,Europe and North America,Europe,,,1989,1980s,36,False,False,0,True,1,Cultural Landscape,https://whc.unesco.org/en/list/505,"The Monastery of Santa Maria d'Alcobaça, north of Lisbon, was founded in the 12th century by King Alfonso I. Its size, the purity of its architectural style, the beauty of the materials and the care with which it was built make this a masterpiece of Cistercian Gothic art."
historic_centre_of_oporto_luiz_i_bridge_and_monastery_of_serra_do_pilar,"Historic Centre of Oporto, Luiz I Bridge and Monastery of Serra do Pilar",755,Cultural,(iv),1,PRT,Europe and North America,Europe,,,1996,1990s,29,False,False,0,True,1,Coastal,https://whc.unesco.org/en/list/755,"The city of Oporto, built along the hillsides overlooking the mouth of the Douro river, is an outstanding urban landscape with a 2,000-year history. Its continuous growth, linked to the sea (the Romans gave it the name Portus, or port), can be seen in the many and varied monuments, from the cathedral with its Romanesque choir, to the neoclassical Stock Exchange and the typically Portuguese Manueline-style Church of Santa Clara."
monastery_of_the_hieronymites_and_tower_of_belem_in_lisbon,Monastery of the Hieronymites and Tower of Belém in Lisbon,263,Cultural,(iii),1,PRT,Europe and North America,Europe,,,1983,1980s,42,False,False,2.66,True,2,Cultural Landscape,https://whc.unesco.org/en/list/263,"Standing at the entrance to Lisbon harbour, the Monastery of the Hieronymites – construction of which began in 1502 – exemplifies Portuguese art at its best. The nearby Tower of Belém, built to commemorate Vasco da Gama's expedition, is a reminder of the great maritime discoveries that laid the foundations of the modern world."
royal_building_of_i_mafra_i_palace_basilica_convent_i_cerco_i_garden_and_hunting_park_i_tapada_i,"Royal Building of <i>Mafra</i> – Palace, Basilica, Convent, <i>Cerco</i> Garden and Hunting Park (<i>Tapada</i>)",1573,Cultural,(iv),1,PRT,Europe and North America,Europe,,,2019,2010s,6,False,False,1213.17,True,1,Cultural Landscape,https://whc.unesco.org/en/list/1573,"Located 30 km northwest of Lisbon, the property was conceived by King João V in 1711 as a tangible representation of his conception of the monarchy and the State. This imposing quadrangular building houses the king’s and queen's palaces, the royal chapel, shaped like a Roman baroque basilica, a Franciscan monastery and a library containing 36,000 volumes. The complex is completed by the Cerco garden, with its geometric layout, and the royal hunting park (Tapada). The Royal Mafra Building is one "
gaya_tumuli,Gaya Tumuli,1666,Cultural,(iii),1,KOR,Asia and the Pacific,Unknown,,,2023,2020s,2,False,False,189,True,7,Cultural Landscape,https://whc.unesco.org/en/list/1666,"This serial property includes archaeological cemetery sites with burial mounds attributed to the Gaya Confederacy, which developed in the southern part of the Korean Peninsula from the 1st to the 6th century CE. Through their geographical distribution and landscape characteristics, types of burials, and grave goods, the cemeteries attest to the distinctive Gaya political system in which polities existed as autonomous political equals while sharing cultural commonalities. The introduction of new "
baekje_historic_areas,Baekje Historic Areas,1477,Cultural,(ii)(iii),2,KOR,Asia and the Pacific,Unknown,,,2015,2010s,10,False,False,135.1,True,8,Mountain,https://whc.unesco.org/en/list/1477,"Located in the mountainous mid-western region of the Republic of Korea, this property comprises eight archaeological sites dating from 475 to 660 CE, including the Gongsanseong fortress and royal tombs at Songsan-ri related to the capital, Ungjin (present day Gongju), the Busosanseong Fortress and Gwanbuk-ri administrative buildings, the Jeongnimsa Temple, the royal tombs in Neungsan-ri and the Naseong city wall related to the capital, Sabi (now Buyeo), the royal palace at Wanggung-ri and the Mi"
getbol_korean_tidal_flats,"Getbol, Korean Tidal Flats",1591,Natural,(x),1,KOR,Asia and the Pacific,Unknown,,,2021,2020s,4,False,False,128411,True,4,Coastal,https://whc.unesco.org/en/list/1591,"Situated in the eastern Yellow Sea on the southwestern and southern coast of the Republic of Korea, the site comprises four component parts: Seocheon Getbol, Gochang Getbol, Shinan Getbol and Boseong-Suncheon Getbol. The site exhibits a complex combination of geological, oceanographic and climatologic conditions that have led to the development of coastal diverse sedimentary systems. Each component represents one of four tidal flat subtypes (estuarine type, open embayed type, archipelago type an"
changdeokgung_palace_complex,Changdeokgung Palace Complex,816,Cultural,(ii)(iii)(iv),3,KOR,Asia and the Pacific,Unknown,,,1997,1990s,28,False,False,0,True,1,Cultural Landscape,https://whc.unesco.org/en/list/816,"In the early 15th century, the King Taejong ordered the construction of a new palace at an auspicious site. A Bureau of Palace Construction was set up to create the complex, consisting of a number of official and residential buildings set in a garden that was cleverly adapted to the uneven topography of the 58-ha site. The result is an exceptional example of Far Eastern palace architecture and design, blending harmoniously with the surrounding landscape."
hwaseong_fortress,Hwaseong Fortress,817,Cultural,(ii)(iii),2,KOR,Asia and the Pacific,Unknown,,,1997,1990s,28,False,False,0,True,1,Cultural Landscape,https://whc.unesco.org/en/list/817,"When the Joseon King Jeongjo moved his father's tomb to Suwon at the end of the 18th century, he surrounded it with strong defensive works, laid out according to the precepts of an influential military architect of the period, who brought together the latest developments in the field from both East and West. The massive walls, extending for nearly 6 km, still survive; they are pierced by four gates and equipped with bastions, artillery towers and other features."
royal_tombs_of_the_joseon_dynasty,Royal Tombs of the Joseon Dynasty,1319,Cultural,(iii)(iv),2,KOR,Asia and the Pacific,Unknown,,,2009,2000s,16,False,False,1891.2,True,18,Mountain,https://whc.unesco.org/en/list/1319,"The Royal Tombs of the Joseon Dynasty form a collection of 40 tombs scattered over 18 locations. Built over five centuries, from 1408 to 1966, the tombs honoured the memory of ancestors, showed respect for their achievements, asserted royal authority, protected ancestral spirits from evil and provided protection from vandalism. Spots of outstanding natural beauty were chosen for the tombs which typically have their back protected by a hill as they face south toward water and, ideally, layers of "
jongmyo_shrine,Jongmyo Shrine,738,Cultural,(iv),1,KOR,Asia and the Pacific,Unknown,,,1995,1990s,30,False,False,19.4,True,1,Cultural Landscape,https://whc.unesco.org/en/list/738,"Jongmyo is the oldest and most authentic of the Confucian royal shrines to have been preserved. Dedicated to the forefathers of the Joseon dynasty (1392–1910), the shrine has existed in its present form since the 16th century and houses tablets bearing the teachings of members of the former royal family. Ritual ceremonies linking music, song and dance still take place there, perpetuating a tradition that goes back to the 14th century."
sansa_buddhist_mountain_monasteries_in_korea,"Sansa, Buddhist Mountain Monasteries in Korea",1562,Cultural,(iii),1,KOR,Asia and the Pacific,Unknown,,,2018,2010s,7,False,False,55.43,True,7,Mountain,https://whc.unesco.org/en/list/1562,"The Sansa are Buddhist mountain monasteries located throughout the southern provinces of the Korean Peninsula. The spatial arrangement of the seven temples that comprise the property, established from the 7th to 9th centuries, present common characteristics that are specific to Korea – the ‘madang’ (open courtyard) flanked by four buildings (Buddha Hall, pavilion, lecture hall and dormitory). They contain a large number of individually remarkable structures, objects, documents and shrines. These"
brancusi_monumental_ensemble_of_targu_jiu,Brâncuși Monumental Ensemble of Târgu Jiu,1473,Cultural,(i)(ii),2,ROU,Europe and North America,Europe,,,2024,2020s,1,False,False,26.58,True,1,Urban,https://whc.unesco.org/en/list/1473,"Austere, contemplative, yet accessible, the monumental ensemble of Târgu Jiu was created in 1937-1938 by Constantin Brâncuși, an influential pioneer of abstract sculpture, to commemorate those who died defending the city during the First World War. Located in two parks connected by the narrow Avenue of Heroes, the property includes the monumental ensemble of sculptural installations and the pre-existing Church of the Holy Apostles Peter and Paul, located on the axis. The remarkable fusion of abs"
historic_centre_of_sighisoara,Historic Centre of Sighişoara,902,Cultural,(iii)(v),2,ROU,Europe and North America,Europe,,,1999,1990s,26,False,False,33,True,1,Urban,https://whc.unesco.org/en/list/902,"Founded by German craftsmen and merchants known as the Saxons of Transylvania, Sighişoara is a fine example of a small, fortified medieval town which played an important strategic and commercial role on the fringes of central Europe for several centuries."
assumption_cathedral_and_monastery_of_the_town_island_of_sviyazhsk,Assumption Cathedral and Monastery of the town-island of Sviyazhsk,1525,Cultural,(ii)(iv),2,RUS,Europe and North America,Europe,,,2017,2010s,8,False,False,3.25,True,1,Coastal,https://whc.unesco.org/en/list/1525,"The Assumption Cathedral is located in the town-island of Sviyazhsk and is part of the monastery of the same name. Situated at the confluence of the Volga, the Sviyaga and the Shchuka rivers, at the crossroads of the Silk and Volga routes, Sviyazhsk was founded by Ivan the Terrible in 1551. It was from this outpost that he initiated the conquest of the Kazan Khanate. The Assumption Monastery illustrates in its location and architectural composition the political and missionary programme develope"
wooden_churches_of_maramures,Wooden Churches of Maramureş,904,Cultural,(iv),1,ROU,Europe and North America,Europe,,,1999,1990s,26,False,False,0,True,8,Mountain,https://whc.unesco.org/en/list/904,"These eight churches are outstanding examples of a range of architectural solutions from different periods and areas. They show the variety of designs and craftsmanship adopted in these narrow, high, timber constructions with their characteristic tall, slim clock towers at the western end of the building, either single- or double-roofed and covered by shingles. As such, they are a particular vernacular expression of the cultural landscape of this mountainous area of northern Romania."
villages_with_fortified_churches_in_transylvania,Villages with Fortified Churches in Transylvania,596,Cultural,(iv),1,ROU,Europe and North America,Europe,,,1993,1990s,32,False,False,553,True,7,Cultural Landscape,https://whc.unesco.org/en/list/596,"These Transylvanian villages with their fortified churches provide a vivid picture of the cultural landscape of southern Transylvania. The seven villages inscribed, founded by the Transylvanian Saxons, are characterized by a specific land-use system, settlement pattern and organization of the family farmstead that have been preserved since the late Middle Ages. They are dominated by their fortified churches, which illustrate building styles from the 13th to the 16th century."
architectural_ensemble_of_the_trinity_sergius_lavra_in_sergiev_posad,Architectural Ensemble of the Trinity Sergius Lavra in Sergiev Posad,657,Cultural,(ii)(iv),2,RUS,Europe and North America,Europe,,,1993,1990s,32,False,False,22.75,True,1,Cultural Landscape,https://whc.unesco.org/en/list/657,"This is a fine example of a working Orthodox monastery, with military features that are typical of the 15th to the 18th century, the period during which it developed. The main church of the Lavra, the Cathedral of the Assumption (echoing the Kremlin Cathedral of the same name), contains the tomb of Boris Godunov. Among the treasures of the Lavra is the famous icon, The Trinity , by Andrei Rublev."
cultural_landscape_of_kenozero_lake,Cultural Landscape of Kenozero Lake,1688,Cultural,(iii),1,RUS,Europe and North America,Europe,,,2024,2020s,1,False,False,71030.91,True,1,Forest,https://whc.unesco.org/en/list/1688,"Located in Kenozero National Park in the north-western area of the European region of the Russian Federation, the property depicts the local cultural landscape that evolved here from the 12th century, following the gradual spread of the Slavic population. It incorporates a number of traditional rural settlements with vernacular wooden architecture. The cultural landscape of Kenozero reflects the communal management of agriculture and nature that developed through the fusion and interaction of th"
ensemble_of_the_ferapontov_monastery,Ensemble of the Ferapontov Monastery,982,Cultural,(i)(iv),2,RUS,Europe and North America,Europe,,,2000,2000s,25,False,False,2.1,True,1,Cultural Landscape,https://whc.unesco.org/en/list/982,"The Ferapontov Monastery, in the Vologda region in northern Russia, is an exceptionally well-preserved and complete example of a Russian Orthodox monastic complex of the 15th-17th centuries, a period of great significance in the development of the unified Russian state and its culture. The architecture of the monastery is outstanding in its inventiveness and purity. The interior is graced by the magnificent wall paintings of Dionisy, the greatest Russian artist of the end of the 15th century."
kizhi_pogost,Kizhi Pogost,544,Cultural,(i)(iv)(v),3,RUS,Europe and North America,Europe,,,1990,1990s,35,False,False,0.57,True,1,Coastal,https://whc.unesco.org/en/list/544,"The pogost of Kizhi (i.e. the Kizhi enclosure) is located on one of the many islands in Lake Onega, in Karelia. Two 18th-century wooden churches, and an octagonal clock tower, also in wood and built in 1862, can be seen there. These unusual constructions, in which carpenters created a bold visionary architecture, perpetuate an ancient model of parish space and are in harmony with the surrounding landscape."
nyungwe_national_park,Nyungwe National Park,1697,Natural,(x),1,RWA,Africa,Africa,,,2023,2020s,2,False,False,101963.67,True,3,Forest,https://whc.unesco.org/en/list/1697,"This serial property represents an important area for rainforest conservation in Central Africa. The property is home to intact forests and peat bogs, moors, thickets and grasslands, providing habitats to a highly diverse flora and fauna. The Park also contains the most significant natural habitats for a number of species found nowhere else in the world, including the globally threatened Eastern Chimpanzee (Pan troglodytes schweinfurthii), Golden Monkey (Cercopithecus mitis ssp. kandti) and the "
western_caucasus,Western Caucasus,900,Natural,(ix)(x),2,RUS,Europe and North America,Europe,,,1999,1990s,26,False,False,298903,True,1,Mountain,https://whc.unesco.org/en/list/900,"The Western Caucasus, extending over 275,000 ha of the extreme western end of the Caucasus mountains and located 50 km north-east of the Black Sea, is one of the few large mountain areas of Europe that has not experienced significant human impact. Its subalpine and alpine pastures have only been grazed by wild animals, and its extensive tracts of undisturbed mountain forests, extending from the lowlands to the subalpine zone, are unique in Europe. The site has a great diversity of ecosystems, wi"
memorial_sites_of_the_genocide_nyamata_murambi_gisozi_and_bisesero,"Memorial sites of the Genocide: Nyamata, Murambi, Gisozi and Bisesero",1586,Cultural,,0,RWA,Africa,Africa,,,2023,2020s,2,False,False,24.65,True,5,Urban,https://whc.unesco.org/en/list/1586,"Between April and July 1994, an estimated one million people were killed across Rwanda by armed militias called Interahamwe that targeted Tutsi, but also executed moderate Hutu and Twa people. The victims of the genocide are commemorated in this serial property composed of four memorial sites. Two of the component parts were scenes of massacres: a Catholic church built in the hill of Nyamata in 1980, and a technical school built in the hill of Murambi in 1990. The hill of Gisozi in Kigali City h"
pitons_management_area,Pitons Management Area,1161,Natural,(vii)(viii),2,LCA,Latin America and the Caribbean,Americas,,,2004,2000s,21,False,False,2909,True,1,Coastal,https://whc.unesco.org/en/list/1161,"The 2,909-ha site near the town of Soufriere includes the Pitons, two volcanic spires rising side by side from the sea (770 m and 743 m high respectively), linked by the Piton Mitan ridge. The volcanic complex includes a geothermal field with sulphurous fumeroles and hot springs. Coral reefs cover almost 60% of the site’s marine area. A survey has revealed 168 species of finfish, 60 species of cnidaria, including corals, eight molluscs, 14 sponges, 11 echinoderms, 15 arthropods and eight annelid"
at_turaif_district_in_ad_dir_iyah,At-Turaif District in ad-Dir'iyah,1329,Cultural,(iv)(v),2,SAU,Arab States,Asia,,,2010,2010s,15,False,False,28.78,True,1,Urban,https://whc.unesco.org/en/list/1329,"This property was the first capital of the Saudi Dynasty, in the heart of the Arabian Peninsula, north-west of Riyadh. Founded in the 15th century, it bears witness to the Najdi architectural style, which is specific to the centre of the Arabian peninsula. In the 18th and early 19th century, its political and religious role increased, and the citadel at at-Turaif became the centre of the temporal power of the House of Saud and the spread of the Salafiyya reform inside the Muslim religion. The pr"
the_cultural_landscape_of_al_faw_archaeological_area,The Cultural Landscape of Al-Faw Archaeological Area,1712,Cultural,(ii)(v),2,SAU,Arab States,Asia,,,2024,2020s,1,False,False,4847.73,True,1,Mountain,https://whc.unesco.org/en/list/1712,"Lying at a strategic point of the ancient trade routes of the Arabian Peninsula, the property was abruptly abandoned around the 5th century CE. Nearly 12,000 archaeological remains have been found, spanning from prehistoric times to the Late pre-Islamic era, testifying to the successive occupation of three different populations and their adaptation to the evolving environmental conditions. Archaeological features include the Palaeolithic and Neolithic tools of early people, tapered structures, c"
hegra_archaeological_site_al_hijr_mada_in_salih,Hegra Archaeological Site (al-Hijr / Madā ͐ in Ṣāliḥ),1293,Cultural,(ii)(iii),2,SAU,Arab States,Asia,,,2008,2000s,17,False,False,1621.2,True,1,Cultural Landscape,https://whc.unesco.org/en/list/1293,The Hegra Archaeological Site (al-Hijr / Madā ͐ in Ṣāliḥ) is the first World Heritage property to be inscribed in Saudi Arabia. Formerly known as Hegra it is the largest conserved site of the civilization of the Nabataeans south of Petra in Jordan. It features well-preserved monumental tombs with decorated facades dating from the 1st century BC to the 1st century AD. The site also features some 50 inscriptions of the pre-Nabataean period and some cave drawings. Al-Hijr bears a unique testimony t
hima_cultural_area,Ḥimā Cultural Area,1619,Cultural,(iii),1,SAU,Arab States,Asia,,,2021,2020s,4,False,False,242.17,True,6,Mountain,https://whc.unesco.org/en/list/1619,"Located in an arid, mountainous area of southwest Saudi Arabia, on one of the Arabian Peninsula’s ancient caravan routes, Ḥimā Cultural Area contains a substantial collection of rock art images depicting hunting, fauna, flora and lifestyles in a cultural continuity of 7,000 years. Travellers and armies camping on the site left a wealth of rock inscriptions and petroglyphs through the ages and until the late 20th century, most of which are preserved in pristine condition. Inscriptions are in di"
historic_jeddah_the_gate_to_makkah,"Historic Jeddah, the Gate to Makkah",1361,Cultural,(ii)(iv),2,SAU,Arab States,Asia,,,2014,2010s,11,False,False,17.92,True,1,Coastal,https://whc.unesco.org/en/list/1361,"Historic Jeddah is situated on the eastern shore of the Red Sea. From the 7th century AD it was established as a major port for Indian Ocean trade routes, channelling goods to Mecca. It was also the gateway for Muslim pilgrims to Mecca who arrived by sea. These twin roles saw the city develop into a thriving multicultural centre, characterized by a distinctive architectural tradition, including tower houses built in the late 19th century by the city’s mercantile elites, and combining Red Sea coa"
djoudj_national_bird_sanctuary,Djoudj National Bird Sanctuary,25,Natural,(vii)(x),2,SEN,Africa,Africa,,,1981,1980s,44,False,False,16000,True,1,River/Valley,https://whc.unesco.org/en/list/25,"Situated in the Senegal River delta, the Djoudj Sanctuary is a wetland of 16,000 ha, comprising a large lake surrounded by streams, ponds and backwaters. It forms a living but fragile sanctuary for some 1.5 million birds, such as the white pelican, the purple heron, the African spoonbill, the great egret and the cormorant."
niokolo_koba_national_park,Niokolo-Koba National Park,153,Natural,(x),1,SEN,Africa,Africa,,,1981,1980s,44,False,False,913000,True,1,Forest,https://whc.unesco.org/en/list/153,"Located in a well-watered area along the banks of the Gambia river, the gallery forests and savannahs of Niokolo-Koba National Park have a very rich fauna, among them Derby elands (largest of the antelopes), chimpanzees, lions, leopards and a large population of elephants, as well as many birds, reptiles and amphibians."
island_of_goree,Island of Gorée,26,Cultural,,0,SEN,Africa,Africa,,,1978,1970s,47,False,False,0,True,1,Coastal,https://whc.unesco.org/en/list/26,"The island of Gorée lies off the coast of Senegal, opposite Dakar. From the 15th to the 19th century, it was the largest slave-trading centre on the African coast. Ruled in succession by the Portuguese, Dutch, English and French, its architecture is characterized by the contrast between the grim slave-quarters and the elegant houses of the slave traders. Today it continues to serve as a reminder of human exploitation and as a sanctuary for reconciliation."
studenica_monastery,Studenica Monastery,389,Cultural,(i)(ii)(iv),3,SRB,Europe and North America,Europe,,,1986,1980s,39,False,False,1.16,True,1,Cultural Landscape,https://whc.unesco.org/en/list/389,"The Studenica Monastery was established in the late 12th century by Stevan Nemanja, founder of the medieval Serb state, shortly after his abdication. It is the largest and richest of Serbia’s Orthodox monasteries. Its two principal monuments, the Church of the Virgin and the Church of the King, both built of white marble, enshrine priceless collections of 13th- and 14th-century Byzantine painting."
saloum_delta,Saloum Delta,1359,Cultural,(iii)(iv)(v),3,SEN,Africa,Africa,,,2011,2010s,14,False,False,145811,True,1,Coastal,https://whc.unesco.org/en/list/1359,"Fishing and shellfish gathering have sustained human life in the 5,000 km2 property, which is formed by the arms of three rivers. The site comprises brackish channels encompassing over 200 islands and islets, mangrove forest, an Atlantic marine environment, and dry forest. The site is marked by 218 shellfish mounds, some of them several hundreds metres long, produced by its human inhabitants over the ages. Burial sites on 28 of the mounds take the form of tumuli where remarkable artefacts have b"
heritage_of_mercury_almaden_and_idrija,Heritage of Mercury. Almadén and Idrija,1313,Cultural,(ii)(iv),2,"ESP, SVN",Europe and North America,Europe,,,2012,2010s,13,True,False,104.1,True,12,Cultural Landscape,https://whc.unesco.org/en/list/1313,"The property includes the mining sites of Almadén (Spain), where mercury (quicksilver) has been extracted since antiquity, and Idrija (Slovenia), where mercury was first found in AD1490. The Spanish property includes buildings relating to its mining history, including Retamar Castle, religious buildings and traditional dwellings. The site in Idrija notably features mercury stores and infrastructure, as well as miners’ living quarters, and a miners’ theatre. The sites bear testimony to the interc"
historic_town_of_banska_stiavnica_and_the_technical_monuments_in_its_vicinity,Historic Town of Banská Štiavnica and the Technical Monuments in its Vicinity,618,Cultural,(iv)(v),2,SVK,Europe and North America,Europe,,,1993,1990s,32,False,False,20632,True,1,Urban,https://whc.unesco.org/en/list/618,"Over the centuries, the town of Banská Štiavnica was visited by many outstanding engineers and scientists who contributed to its fame. The old medieval mining centre grew into a town with Renaissance palaces, 16th-century churches, elegant squares and castles. The urban centre blends into the surrounding landscape, which contains vital relics of the mining and metallurgical activities of the past."
skocjan_caves,Škocjan Caves,390,Natural,(vii)(viii),2,SVN,Europe and North America,Europe,,,1986,1980s,39,False,False,413,True,1,Natural Landscape,https://whc.unesco.org/en/list/390,"This exceptional system of limestone caves comprises collapsed dolines, some 6 km of underground passages with a total depth of more than 200 m, many waterfalls and one of the largest known underground chambers. The site, located in the Kras region (literally meaning Karst), is one of the most famous in the world for the study of karstic phenomena."
vredefort_dome,Vredefort Dome,1162,Natural,(viii),1,ZAF,Africa,Africa,,,2005,2000s,20,False,False,30000,True,4,Natural Landscape,https://whc.unesco.org/en/list/1162,"Vredefort Dome, approximately 120 km south-west of Johannesburg, is a representative part of a larger meteorite impact structure, or astrobleme. Dating back 2,023 million years, it is the oldest astrobleme yet found on Earth. With a radius of 190 km, it is also the largest and the most deeply eroded. Vredefort Dome bears witness to the world’s greatest known single energy release event, which had devastating global effects including, according to some scientists, major evolutionary changes. It p"
alhambra_generalife_and_albayzin_granada,"Alhambra, Generalife and Albayzín, Granada",314,Cultural,(i)(iii)(iv),3,ESP,Europe and North America,Europe,,,1984,1980s,41,False,False,450,True,1,Urban,https://whc.unesco.org/en/list/314,"Rising above the modern lower town, the Alhambra and the Albaycín, situated on two adjacent hills, form the medieval part of Granada. To the east of the Alhambra fortress and residence are the magnificent gardens of the Generalife, the former rural residence of the emirs who ruled this part of Spain in the 13th and 14th centuries. The residential district of the Albaycín is a rich repository of Moorish vernacular architecture, into which the traditional Andalusian architecture blends harmoniousl"
burgos_cathedral,Burgos Cathedral,316,Cultural,(ii)(iv),2,ESP,Europe and North America,Europe,,,1984,1980s,41,False,False,1.03,True,1,Cultural Landscape,https://whc.unesco.org/en/list/316,"Our Lady of Burgos was begun in the 13th century at the same time as the great cathedrals of the Ile-de-France and was completed in the 15th and 16th centuries. The entire history of Gothic art is summed up in its superb architecture and its unique collection of works of art, including paintings, choir stalls, reredos, tombs and stained-glass windows."
caliphate_city_of_medina_azahara,Caliphate City of Medina Azahara,1560,Cultural,(iii)(iv),2,ESP,Europe and North America,Europe,,,2018,2010s,7,False,False,111,True,1,Coastal,https://whc.unesco.org/en/list/1560,"The Caliphate city of Medina Azahara is an archaeological site of a city built in the mid-10th century CE by the Umayyad dynasty as the seat of the Caliphate of Cordoba. After prospering for several years, it was laid to waste during the civil war that put an end to the Caliphate in 1009-1010. The remains of the city were forgotten for almost 1,000 years until their rediscovery in the early 20th century. This complete urban ensemble features infrastructure such as roads, bridges, water systems, "
cathedral_alcazar_and_archivo_de_indias_in_seville,"Cathedral, Alcázar and Archivo de Indias in Seville",383,Cultural,(i)(ii)(iii),3,ESP,Europe and North America,Europe,,,1987,1980s,38,False,False,12,True,3,Cultural Landscape,https://whc.unesco.org/en/list/383,"Together these three buildings form a remarkable monumental complex in the heart of Seville. The cathedral and the Alcázar – dating from the Reconquest of 1248 to the 16th century and imbued with Moorish influences – are an exceptional testimony to the civilization of the Almohads as well as that of Christian Andalusia. The Giralda minaret is the masterpiece of Almohad architecture. It stands next to the cathedral with its five naves; the largest Gothic building in Europe, it houses the tomb of "
donana_national_park,Doñana National Park,685,Natural,(vii)(ix)(x),3,ESP,Europe and North America,Europe,,,1994,1990s,31,False,False,54251.7,True,1,Coastal,https://whc.unesco.org/en/list/685,"Doñana National Park in Andalusia occupies the right bank of the Guadalquivir river at its estuary on the Atlantic Ocean. It is notable for the great diversity of its biotopes, especially lagoons, marshlands, fixed and mobile dunes, scrub woodland and maquis. It is home to five threatened bird species. It is one of the largest heronries in the Mediterranean region and is the wintering site for more than 500,000 water fowl each year."
historic_centre_of_cordoba,Historic Centre of Cordoba,313,Cultural,(i)(ii)(iii)(iv),4,ESP,Europe and North America,Europe,,,1984,1980s,41,False,False,80.28,True,1,Cultural Landscape,https://whc.unesco.org/en/list/313,"Cordoba's period of greatest glory began in the 8th century after the Moorish conquest, when some 300 mosques and innumerable palaces and public buildings were built to rival the splendours of Constantinople, Damascus and Baghdad. In the 13th century, under Ferdinand III, the Saint, Cordoba's Great Mosque was turned into a cathedral and new defensive structures, particularly the Alcázar de los Reyes Cristianos and the Torre Fortaleza de la Calahorra, were erected."
la_lonja_de_la_seda_de_valencia,La Lonja de la Seda de Valencia,782,Cultural,(i)(iv),2,ESP,Europe and North America,Europe,,,1996,1990s,29,False,False,0.2,True,1,Urban,https://whc.unesco.org/en/list/782,"Built between 1482 and 1533, this group of buildings was originally used for trading in silk (hence its name, the Silk Exchange) and it has always been a centre for commerce. It is a masterpiece of late Gothic architecture. The grandiose Sala de Contratación (Contract or Trading Hall), in particular, illustrates the power and wealth of a major Mediterranean mercantile city in the 15th and 16th centuries."
monastery_and_site_of_the_escurial_madrid,"Monastery and Site of the Escurial, Madrid",318,Cultural,(i)(ii),2,ESP,Europe and North America,Europe,,,1984,1980s,41,False,False,94.11,True,2,Cultural Landscape,https://whc.unesco.org/en/list/318,"Built at the end of the 16th century on a plan in the form of a grill, the instrument of the martyrdom of St Lawrence, the Escurial Monastery stands in an exceptionally beautiful site in Castile. Its austere architecture, a break with previous styles, had a considerable influence on Spanish architecture for more than half a century. It was the retreat of a mystic king and became, in the last years of Philip II's reign, the centre of the greatest political power of the time."
monuments_of_oviedo_and_the_kingdom_of_the_asturias,Monuments of Oviedo and the Kingdom of the Asturias,312,Cultural,(i)(ii)(iv),3,ESP,Europe and North America,Europe,,,1985,1980s,40,False,False,0.2,True,6,Urban,https://whc.unesco.org/en/list/312,"In the 9th century the flame of Christianity was kept alive in the Iberian peninsula in the tiny Kingdom of the Asturias. Here an innovative pre-Romanesque architectural style was created that was to play a significant role in the development of the religious architecture of the peninsula. Its highest achievements can be seen in the churches of Santa María del Naranco, San Miguel de Lillo, Santa Cristina de Lena, the Cámara Santa and San Julián de los Prados, in and around the ancient capital ci"
old_town_of_segovia_and_its_aqueduct,Old Town of Segovia and its Aqueduct,311,Cultural,(i)(iii)(iv),3,ESP,Europe and North America,Europe,,,1985,1980s,40,False,False,134.28,True,1,Urban,https://whc.unesco.org/en/list/311,"The Roman aqueduct of Segovia, probably built c. A.D. 50, is remarkably well preserved. This impressive construction, with its two tiers of arches, forms part of the setting of the magnificent historic city of Segovia. Other important monuments include the Alcázar, begun around the 11th century, and the 16th-century Gothic cathedral."
palmeral_of_elche,Palmeral of Elche,930,Cultural,(ii)(v),2,ESP,Europe and North America,Europe,,,2000,2000s,25,False,False,144,True,1,Desert,https://whc.unesco.org/en/list/930,"The Palmeral of Elche, a landscape of groves of date palms, was formally laid out, with elaborate irrigation systems, at the time the Muslim city of Elche was erected, towards the end of the tenth century A.C., when much of the Iberian peninsula was Arab. The Palmeral is an oasis, a system for agrarian production in arid areas. It is also a unique example of Arab agricultural practices on the European continent. Cultivation of date palms in Elche is known at least since the Iberian times, dating"
poblet_monastery,Poblet Monastery,518,Cultural,(i)(iv),2,ESP,Europe and North America,Europe,,,1991,1990s,34,False,False,18,True,1,Cultural Landscape,https://whc.unesco.org/en/list/518,"This Cistercian abbey in Catalonia is one of the largest in Spain. At its centre is a 12th-century church. The austere, majestic monastery, which has a fortified royal residence and contains the pantheon of the kings of Catalonia and Aragon, is an impressive sight."
roman_walls_of_lugo,Roman Walls of Lugo,987,Cultural,(iv),1,ESP,Europe and North America,Europe,,,2000,2000s,25,False,False,1.68,True,1,Urban,https://whc.unesco.org/en/list/987,The walls of Lugo were built in the later part of the 3rd century to defend the Roman town of Lucus. The entire circuit survives intact and is the finest example of late Roman fortifications in western Europe.
rock_art_of_the_mediterranean_basin_on_the_iberian_peninsula,Rock Art of the Mediterranean Basin on the Iberian Peninsula,874,Cultural,(iii),1,ESP,Europe and North America,Europe,,,1998,1990s,27,False,False,0,True,758,Coastal,https://whc.unesco.org/en/list/874,The late prehistoric rock-art sites of the Mediterranean seaboard of the Iberian peninsula form an exceptionally large group. Here the way of life during a critical phase of human development is vividly and graphically depicted in paintings whose style and subject matter are unique.
san_millan_yuso_and_suso_monasteries,San Millán Yuso and Suso Monasteries,805,Cultural,(ii)(iv),2,ESP,Europe and North America,Europe,,,1997,1990s,28,False,False,19.01,True,2,Cultural Landscape,https://whc.unesco.org/en/list/805,"The monastic community founded by St Millán in the mid-6th century became a place of pilgrimage. A fine Romanesque church built in honour of the holy man still stands at the site of Suso. It was here that the first literature was produced in Castilian, from which one of the most widely spoken languages in the world today is derived. In the early 16th century the community was housed in the fine new monastery of Yuso, below the older complex; it is still a thriving community today."
old_town_of_galle_and_its_fortifications,Old Town of Galle and its Fortifications,451,Cultural,(iv),1,LKA,Asia and the Pacific,Unknown,,,1988,1980s,37,False,False,0,True,1,Urban,https://whc.unesco.org/en/list/451,"Founded in the 16th century by the Portuguese, Galle reached the height of its development in the 18th century, before the arrival of the British. It is the best example of a fortified city built by Europeans in South and South-East Asia, showing the interaction between European architectural styles and South Asian traditions."
sinharaja_forest_reserve,Sinharaja Forest Reserve,405,Natural,(ix)(x),2,LKA,Asia and the Pacific,Unknown,,,1988,1980s,37,False,False,8864,True,1,Forest,https://whc.unesco.org/en/list/405,"Located in south-west Sri Lanka, Sinharaja is the country's last viable area of primary tropical rainforest. More than 60% of the trees are endemic and many of them are considered rare. There is much endemic wildlife, especially birds, but the reserve is also home to over 50% of Sri Lanka's endemic species of mammals and butterflies, as well as many kinds of insects, reptiles and rare amphibians."
ancient_jericho_tell_es_sultan,Ancient Jericho/Tell es-Sultan,1687,Cultural,(iii)(iv),2,PSE,Arab States,Asia,,,2023,2020s,2,False,False,5.93,True,1,Urban,https://whc.unesco.org/en/list/1687,"Ancient Jerico/Tell es-Sultan is located northwest of present-day Jericho in the Jordan Valley in Palestine, the property is an oval-shaped Tell, or mound, that contains the prehistorical deposits of human activity, and includes the adjacent perennial spring of ‘Ain es-Sultan. By the 9th to 8th millennium BC, Neolithic Ancient Jericho/Tell es-Sultan was already a sizeable permanent settlement, as expressed by surviving monumental architectural attributes such as a wall with a ditch and a tower. "
gebel_barkal_and_the_sites_of_the_napatan_region,Gebel Barkal and the Sites of the Napatan Region,1073,Cultural,(i)(ii)(iii)(iv),4,SDN,Arab States,Asia,,,2003,2000s,22,False,False,182.5,True,5,River/Valley,https://whc.unesco.org/en/list/1073,"These five archaeological sites, stretching over more than 60 km in the Nile valley, are testimony to the Napatan (900 to 270 BC) and Meroitic (270 BC to 350 AD) cultures, of the second kingdom of Kush. Tombs, with and without pyramids, temples, living complexes and palaces, are to be found on the site. Since Antiquity, the hill of Gebel Barkal has been strongly associated with religious traditions and folklore. The largest temples are still considered by the local people as sacred places."
historic_inner_city_of_paramaribo,Historic Inner City of Paramaribo,940,Cultural,(ii)(iv),2,SUR,Latin America and the Caribbean,Americas,,,2002,2000s,23,False,False,30,True,1,Coastal,https://whc.unesco.org/en/list/940,Paramaribo is a former Dutch colonial town from the 17th and 18th centuries planted on the northern coast of tropical South America. The original and highly characteristic street plan of the historic centre remains intact. Its buildings illustrate the gradual fusion of Dutch architectural influence with traditional local techniques and materials.
central_suriname_nature_reserve,Central Suriname Nature Reserve,1017,Natural,(ix)(x),2,SUR,Latin America and the Caribbean,Americas,,,2000,2000s,25,False,False,1600000,True,1,Forest,https://whc.unesco.org/en/list/1017,"The Central Suriname Nature Reserve comprises 1.6 million ha of primary tropical forest of west-central Suriname. It protects the upper watershed of the Coppename River and the headwaters of the Lucie, Oost, Zuid, Saramaccz, and Gran Rio rivers and covers a range of topography and ecosystems of notable conservation value due to its pristine state. Its montane and lowland forests contain a high diversity of plant life with more than 5,000 vascular plant species collected to date. The Reserve's an"
engelsberg_ironworks,Engelsberg Ironworks,556,Cultural,(iv),1,SWE,Europe and North America,Europe,,,1993,1990s,32,False,False,9.596,True,1,Cultural Landscape,https://whc.unesco.org/en/list/556,Sweden's production of superior grades of iron made it a leader in this field in the 17th and 18th centuries. This site is the best-preserved and most complete example of this type of Swedish ironworks.
hanseatic_town_of_visby,Hanseatic Town of Visby,731,Cultural,(iv)(v),2,SWE,Europe and North America,Europe,,,1995,1990s,30,False,False,0,True,1,Coastal,https://whc.unesco.org/en/list/731,"A former Viking site on the island of Gotland, Visby was the main centre of the Hanseatic League in the Baltic from the 12th to the 14th century. Its 13th-century ramparts and more than 200 warehouses and wealthy merchants' dwellings from the same period make it the best-preserved fortified commercial city in northern Europe."
mining_area_of_the_great_copper_mountain_in_falun,Mining Area of the Great Copper Mountain in Falun,1027,Cultural,(ii)(iii)(v),3,SWE,Europe and North America,Europe,,,2001,2000s,24,False,False,42.82,True,1,Urban,https://whc.unesco.org/en/list/1027,"The enormous mining excavation known as the Great Pit at Falun is the most striking feature of a landscape that illustrates the activity of copper production in this region since at least the 13th century. The 17th-century planned town of Falun with its many fine historic buildings, together with the industrial and domestic remains of a number of settlements spread over a wide area of the Dalarna region, provide a vivid picture of what was for centuries one of the world's most important mining a"
rock_carvings_in_tanum,Rock Carvings in Tanum,557,Cultural,(i)(iii)(iv),3,SWE,Europe and North America,Europe,,,1994,1990s,31,False,False,4137.609,True,1,Cultural Landscape,https://whc.unesco.org/en/list/557,"The rock carvings in Tanum, in the north of Bohuslän, are a unique artistic achievement not only for their rich and varied motifs (depictions of humans and animals, weapons, boats and other subjects) but also for their cultural and chronological unity. They reveal the life and beliefs of people in Europe during the Bronze Age and are remarkable for their large numbers and outstanding quality."
laponian_area,Laponian Area,774,Mixed,(iii)(v)(vii)(viii)(ix),5,SWE,Europe and North America,Europe,,,1996,1990s,29,False,False,940900,True,1,Mountain,https://whc.unesco.org/en/list/774,"The Arctic Circle region of northern Sweden is the home of the Saami people. It is the largest area in the world (and one of the last) with an ancestral way of life based on the seasonal movement of livestock. Every summer, the Saami lead their huge herds of reindeer towards the mountains through a natural landscape hitherto preserved, but now threatened by the advent of motor vehicles. Historical and ongoing geological processes can be seen in the glacial moraines and changing water courses."
la_chaux_de_fonds_le_locle_watchmaking_town_planning,"La Chaux-de-Fonds / Le Locle, Watchmaking Town Planning",1302,Cultural,(iv),1,CHE,Europe and North America,Europe,,,2009,2000s,16,False,False,283.9,True,2,Mountain,https://whc.unesco.org/en/list/1302,"The site of La Chaux-de-Fonds / Le Locle watchmaking town-planning consists of two towns situated close to one another in a remote environment in the Swiss Jura mountains, on land ill-suited to farming. Their planning and buildings reflect watchmakers’ need of rational organization. Planned in the early 19th century, after extensive fires, the towns owed their existence to this single industry. Their layout along an open-ended scheme of parallel strips on which residential housing and workshops "
benedictine_convent_of_st_john_at_mustair,Benedictine Convent of St John at Müstair,269,Cultural,(iii),1,CHE,Europe and North America,Europe,,,1983,1980s,42,False,False,2.036,True,1,River/Valley,https://whc.unesco.org/en/list/269,"The Convent of Müstair, which stands in a valley in the Grisons, is a good example of Christian monastic renovation during the Carolingian period. It has Switzerland's greatest series of figurative murals, painted c. A.D. 800, along with Romanesque frescoes and stuccoes."
ancient_villages_of_northern_syria,Ancient Villages of Northern Syria,1348,Cultural,(iii)(iv)(v),3,SYR,Arab States,Asia,,,2011,2010s,14,False,True,12290,True,8,Cultural Landscape,https://whc.unesco.org/en/list/1348,"Some 40 villages grouped in eight parks situated in north-western Syria provide remarkable testimony to rural life in late Antiquity and during the Byzantine period. Abandoned in the 8th to 10th centuries, the villages, which date from the 1st to 7th centuries, feature a remarkably well preserved landscape and the architectural remains of dwellings, pagan temples, churches, cisterns, bathhouses etc. The relict cultural landscape of the villages also constitutes an important illustration of the t"
ancient_city_of_bosra,Ancient City of Bosra,22,Cultural,(i)(iii),2,SYR,Arab States,Asia,,,1980,1980s,45,False,True,116.2,True,2,Cultural Landscape,https://whc.unesco.org/en/list/22,"Bosra, once the capital of the Roman province of Arabia, was an important stopover on the ancient caravan route to Mecca. A magnificent 2nd-century Roman theatre, early Christian ruins and several mosques are found within its great walls."
tajik_national_park_mountains_of_the_pamirs,Tajik National Park (Mountains of the Pamirs),1252,Natural,(vii)(viii),2,TJK,Asia and the Pacific,Unknown,,,2013,2010s,12,False,False,2611674,True,1,Mountain,https://whc.unesco.org/en/list/1252,"Tajikistan National Park covers more than 2.5 million hectares in the east of the country, at the centre of the so-called “Pamir Knot”, a meeting point of the highest mountain ranges on the Eurasian continent. It consists of high plateaux in the east and, to the west, rugged peaks, some of them over 7,000 meters high, and features extreme seasonal variations of temperature. The longest valley glacier outside the Polar region is located among the 1,085 glaciers inventoried in the site, which also"
tugay_forests_of_the_tigrovaya_balka_nature_reserve,Tugay forests of the Tigrovaya Balka Nature Reserve,1685,Natural,(ix),1,TJK,Asia and the Pacific,Unknown,,,2023,2020s,2,False,False,49786,True,1,Mountain,https://whc.unesco.org/en/list/1685,"This property is located between the Vakhsh and Panj rivers in southwestern Tajikistan. The Reserve includes extensive riparian tugay ecosystems, the sandy Kashka-Kum desert, the Buritau peak, as well as the Hodja-Kaziyon mountains. The property is composed of a series of floodplain terraces covered by alluvial soils, comprising tugay riverine forests with very specific biodiversity in the valley. The tugay forests in the reserve represent the largest and most intact tugay forest of this type in"
ban_chiang_archaeological_site,Ban Chiang Archaeological Site,575,Cultural,(iii),1,THA,Asia and the Pacific,Unknown,,,1992,1990s,33,False,False,30,True,1,Cultural Landscape,https://whc.unesco.org/en/list/575,"Ban Chiang is considered the most important prehistoric settlement so far discovered in South-East Asia. It marks an important stage in human cultural, social and technological evolution. The site presents the earliest evidence of farming in the region and of the manufacture and use of metals."
dong_phayayen_khao_yai_forest_complex,Dong Phayayen-Khao Yai Forest Complex,590,Natural,(x),1,THA,Asia and the Pacific,Unknown,,,2005,2000s,20,False,False,615500,True,5,Forest,https://whc.unesco.org/en/list/590,"The Dong Phayayen-Khao Yai Forest Complex spans 230 km between Ta Phraya National Park on the Cambodian border in the east, and Khao Yai National Park in the west. The site is home to more than 800 species of fauna, including 112 mammal species (among them two species of gibbon), 392 bird species and 200 reptile and amphibian species. It is internationally important for the conservation of globally threatened and endangered mammal, bird and reptile species, among them 19 that are vulnerable, fou"
historic_town_of_sukhothai_and_associated_historic_towns,Historic Town of Sukhothai and Associated Historic Towns,574,Cultural,(i)(iii),2,THA,Asia and the Pacific,Unknown,,,1991,1990s,34,False,False,11852,True,3,Cultural Landscape,https://whc.unesco.org/en/list/574,"Sukhothai was the capital of the first Kingdom of Siam in the 13th and 14th centuries. It has a number of fine monuments, illustrating the beginnings of Thai architecture. The great civilization which evolved in the Kingdom of Sukhothai absorbed numerous influences and ancient local traditions; the rapid assimilation of all these elements forged what is known as the 'Sukhothai style'."
historic_city_of_ayutthaya,Historic City of Ayutthaya,576,Cultural,(iii),1,THA,Asia and the Pacific,Unknown,,,1991,1990s,34,False,False,289,True,1,Cultural Landscape,https://whc.unesco.org/en/list/576,"Founded c. 1350, Ayutthaya became the second Siamese capital after Sukhothai. It was destroyed by the Burmese in the 18th century. Its remains, characterized by the prang (reliquary towers) and gigantic monasteries, give an idea of its past splendour."
the_ancient_town_of_si_thep_and_its_associated_dvaravati_monuments,The Ancient Town of Si Thep and its Associated Dvaravati Monuments,1662,Cultural,(ii)(iii),2,THA,Asia and the Pacific,Unknown,,,2023,2020s,2,False,False,866.471,True,3,Urban,https://whc.unesco.org/en/list/1662,"This is a serial property of three component parts: a distinctive twin-town site, featuring an Inner and Outer Town surrounded by moats; the massive Khao Klang Nok ancient monument; and the Khao Thamorrat Cave ancient monument. Together these sites represent the architecture, artistic traditions and religious diversity of the Dvaravati Empire that thrived in Central Thailand from the 6th to the 10th centuries, demonstrating the influences from India. The local adaptation of these traditions resu"
dougga_thugga,Dougga / Thugga,794,Cultural,(ii)(iii),2,TUN,Arab States,Asia,,,1997,1990s,28,False,False,75,True,1,Urban,https://whc.unesco.org/en/list/794,"Before the Roman annexation of Numidia, the town of Thugga, built on an elevated site overlooking a fertile plain, was the capital of an important Libyco-Punic state. It flourished under Roman and Byzantine rule, but declined in the Islamic period. The impressive ruins that are visible today give some idea of the resources of a small Roman town on the fringes of the empire."
kairouan,Kairouan,499,Cultural,(i)(ii)(iii)(v),4,TUN,Arab States,Asia,,,1988,1980s,37,False,False,68.02,True,4,Urban,https://whc.unesco.org/en/list/499,"Founded in 670, Kairouan flourished under the Aghlabid dynasty in the 9th century. Despite the transfer of the political capital to Tunis in the 12th century, Kairouan remained the Maghreb's principal holy city. Its rich architectural heritage includes the Great Mosque, with its marble and porphyry columns, and the 9th-century Mosque of the Three Gates."
archaeological_site_of_troy,Archaeological Site of Troy,849,Cultural,(ii)(iii),2,TUR,Europe and North America,Europe,,,1998,1990s,27,False,False,158,True,1,Cultural Landscape,https://whc.unesco.org/en/list/849,"Troy, with its 4,000 years of history, is one of the most famous archaeological sites in the world. The first excavations at the site were undertaken by the famous archaeologist Heinrich Schliemann in 1870. In scientific terms, its extensive remains are the most significant demonstration of the first contact between the civilizations of Anatolia and the Mediterranean world. Moreover, the siege of Troy by Spartan and Achaean warriors from Greece in the 13th or 12th century B.C., immortalized by H"
arslantepe_mound,Arslantepe Mound,1622,Cultural,(iii),1,TUR,Europe and North America,Europe,,,2021,2020s,4,False,False,4.85,True,1,River/Valley,https://whc.unesco.org/en/list/1622,"Arslantepe Mound is a 30-metre-tall archaeological tell located in the Malatya plain, 15 km south-west of the Euphrates River. Archaeological evidence from the site testifies to its occupation from at least the 6th millennium BCE up until the Medieval period. The earliest layers belong to the Late Chalcolithic 1-2 periods, contemporary to Early Uruk in Southern Mesopotamia (4300-3900 BCE) and are characterized by adobe houses. The most prominent and flourishing period of the site was in the Late"
diyarbakir_fortress_and_hevsel_gardens_cultural_landscape,Diyarbakır Fortress and Hevsel Gardens Cultural Landscape,1488,Cultural,(iv),1,TUR,Europe and North America,Europe,,,2015,2010s,10,False,False,521.23,True,1,Urban,https://whc.unesco.org/en/list/1488,"Located on an escarpment of the Upper Tigris River Basin that is part of the so-called Fertile Crescent, the fortified city of Diyarbakır and the landscape around has been an important centre since the Hellenistic period, through the Roman, Sassanid, Byzantine, Islamic and Ottoman times to the present. The site encompasses the Inner castle, known as İçkale and including the Amida Mound, and the 5.8 km-long city walls of Diyarbakır with their numerous towers, gates, buttresses, and 63 inscription"
city_of_safranbolu,City of Safranbolu,614,Cultural,(ii)(iv)(v),3,TUR,Europe and North America,Europe,,,1994,1990s,31,False,False,193,True,3,Urban,https://whc.unesco.org/en/list/614,"From the 13th century to the advent of the railway in the early 20th century, Safranbolu was an important caravan station on the main East–West trade route. The Old Mosque, Old Bath and Süleyman Pasha Medrese were built in 1322. During its apogee in the 17th century, Safranbolu's architecture influenced urban development throughout much of the Ottoman Empire."
hattusha_the_hittite_capital,Hattusha: the Hittite Capital,377,Cultural,(i)(ii)(iii)(iv),4,TUR,Europe and North America,Europe,,,1986,1980s,39,False,False,268.46,True,4,Urban,https://whc.unesco.org/en/list/377,"The archaeological site of Hattusha, former capital of the Hittite Empire, is notable for its urban organization, the types of construction that have been preserved (temples, royal residences, fortifications), the rich ornamentation of the Lions' Gate and the Royal Gate, and the ensemble of rock art at Yazilikaya. The city enjoyed considerable influence in Anatolia and northern Syria in the 2nd millennium B.C."
nemrut_dag,Nemrut Dağ,448,Cultural,(i)(iii)(iv),3,TUR,Europe and North America,Europe,,,1987,1980s,38,False,False,11,True,1,Cultural Landscape,https://whc.unesco.org/en/list/448,"The mausoleum of Antiochus I (69–34 B.C.), who reigned over Commagene, a kingdom founded north of Syria and the Euphrates after the breakup of Alexander's empire, is one of the most ambitious constructions of the Hellenistic period. The syncretism of its pantheon, and the lineage of its kings, which can be traced back through two sets of legends, Greek and Persian, is evidence of the dual origin of this kingdom's culture."
hierapolis_pamukkale,Hierapolis-Pamukkale,485,Mixed,(iii)(iv)(vii),3,TUR,Europe and North America,Europe,,,1988,1980s,37,False,False,1077,True,1,Forest,https://whc.unesco.org/en/list/485,"Deriving from springs in a cliff almost 200 m high overlooking the plain, calcite-laden waters have created at Pamukkale (Cotton Palace) an unreal landscape, made up of mineral forests, petrified waterfalls and a series of terraced basins. At the end of the 2nd century B.C. the dynasty of the Attalids, the kings of Pergamon, established the thermal spa of Hierapolis. The ruins of the baths, temples and other Greek monuments can be seen at the site."
neolithic_site_of_catalhoyuk,Neolithic Site of Çatalhöyük,1405,Cultural,(iii)(iv),2,TUR,Europe and North America,Europe,,,2012,2010s,13,False,False,37,True,1,Urban,https://whc.unesco.org/en/list/1405,"Two hills form the 37 ha site on the Southern Anatolian Plateau. The taller eastern mound contains eighteen levels of Neolithic occupation between 7400 bc and 6200 bc, including wall paintings, reliefs, sculptures and other symbolic and artistic features. Together they testify to the evolution of social organization and cultural practices as humans adapted to a sedentary life. The western mound shows the evolution of cultural practices in the Chalcolithic period, from 6200 bc to 5200 bc. Çatalhö"
wooden_hypostyle_mosques_of_medieval_anatolia,Wooden Hypostyle Mosques of Medieval Anatolia,1694,Cultural,(ii)(iv),2,TUR,Europe and North America,Europe,,,2023,2020s,2,False,False,0.61,True,5,Cultural Landscape,https://whc.unesco.org/en/list/1694,"This serial property is comprised of five hypostyle mosques built in Anatolia between the late 13th and mid-14th centuries, each located in a different province of present-day Türkiye. The unusual structural system of the mosques combines an exterior building envelope built of masonry with multiple rows of wooden interior columns (“hypostyle”) that support a flat wooden ceiling and the roof. These mosques are known for the skilful woodcarving and handiwork used in their structures, architectural"
selimiye_mosque_and_its_social_complex,Selimiye Mosque and its Social Complex,1366,Cultural,(i)(iv),2,TUR,Europe and North America,Europe,,,2011,2010s,14,False,False,2.5,True,1,Mountain,https://whc.unesco.org/en/list/1366,"The square Mosque with its single great dome and four slender minarets, dominates the skyline of the former Ottoman capital of Edirne. Sinan, the most famous of Ottoman architects in the 16th century, considered the complex, which includes madrasas (Islamic schools), a covered market, clock house, outer courtyard and library, to be his best work. The interior decoration using Iznik tiles from the peak period of their production testifies to an art form that remains unsurpassed in this material. "
kunya_urgench,Kunya-Urgench,1199,Cultural,(ii)(iii),2,TKM,Asia and the Pacific,Unknown,,,2005,2000s,20,False,False,353.24,True,3,Urban,https://whc.unesco.org/en/list/1199,"Kunya-Urgench is situated in north-western Turkmenistan, on the left bank of the Amu Daria River. Urgench was the capital of the Khorezm region, part of the Achaemenid Empire. The old town contains a series of monuments mainly from the 11th to 16th centuries, including a mosque, the gates of a caravanserai, fortresses, mausoleums and a 60-m high minaret. The monuments testify to outstanding achievements in architecture and craftsmanship whose influence reached Iran and Afghanistan, and later the"
parthian_fortresses_of_nisa,Parthian Fortresses of Nisa,1242,Cultural,(ii)(iii),2,TKM,Asia and the Pacific,Unknown,,,2007,2000s,18,False,False,77.905,True,2,Cultural Landscape,https://whc.unesco.org/en/list/1242,"The Parthian Fortresses of Nisa consist of two tells of Old and New Nisa, indicating the site of one of the earliest and most important cities of the Parthian Empire, a major power from the mid 3rd century BC to the 3rd century AD. They conserve the unexcavated remains of an ancient civilization which skilfully combined its own traditional cultural elements with those of the Hellenistic and Roman west. Archaeological excavations in two parts of the site have revealed richly decorated architectur"
blaenavon_industrial_landscape,Blaenavon Industrial Landscape,984,Cultural,(iii)(iv),2,GBR,Europe and North America,Europe,,,2000,2000s,25,False,False,3290,True,1,Cultural Landscape,https://whc.unesco.org/en/list/984,"The area around Blaenavon is evidence of the pre-eminence of South Wales as the world's major producer of iron and coal in the 19th century. All the necessary elements can still be seen - coal and ore mines, quarries, a primitive railway system, furnaces, workers' homes, and the social infrastructure of their community."
canterbury_cathedral_st_augustine_s_abbey_and_st_martin_s_church,"Canterbury Cathedral, St Augustine's Abbey, and St Martin's Church",496,Cultural,(i)(ii),2,GBR,Europe and North America,Europe,,,1988,1980s,37,False,False,18.17,True,3,Coastal,https://whc.unesco.org/en/list/496,"Canterbury, in Kent, has been the seat of the spiritual head of the Church of England for nearly five centuries. Canterbury's other important monuments are the modest Church of St Martin, the oldest church in England; the ruins of the Abbey of St Augustine, a reminder of the saint's evangelizing role in the Heptarchy from 597; and Christ Church Cathedral, a breathtaking mixture of Romanesque and Perpendicular Gothic, where Archbishop Thomas Becket was murdered in 1170."
giant_s_causeway_and_causeway_coast,Giant's Causeway and Causeway Coast,369,Natural,(vii)(viii),2,GBR,Europe and North America,Europe,,,1986,1980s,39,False,False,239.405,True,1,Coastal,https://whc.unesco.org/en/list/369,"The Giant's Causeway lies at the foot of the basalt cliffs along the sea coast on the edge of the Antrim plateau in Northern Ireland. It is made up of some 40,000 massive black basalt columns sticking out of the sea. The dramatic sight has inspired legends of giants striding over the sea to Scotland. Geological studies of these formations over the last 300 years have greatly contributed to the development of the earth sciences, and show that this striking landscape was caused by volcanic activit"
heart_of_neolithic_orkney,Heart of Neolithic Orkney,514,Cultural,(i)(ii)(iii)(iv),4,GBR,Europe and North America,Europe,,,1999,1990s,26,False,False,15,True,4,Cultural Landscape,https://whc.unesco.org/en/list/514,"The group of Neolithic monuments on Orkney consists of a large chambered tomb (Maes Howe), two ceremonial stone circles (the Stones of Stenness and the Ring of Brodgar) and a settlement (Skara Brae), together with a number of unexcavated burial, ceremonial and settlement sites. The group constitutes a major prehistoric cultural landscape which gives a graphic depiction of life in this remote archipelago in the far north of Scotland some 5,000 years ago."
durham_castle_and_cathedral,Durham Castle and Cathedral,370,Cultural,(ii)(iv),2,GBR,Europe and North America,Europe,,,1986,1980s,39,False,False,8.79,True,1,Urban,https://whc.unesco.org/en/list/370,"Durham Cathedral was built in the late 11th and early 12th centuries to house the relics of St Cuthbert (evangelizer of Northumbria) and the Venerable Bede. It attests to the importance of the early Benedictine monastic community and is the largest and finest example of Norman architecture in England. The innovative audacity of its vaulting foreshadowed Gothic architecture. Behind the cathedral stands the castle, an ancient Norman fortress which was the residence of the prince-bishops of Durham."
gorham_s_cave_complex,Gorham's Cave Complex,1500,Cultural,(iii),1,GBR,Europe and North America,Europe,,,2016,2010s,9,False,False,28,True,1,Coastal,https://whc.unesco.org/en/list/1500,"The steep limestone cliffs on the eastern side of the Rock of Gibraltar contain four caves with archaeological and paleontological deposits that provide evidence of Neanderthal occupation over a span of more than 100,000 years. This exceptional testimony to the cultural traditions of the Neanderthals is seen notably in evidence of the hunting of birds and marine animals for food, the use of feathers for ornamentation and the presence of abstract rock engravings. Scientific research on these site"
jodrell_bank_observatory,Jodrell Bank Observatory,1594,Cultural,(i)(ii)(iv),3,GBR,Europe and North America,Europe,,,2019,2010s,6,False,False,17.38,True,1,Coastal,https://whc.unesco.org/en/list/1594,"Located in a rural area of northwest England, free from radio interference, Jodrell Bank is one of the world's leading radio astronomy observatories. At the beginning of its use, in 1945, the property housed research on cosmic rays detected by radar echoes. This observatory, which is still in operation, includes several radio telescopes and working buildings, including engineering sheds and the Control Building. Jodrell Bank has had substantial scientific impact in fields such as the study of me"
new_lanark,New Lanark,429,Cultural,(ii)(iv),2,GBR,Europe and North America,Europe,,,2001,2000s,24,False,False,146,True,1,Cultural Landscape,https://whc.unesco.org/en/list/429,"New Lanark is a small 18th- century village set in a sublime Scottish landscape where the philanthropist and Utopian idealist Robert Owen moulded a model industrial community in the early 19th century. The imposing cotton mill buildings, the spacious and well-designed workers' housing, and the dignified educational institute and school still testify to Owen's humanism."
old_and_new_towns_of_edinburgh,Old and New Towns of Edinburgh,728,Cultural,(ii)(iv),2,GBR,Europe and North America,Europe,,,1995,1990s,30,False,False,0,True,1,Urban,https://whc.unesco.org/en/list/728,"Edinburgh has been the Scottish capital since the 15th century. It has two distinct areas: the Old Town, dominated by a medieval fortress; and the neoclassical New Town, whose development from the 18th century onwards had a far-reaching influence on European urban planning. The harmonious juxtaposition of these two contrasting historic areas, each with many important buildings, is what gives the city its unique character."
palace_of_westminster_and_westminster_abbey_including_saint_margarets_church,Palace of Westminster and Westminster Abbey including Saint Margaret’s Church,426,Cultural,(i)(ii)(iv),3,GBR,Europe and North America,Europe,,,1987,1980s,38,False,False,10.26,True,1,Cultural Landscape,https://whc.unesco.org/en/list/426,"Westminster Palace, rebuilt from the year 1840 on the site of important medieval remains, is a fine example of neo-Gothic architecture. The site – which also comprises the small medieval Church of Saint Margaret, built in Perpendicular Gothic style, and Westminster Abbey, where all the sovereigns since the 11th century have been crowned – is of great historic and symbolic significance."
saltaire,Saltaire,1028,Cultural,(ii)(iv),2,GBR,Europe and North America,Europe,,,2001,2000s,24,False,False,20,True,1,Urban,https://whc.unesco.org/en/list/1028,"Saltaire, West Yorkshire, is a complete and well-preserved industrial village of the second half of the 19th century. Its textile mills, public buildings and workers' housing are built in a harmonious style of high architectural standards and the urban plan survives intact, giving a vivid impression of Victorian philanthropic paternalism."
the_slate_landscape_of_northwest_wales,The Slate Landscape of Northwest Wales,1633,Cultural,(ii)(iv),2,GBR,Europe and North America,Europe,,,2021,2020s,4,False,False,3259.01,True,6,Mountain,https://whc.unesco.org/en/list/1633,"The Slate Landscape of Northwest Wales illustrates the transformation that industrial slate quarrying and mining brought about in the traditional rural environment of the mountains and valleys of the Snowdon massif. The territory, extending from mountain-top to sea-coast, presented opportunities and constraints that were used and challenged by the large-scale industrial processes undertaken by landowners and capital investors, which reshaped the agricultural landscape into an industrial centre f"
kilimanjaro_national_park,Kilimanjaro National Park,403,Natural,(vii),1,TZA,Africa,Africa,,,1987,1980s,38,False,False,75575,True,1,Mountain,https://whc.unesco.org/en/list/403,"At 5,895 m, Kilimanjaro is the highest point in Africa. This volcanic massif stands in splendid isolation above the surrounding plains, with its snowy peak looming over the savannah. The mountain is encircled by mountain forest. Numerous mammals, many of them endangered species, live in the park."
the_20th_century_architecture_of_frank_lloyd_wright,The 20th-Century Architecture of Frank Lloyd Wright,1496,Cultural,(ii),1,USA,Europe and North America,Europe,,,2019,2010s,6,False,False,25.723,True,8,Cultural Landscape,https://whc.unesco.org/en/list/1496,"The property consists of eight buildings in the United States designed by the architect during the first half of the 20th century. These include well known designs such as Fallingwater (Mill Run, Pennsylvania) and the Guggenheim Museum (New York). All the buildings reflect the ‘organic architecture’ developed by Wright, which includes an open plan, a blurring of the boundaries between exterior and interior and the unprecedented use of materials such as steel and concrete. Each of these buildings"
the_forth_bridge,The Forth Bridge,1485,Cultural,(i)(iv),2,GBR,Europe and North America,Europe,,,2015,2010s,10,False,False,7.5,True,1,Cultural Landscape,https://whc.unesco.org/en/list/1485,"This railway bridge, crossing the Forth estuary in Scotland, had the world’s longest spans (541 m) when it opened in 1890. It remains one of the greatest cantilever trussed bridges and continues to carry passengers and freight. Its distinctive industrial aesthetic is the result of a forthright and unadorned display of its structural components. Innovative in style, materials and scale, the Forth Bridge marks an important milestone in bridge design and construction during the period when railways"
tower_of_london,Tower of London,488,Cultural,(ii)(iv),2,GBR,Europe and North America,Europe,,,1988,1980s,37,False,False,0,True,1,Cultural Landscape,https://whc.unesco.org/en/list/488,"The massive White Tower is a typical example of Norman military architecture, whose influence was felt throughout the kingdom. It was built on the Thames by William the Conqueror to protect London and assert his power. The Tower of London – an imposing fortress with many layers of history, which has become one of the symbols of royalty – was built around the White Tower."
kondoa_rock_art_sites,Kondoa Rock-Art Sites,1183,Cultural,(iii),1,TZA,Africa,Africa,,,2006,2000s,19,False,False,233600,True,1,River/Valley,https://whc.unesco.org/en/list/1183,"On the eastern slopes of the Masai escarpment bordering the Great Rift Valley are natural rock shelters, overhanging slabs of sedimentary rocks fragmented by rift faults, whose vertical planes have been used for rock paintings for at least two millennia. The spectacular collection of images from over 150 shelters over 2,336 km2 , many with high artistic value, displays sequences that provide a unique testimony to the changing socio-economic base of the area from hunter-gatherer to agro-pastorali"
cahokia_mounds_state_historic_site,Cahokia Mounds State Historic Site,198,Cultural,(iii)(iv),2,USA,Europe and North America,Europe,,,1982,1980s,43,False,False,541,True,1,Mountain,https://whc.unesco.org/en/list/198,"Cahokia Mounds, some 13 km north-east of St Louis, Missouri, is the largest pre-Columbian settlement north of Mexico. It was occupied primarily during the Mississippian period (800–1400), when it covered nearly 1,600 ha and included some 120 mounds. It is a striking example of a complex chiefdom society, with many satellite mound centres and numerous outlying hamlets and villages. This agricultural society may have had a population of 10–20,000 at its peak between 1050 and 1150. Primary features"
independence_hall,Independence Hall,78,Cultural,,0,USA,Europe and North America,Europe,,,1979,1970s,46,False,False,2,True,1,Cultural Landscape,https://whc.unesco.org/en/list/78,The Declaration of Independence (1776) and the Constitution of the United States (1787) were both signed in this building in Philadelphia. The universal principles of freedom and democracy set forth in these documents are of fundamental importance to American history and have also had a profound impact on law-makers around the world.
monumental_earthworks_of_poverty_point,Monumental Earthworks of Poverty Point,1435,Cultural,(iii),1,USA,Europe and North America,Europe,,,2014,2010s,11,False,False,163,True,1,River/Valley,https://whc.unesco.org/en/list/1435,"Monumental Earthworks of Poverty Point owes its name to a 19th-century plantation close to the site, which is in the Lower Mississippi Valley on a slightly elevated and narrow landform. The complex comprises five mounds, six concentric semi-elliptical ridges separated by shallow depressions and a central plaza. It was created and used for residential and ceremonial purposes by a society of hunter fisher-gatherers between 3700 and 3100 BP. It is a remarkable achievement in earthen construction in"
san_antonio_missions,San Antonio Missions,1466,Cultural,(ii),1,USA,Europe and North America,Europe,,,2015,2010s,10,False,False,300.8,True,6,River/Valley,https://whc.unesco.org/en/list/1466,"The site encompasses a group of five frontier mission complexes situated along a stretch of the San Antonio River basin in southern Texas, as well as a ranch located 37 kilometres to the south. It includes architectural and archaeological structures, farmlands, residencies, churches and granaries, as well as water distribution systems. The complexes were built by Franciscan missionaries in the 18th century and illustrate the Spanish Crown’s efforts to colonize, evangelize and defend the northern"
historic_centre_of_shakhrisyabz,Historic Centre of Shakhrisyabz,885,Cultural,(iii)(iv),2,UZB,Asia and the Pacific,Unknown,,,2000,2000s,25,False,True,240,True,1,Urban,https://whc.unesco.org/en/list/885,"The historic centre of Shakhrisyabz contains a collection of exceptional monuments and ancient quarters which bear witness to the city's secular development, and particularly to the period of its apogee, under the rule of Amir Temur and the Temurids, in the 15th-16th century."
complex_of_hue_monuments,Complex of Hué Monuments,678,Cultural,(iv),1,VNM,Asia and the Pacific,Unknown,,,1993,1990s,32,False,False,315.47,True,14,Urban,https://whc.unesco.org/en/list/678,"Established as the capital of unified Viet Nam in 1802, Hué was not only the political but also the cultural and religious centre under the Nguyen dynasty until 1945. The Perfume River winds its way through the Capital City, the Imperial City, the Forbidden Purple City and the Inner City, giving this unique feudal capital a setting of great natural beauty."
yen_tu_vinh_nghiem_con_son_kiep_bac_complex_of_monuments_and_landscapes,"Yen Tu-Vinh Nghiem-Con Son, Kiep Bac Complex of Monuments and Landscapes",1732,Cultural,(iii),1,VNM,Asia and the Pacific,Unknown,,,2025,2020s,0,False,False,525.748,True,12,Mountain,https://whc.unesco.org/en/list/1732,"The property comprises 12 sites across forested mountains, lowlands, and river valleys. Centred on the Yen Tu Mountain Range, it was home to the Tran Dynasty during the 13th and 14th centuries and the birthplace of Truc Lam Buddhism, a uniquely Vietnamese Zen tradition that shaped the Dai Viet kingdom. The complex includes pagodas, temples, shrines, and archaeological remains tied to religious and historical figures. Strategically located in geologically favourable settings, it remains a vibrant"
landmarks_of_the_ancient_kingdom_of_saba_marib,"Landmarks of the Ancient Kingdom of Saba, Marib",1700,Cultural,(iii)(iv),2,YEM,Arab States,Asia,,,2023,2020s,2,False,True,375.29,True,7,Mountain,https://whc.unesco.org/en/list/1700,"The Landmarks of the Ancient Kingdom of Saba, Marib, is a serial property comprising seven archaeological sites that bear witness to the rich Kingdom of Saba and its architectural, aesthetic and technological achievements from the 1st millennium BCE to the arrival of Islam around 630 CE. They bear witness to the complex centralized administration of the Kingdom when it controlled much of the incense route across the Arabian Peninsula, playing a key role in the wider network of cultural exchange "
old_walled_city_of_shibam,Old Walled City of Shibam,192,Cultural,(iii)(iv)(v),3,YEM,Arab States,Asia,,,1982,1980s,43,False,True,0,True,1,Desert,https://whc.unesco.org/en/list/192,"Surrounded by a fortified wall, the 16th-century city of Shibam is one of the oldest and best examples of urban planning based on the principle of vertical construction. Its impressive tower-like structures rise out of the cliff and have given the city the nickname of ‘the Manhattan of the desert’."
historic_centres_of_berat_and_gjirokastra,Historic Centres of Berat and Gjirokastra,569,Cultural,(iii)(iv),2,ALB,Europe and North America,Europe,,,2005,2000s,20,False,False,58.9,True,2,Urban,https://whc.unesco.org/en/list/569,"Berat and Gjirokastra are inscribed as rare examples of an architectural character typical of the Ottoman period. Located in central Albania, Berat bears witness to the coexistence of various religious and cultural communities down the centuries. It features a castle, locally known as the Kala, most of which was built in the 13th century, although its origins date back to the 4th century BC. The citadel area numbers many Byzantine churches, mainly from the 13th century, as well as several mosque"
cultural_landscape_and_archaeological_remains_of_the_bamiyan_valley,Cultural Landscape and Archaeological Remains of the Bamiyan Valley,208,Cultural,(i)(ii)(iii)(iv),4,AFG,Asia and the Pacific,Unknown,,,2003,2000s,22,False,True,158.9265,True,8,River/Valley,https://whc.unesco.org/en/list/208,"The cultural landscape and archaeological remains of the Bamiyan Valley represent the artistic and religious developments which from the 1st to the 13th centuries characterized ancient Bakhtria, integrating various cultural influences into the Gandhara school of Buddhist art. The area contains numerous Buddhist monastic ensembles and sanctuaries, as well as fortified edifices from the Islamic period. The site is also testimony to the tragic destruction by the Taliban of the two standing Buddha s"
minaret_and_archaeological_remains_of_jam,Minaret and Archaeological Remains of Jam,211,Cultural,(ii)(iii)(iv),3,AFG,Asia and the Pacific,Unknown,,,2002,2000s,23,False,True,70,True,1,Mountain,https://whc.unesco.org/en/list/211,"The 65m-tall Minaret of Jam is a graceful, soaring structure, dating back to the 12th century. Covered in elaborate brickwork with a blue tile inscription at the top, it is noteworthy for the quality of its architecture and decoration, which represent the culmination of an architectural and artistic tradition in this region. Its impact is heightened by its dramatic setting, a deep river valley between towering mountains in the heart of the Ghur province."
ancient_and_primeval_beech_forests_of_the_carpathians_and_other_regions_of_europe,Ancient and Primeval Beech Forests of the Carpathians and Other Regions of Europe,1133,Natural,(ix),1,"MKD, ESP, ITA, FRA, POL, ALB, AUT, BEL, HRV, ROU, UKR, BGR, SVN, SVK, CHE, BIH, DEU, CZE",Europe and North America,Europe,,,2007,2000s,18,True,False,99947.81,True,93,Desert,https://whc.unesco.org/en/list/1133,"This transnational property includes 93 component parts in 18 countries. Since the end of the last Ice Age, European Beech spread from a few isolated refuge areas in the Alps, Carpathians, Dinarides, Mediterranean and Pyrenees over a short period of a few thousand years in a process that is still ongoing. The successful expansion across a whole continent is related to the tree’s adaptability and tolerance of different climatic, geographical and physical conditions."
djemila,Djémila,191,Cultural,(iii)(iv),2,DZA,Arab States,Asia,,,1982,1980s,43,False,False,30.6,True,1,Mountain,https://whc.unesco.org/en/list/191,"Situated 900 m above sea-level, Djémila, or Cuicul, with its forum, temples, basilicas, triumphal arches and houses, is an interesting example of Roman town planning adapted to a mountain location."
tassili_n_ajjer,Tassili n'Ajjer,179,Mixed,(i)(iii)(vii)(viii),4,DZA,Arab States,Asia,,,1982,1980s,43,False,False,7200000,True,1,Desert,https://whc.unesco.org/en/list/179,"Located in a strange lunar landscape of great geological interest, this site has one of the most important groupings of prehistoric cave art in the world. More than 15,000 drawings and engravings record the climatic changes, the animal migrations and the evolution of human life on the edge of the Sahara from 6000 BC to the first centuries of the present era. The geological formations are of outstanding scenic interest, with eroded sandstones forming ‘forests of rock’."
madriu_perafita_claror_valley,Madriu-Perafita-Claror Valley,1160,Cultural,(v),1,AND,Europe and North America,Europe,,,2004,2000s,21,False,False,4247,True,1,Mountain,https://whc.unesco.org/en/list/1160,"The cultural landscape of Madriu-Perafita-Claror Valley offers a microcosmic perspective of the way people have harvested the resources of the high Pyrenees over millennia. Its dramatic glacial landscapes of craggy cliffs and glaciers, with high open pastures and steep wooded valleys, covers an area of 4,247 ha, 9% of the total area of the principality. It reflects past changes in climate, economic fortune and social systems, as well as the persistence of pastoralism and a strong mountain cultur"
los_glaciares_national_park,Los Glaciares National Park,145,Natural,(vii)(viii),2,ARG,Latin America and the Caribbean,Americas,,,1981,1980s,44,False,False,726927,True,1,Mountain,https://whc.unesco.org/en/list/145,"The Los Glaciares National Park is an area of exceptional natural beauty, with rugged, towering mountains and numerous glacial lakes, including Lake Argentino, which is 160 km long. At its farthest end, three glaciers meet to dump their effluvia into the milky grey glacial water, launching massive igloo icebergs into the lake with thunderous splashes."
los_alerces_national_park,Los Alerces National Park,1526,Natural,(vii)(x),2,ARG,Latin America and the Caribbean,Americas,,,2017,2010s,8,False,False,188379,True,1,Mountain,https://whc.unesco.org/en/list/1526,"The Los Alerces National Park is located in the Andes of northern Patagonia and its western boundary coincides with the Chilean border. Successive glaciations have moulded the landscape in the region creating spectacular features such as moraines, glacial cirques and clear-water lakes. The vegetation is dominated by dense temperate forests, which give way to alpine meadows higher up under the rocky Andean peaks. A highly distinctive and emblematic feature is its alerce forest; the globally threa"
peninsula_valdes,Península Valdés,937,Natural,(x),1,ARG,Latin America and the Caribbean,Americas,,,1999,1990s,26,False,False,360000,True,1,Coastal,https://whc.unesco.org/en/list/937,Península Valdés in Patagonia is a site of global significance for the conservation of marine mammals. It is home to an important breeding population of the endangered southern right whale as well as important breeding populations of southern elephant seals and southern sea lions. The orcas in this area have developed a unique hunting strategy to adapt to local coastal conditions.
jesuit_missions_of_the_guaranis_san_ignacio_mini_santa_ana_nuestra_senora_de_loreto_and_santa_maria_mayor_argentina_ruins_of_sao_miguel_das_missoes_brazil,"Jesuit Missions of the Guaranis: San Ignacio Mini, Santa Ana, Nuestra Señora de Loreto and Santa Maria Mayor (Argentina), Ruins of Sao Miguel das Missoes (Brazil)",275,Cultural,(iv),1,"BRA, ARG",Latin America and the Caribbean,Americas,,,1983,1980s,42,True,False,265.09,True,5,Forest,https://whc.unesco.org/en/list/275,"The ruins of São Miguel das Missões in Brazil, and those of San Ignacio Miní, Santa Ana, Nuestra Señora de Loreto and Santa María la Mayor in Argentina, lie at the heart of a tropical forest. They are the impressive remains of five Jesuit missions, built in the land of the Guaranis during the 17th and 18th centuries. Each is characterized by a specific layout and a different state of conservation."
quebrada_de_humahuaca,Quebrada de Humahuaca,1116,Cultural,(ii)(iv)(v),3,ARG,Latin America and the Caribbean,Americas,,,2003,2000s,22,False,False,172116.4375,True,1,Desert,https://whc.unesco.org/en/list/1116,"Quebrada de Humahuaca follows the line of a major cultural route, the Camino Inca, along the spectacular valley of the Rio Grande, from its source in the cold high desert plateau of the High Andean lands to its confluence with the Rio Leone some 150 km to the south. The valley shows substantial evidence of its use as a major trade route over the past 10,000 years. It features visible traces of prehistoric hunter-gatherer communities, of the Inca Empire (15th to 16th centuries) and of the fight f"
gondwana_rainforests_of_australia,Gondwana Rainforests of Australia,368,Natural,(viii)(ix)(x),3,AUS,Asia and the Pacific,Unknown,,,1986,1980s,39,False,False,370000,True,40,Coastal,https://whc.unesco.org/en/list/368,"This site, comprising several protected areas, is situated predominantly along the Great Escarpment on Australia’s east coast. The outstanding geological features displayed around shield volcanic craters and the high number of rare and threatened rainforest species are of international significance for science and conservation."
budj_bim_cultural_landscape,Budj Bim Cultural Landscape,1577,Cultural,(iii)(v),2,AUS,Asia and the Pacific,Unknown,,,2019,2010s,6,False,False,9935,True,3,Cultural Landscape,https://whc.unesco.org/en/list/1577,"The Budj Bim Cultural Landscape, located in the traditional Country of the Gunditjmara people in south-eastern Australia, consists of three serial components containing one of the world’s most extensive and oldest aquaculture systems. The Budj Bim lava flows provide the basis for the complex system of channels, weirs and dams developed by the Gunditjmara in order to trap, store and harvest kooyang (short-finned eel – Anguilla australis). The highly productive aquaculture system provided an econo"
heard_and_mcdonald_islands,Heard and McDonald Islands,577,Natural,(viii)(ix),2,AUS,Asia and the Pacific,Unknown,,,1997,1990s,28,False,False,658903,True,1,Coastal,https://whc.unesco.org/en/list/577,"Heard Island and McDonald Islands are located in the Southern Ocean, approximately 1,700 km from the Antarctic continent and 4,100 km south-west of Perth. As the only volcanically active subantarctic islands they ‘open a window into the earth’, thus providing the opportunity to observe ongoing geomorphic processes and glacial dynamics. The distinctive conservation value of Heard and McDonald – one of the world’s rare pristine island ecosystems – lies in the complete absence of alien plants and a"
murujuga_cultural_landscape,Murujuga Cultural Landscape,1709,Cultural,(i)(iii)(v),3,AUS,Asia and the Pacific,Unknown,,,2025,2020s,0,False,False,99881,True,1,Coastal,https://whc.unesco.org/en/list/1709,"Murujuga is a landscape of ancient rocks located in northwest Australia, which encompasses the Burrup Peninsula, the Dampier Archipelago’s 42 islands, and nearby marine areas. It is shaped by the Lore—rules and narratives that were put in place to create the Country—and the enduring presence of the Ngarda-Ngarli, Traditional Owners and Custodians of the site. The property holds profound cultural and spiritual significance, reflecting over 50,000 years of continuous care and use. Murujuga is reno"
purnululu_national_park,Purnululu National Park,1094,Natural,(vii)(viii),2,AUS,Asia and the Pacific,Unknown,,,2003,2000s,22,False,False,239723,True,1,Natural Landscape,https://whc.unesco.org/en/list/1094,"The 239,723 ha Purnululu National Park is located in the State of Western Australia. It contains the deeply dissected Bungle Bungle Range composed of Devonian-age quartz sandstone eroded over a period of 20 million years into a series of beehive-shaped towers or cones, whose steeply sloping surfaces are distinctly marked by regular horizontal bands of dark-grey cyanobacterial crust (single-celled photosynthetic organisms). These outstanding examples of cone karst owe their existence and uniquene"
macquarie_island,Macquarie Island,629,Natural,(vii)(viii),2,AUS,Asia and the Pacific,Unknown,,,1997,1990s,28,False,False,557280,True,1,Coastal,https://whc.unesco.org/en/list/629,"Macquarie Island (34 km long x 5 km wide) is an oceanic island in the Southern Ocean, lying 1,500 km south-east of Tasmania and approximately halfway between Australia and the Antarctic continent. The island is the exposed crest of the undersea Macquarie Ridge, raised to its present position where the Indo-Australian tectonic plate meets the Pacific plate. It is a site of major geoconservation significance, being the only place on earth where rocks from the earth’s mantle (6 km below the ocean f"
willandra_lakes_region,Willandra Lakes Region,167,Mixed,(iii)(viii),2,AUS,Asia and the Pacific,Unknown,,,1981,1980s,44,False,False,240000,True,1,Cultural Landscape,https://whc.unesco.org/en/list/167,"The fossil remains of a series of lakes and sand formations that date from the Pleistocene can be found in this region, together with archaeological evidence of human occupation dating from 45–60,000 years ago. It is a unique landmark in the study of human evolution on the Australian continent. Several well-preserved fossils of giant marsupials have also been found here."
frontiers_of_the_roman_empire_the_danube_limes_western_segment,Frontiers of the Roman Empire – The Danube Limes (Western Segment),1608,Cultural,(ii)(iii)(iv),3,"AUT, SVK, DEU",Europe and North America,Europe,,,2021,2020s,4,True,False,821.7474,True,77,Coastal,https://whc.unesco.org/en/list/1608,"It covers almost 600km of the whole Roman Empire’s Danube frontier. The property formed part of the much large frontier of the Roman Empire that encircled the Mediterranean Sea. The Danube Limes (Western Segment) reflects the specificities of this part of the Roman Frontier through the selection of sites that represent key elements from roads, legionary fortresses and their associated settlements to small forts and temporary camps, and the way these structures relate to local topography."
historic_centre_of_vienna,Historic Centre of Vienna,1033,Cultural,(ii)(iv),2,AUT,Europe and North America,Europe,,,2001,2000s,24,False,True,371,True,1,Urban,https://whc.unesco.org/en/list/1033,"Vienna developed from early Celtic and Roman settlements into a Medieval and Baroque city, the capital of the Austro-Hungarian Empire. It played an essential role as a leading European music centre, from the great age of Viennese Classicism through the early part of the 20th century. The historic centre of Vienna is rich in architectural ensembles, including Baroque castles and gardens, as well as the late-19th-century Ringstrasse lined with grand buildings, monuments and parks."
palace_and_gardens_of_schonbrunn,Palace and Gardens of Schönbrunn,786,Cultural,(i)(iv),2,AUT,Europe and North America,Europe,,,1996,1990s,29,False,False,186.28,True,1,Cultural Landscape,https://whc.unesco.org/en/list/786,"From the 18th century to 1918, Schönbrunn was the residence of the Habsburg emperors. It was designed by the architects Johann Bernhard Fischer von Erlach and Nicolaus Pacassi and is full of outstanding examples of decorative art. Together with its gardens, the site of the world’s first zoo in 1752, it is a remarkable Baroque ensemble and a perfect example of Gesamtkunstwerk."
gobustan_rock_art_cultural_landscape,Gobustan Rock Art Cultural Landscape,1076,Cultural,(iii),1,AZE,Europe and North America,Europe,,,2007,2000s,18,False,False,537.22,True,3,Desert,https://whc.unesco.org/en/list/1076,"Gobustan Rock Art Cultural Landscape covers three areas of a plateau of rocky boulders rising out of the semi-desert of central Azerbaijan, with an outstanding collection of more than 6,000 rock engravings bearing testimony to 40,000 years of rock art. The site also features the remains of inhabited caves, settlements and burials, all reflecting an intensive human use by the inhabitants of the area during the wet period that followed the last Ice Age, from the Upper Paleolithic to the Middle Age"
hyrcanian_forests,Hyrcanian Forests,1584,Natural,(ix),1,"AZE, IRN",Europe and North America,Europe,,,2019,2010s,6,True,False,145004.74,True,17,Coastal,https://whc.unesco.org/en/list/1584,"The Hyrcanian Forests form a unique forested massif that stretches along the Caspian Sea in Azerbaijan and Iran. The history of these broad-leaved forests dates back 25 to 50 million years, when they covered most of this Northern Temperate region. Their floristic biodiversity is remarkable with over 3,200 vascular plant species documented. To date, 180 species of birds typical of broad-leaved temperate forests and 58 mammal species have been recorded. Elements of the property comprise full ecosy"
mir_castle_complex,Mir Castle Complex,625,Cultural,(ii)(iv),2,BLR,Europe and North America,Europe,,,2000,2000s,25,False,False,27,True,1,Cultural Landscape,https://whc.unesco.org/en/list/625,"The construction of this castle began at the end of the 15th century, in Gothic style. It was subsequently extended and reconstructed, first in the Renaissance and then in the Baroque style. After being abandoned for nearly a century and suffering severe damage during the Napoleonic period, the castle was restored at the end of the 19th century, with the addition of a number of other elements and the landscaping of the surrounding area as a park. Its present form is graphic testimony to its ofte"
architectural_residential_and_cultural_complex_of_the_radziwill_family_at_nesvizh,"Architectural, Residential and Cultural Complex of the Radziwill Family at Nesvizh",1196,Cultural,(ii)(iv),2,BLR,Europe and North America,Europe,,,2005,2000s,20,False,False,0,True,1,Urban,https://whc.unesco.org/en/list/1196,"The Architectural, Residential and Cultural Complex of the Radziwill Family at Nesvizh is located in central Belarus. The Radziwill dynasty, who built and kept the ensemble from the 16th century until 1939, gave birth to some of the most important personalities in European history and culture. Due to their efforts, the town of Nesvizh came to exercise great influence in the sciences, arts, crafts and architecture. The complex consists of the residential castle and the mausoleum Church of Corpus "
funerary_and_memory_sites_of_the_first_world_war_western_front,Funerary and memory sites of the First World War (Western Front),1567,Cultural,(iii)(iv),2,"FRA, BEL",Europe and North America,Europe,,,2023,2020s,2,True,False,879.91,True,0,Coastal,https://whc.unesco.org/en/list/1567,"All along the Western Front of the First World War, which stretched for some 700 km from the North Sea to the Franco-Swiss border, a series of 139 funerary and memorial sites bear witness to the common desire of the various parties involved in the conflict to honour their children who fell in battle. This objective takes the form of individual graves and/or memorials listing the names of the missing. Places dedicated to meditation, remembrance and tributes are specially created. Beyond the diver"
la_grand_place_brussels,"La Grand-Place, Brussels",857,Cultural,(ii)(iv),2,BEL,Europe and North America,Europe,,,1998,1990s,27,False,False,1.48,True,1,Cultural Landscape,https://whc.unesco.org/en/list/857,"La Grand-Place in Brussels is a remarkably homogeneous body of public and private buildings, dating mainly from the late 17th century. The architecture provides a vivid illustration of the level of social and cultural life of the period in this important political and commercial centre."
major_town_houses_of_the_architect_victor_horta_brussels,Major Town Houses of the Architect Victor Horta (Brussels),1005,Cultural,(i)(ii)(iv),3,BEL,Europe and North America,Europe,,,2000,2000s,25,False,False,0,True,4,Urban,https://whc.unesco.org/en/list/1005,"The four major town houses - Hôtel Tassel, Hôtel Solvay, Hôtel van Eetvelde, and Maison & Atelier Horta - located in Brussels and designed by the architect Victor Horta, one of the earliest initiators of Art Nouveau, are some of the most remarkable pioneering works of architecture of the end of the 19th century. The stylistic revolution represented by these works is characterised by their open plan, the diffusion of light, and the brilliant joining of the curved lines of decoration with the stru"
major_mining_sites_of_wallonia,Major Mining Sites of Wallonia,1344,Cultural,(ii)(iv),2,BEL,Europe and North America,Europe,,,2012,2010s,13,False,False,118.07,True,4,Urban,https://whc.unesco.org/en/list/1344,"The four sites of the property form a strip 170 km long by 3–15 km wide, crossing Belgium from east to west, consisting of the best-preserved 19th- and 20th-century coal-mining sites of the country. It features examples of the utopian architecture from the early periods of the industrial era in Europe within a highly integrated, industrial and urban ensemble, notably the Grand-Hornu colliery and workers’ city designed by Bruno Renard in the first half of the 19th century. Bois-du-Luc includes nu"
notre_dame_cathedral_in_tournai,Notre-Dame Cathedral in Tournai,1009,Cultural,(ii)(iv),2,BEL,Europe and North America,Europe,,,2000,2000s,25,False,False,0.4963,True,1,Cultural Landscape,https://whc.unesco.org/en/list/1009,"The Cathedral of Notre-Dame in Tournai was built in the first half of the 12th century. It is especially distinguished by a Romanesque nave of extraordinary dimensions, a wealth of sculpture on its capitals and a transept topped by five towers, all precursors of the Gothic style. The choir, rebuilt in the 13th century, is in the pure Gothic style."
plantin_moretus_house_workshops_museum_complex,Plantin-Moretus House-Workshops-Museum Complex,1185,Cultural,(ii)(iii)(iv),3,BEL,Europe and North America,Europe,,,2005,2000s,20,False,False,0.23,True,1,Cultural Landscape,https://whc.unesco.org/en/list/1185,"The Plantin-Moretus Museum is a printing plant and publishing house dating from the Renaissance and Baroque periods. Situated in Antwerp, one of the three leading cities of early European printing along with Paris and Venice, it is associated with the history of the invention and spread of typography. Its name refers to the greatest printer-publisher of the second half of the 16th century: Christophe Plantin (c. 1520–89). The monument is of outstanding architectural value. It contains exhaustive"
royal_palaces_of_abomey,Royal Palaces of Abomey,323,Cultural,(iii)(iv),2,BEN,Africa,Africa,,,1985,1980s,40,False,False,47.6,True,2,Cultural Landscape,https://whc.unesco.org/en/list/323,"From 1625 to 1900, 12 kings succeeded one another at the head of the powerful Kingdom of Abomey. With the exception of King Akaba, who had his own separate enclosure, they all had their palaces built within the same cob-wall area, in keeping with previous palaces as regards the use of space and materials. The royal palaces of Abomey are a unique reminder of this vanished kingdom."
tiwanaku_spiritual_and_political_centre_of_the_tiwanaku_culture,Tiwanaku: Spiritual and Political Centre of the Tiwanaku Culture,567,Cultural,(iii)(iv),2,BOL,Latin America and the Caribbean,Americas,,,2000,2000s,25,False,False,71.5,True,1,Urban,https://whc.unesco.org/en/list/567,"The city of Tiwanaku, capital of a powerful pre-Hispanic empire that dominated a large area of the southern Andes and beyond, reached its apogee between 500 and 900 AD. Its monumental remains testify to the cultural and political significance of this civilisation, which is distinct from any of the other pre-Hispanic empires of the Americas."
old_bridge_area_of_the_old_city_of_mostar,Old Bridge Area of the Old City of Mostar,946,Cultural,,0,BIH,Europe and North America,Europe,,,2005,2000s,20,False,False,7.6,True,1,Urban,https://whc.unesco.org/en/list/946,"The historic town of Mostar, spanning a deep valley of the Neretva River, developed in the 15th and 16th centuries as an Ottoman frontier town and during the Austro-Hungarian period in the 19th and 20th centuries. Mostar has long been known for its old Turkish houses and Old Bridge, Stari Most, after which it is named. In the 1990s conflict, however, most of the historic town and the Old Bridge, designed by the renowned architect Sinan, was destroyed. The Old Bridge was recently rebuilt and many"
noel_kempff_mercado_national_park,Noel Kempff Mercado National Park,967,Natural,(ix)(x),2,BOL,Latin America and the Caribbean,Americas,,,2000,2000s,25,False,False,1523446,True,1,Forest,https://whc.unesco.org/en/list/967,"The National Park is one of the largest (1,523,000 ha) and most intact parks in the Amazon Basin. With an altitudinal range of 200 m to nearly 1,000 m, it is the site of a rich mosaic of habitat types from Cerrado savannah and forest to upland evergreen Amazonian forests. The park boasts an evolutionary history dating back over a billion years to the Precambrian period. An estimated 4,000 species of flora as well as over 600 bird species and viable populations of many globally endangered or thre"
atlantic_forest_south_east_reserves,Atlantic Forest South-East Reserves,893,Natural,(vii)(ix)(x),3,BRA,Latin America and the Caribbean,Americas,,,1999,1990s,26,False,False,468193,True,21,Mountain,https://whc.unesco.org/en/list/893,"The Atlantic Forest South-East Reserves, in the states of Paraná and São Paulo, contain some of the best and most extensive examples of Atlantic forest in Brazil. The 25 protected areas that make up the site (some 470,000 ha in total) display the biological wealth and evolutionary history of the last remaining Atlantic forests. From mountains covered by dense forests, down to wetlands, coastal islands with isolated mountains and dunes, the area comprises a rich natural environment of great sceni"
okavango_delta,Okavango Delta,1432,Natural,(vii)(ix)(x),3,BWA,Africa,Africa,,,2014,2010s,11,False,False,2023590,True,1,Coastal,https://whc.unesco.org/en/list/1432,"This delta in north-west Botswana comprises permanent marshlands and seasonally flooded plains. It is one of the very few major interior delta systems that do not flow into a sea or ocean, with a wetland system that is almost intact. One of the unique characteristics of the site is that the annual flooding from the River Okavango occurs during the dry season, with the result that the native plants and animals have synchronized their biological cycles with these seasonal rains and floods. It is a"
central_amazon_conservation_complex,Central Amazon Conservation Complex,998,Natural,(ix)(x),2,BRA,Latin America and the Caribbean,Americas,,,2000,2000s,25,False,False,5232018,True,2,Forest,https://whc.unesco.org/en/list/998,"The Central Amazon Conservation Complex makes up the largest protected area in the Amazon Basin and is one of the planet’s richest regions in terms of biodiversity. It also includes an important sample of varzea ecosystems, igapó forests, lakes and channels which take the form of a constantly evolving aquatic mosaic that is home to the largest array of electric fish in the world. The site protects key threatened species, including giant arapaima fish, the Amazonian manatee, the black caiman and "
cerrado_protected_areas_chapada_dos_veadeiros_and_emas_national_parks,Cerrado Protected Areas: Chapada dos Veadeiros and Emas National Parks,1035,Natural,(ix)(x),2,BRA,Latin America and the Caribbean,Americas,,,2001,2000s,24,False,False,381430,True,2,Natural Landscape,https://whc.unesco.org/en/list/1035,"The two sites included in the designation contain flora and fauna and key habitats that characterize the Cerrado – one of the world’s oldest and most diverse tropical ecosystems. For millennia, these sites have served as refuge for several species during periods of climate change and will be vital for maintaining the biodiversity of the Cerrado region during future climate fluctuations."
serra_da_capivara_national_park,Serra da Capivara National Park,606,Cultural,(iii),1,BRA,Latin America and the Caribbean,Americas,,,1991,1990s,34,False,False,130600,False,1,Cultural Landscape,https://whc.unesco.org/en/list/606,"Many of the numerous rock shelters in the Serra da Capivara National Park are decorated with cave paintings, some more than 25,000 years old. They are an outstanding testimony to one of the oldest human communities of South America."
sanctuary_of_bom_jesus_do_congonhas,Sanctuary of Bom Jesus do Congonhas,334,Cultural,(i)(iv),2,BRA,Latin America and the Caribbean,Americas,,,1985,1980s,40,False,False,2.19,True,1,Cultural Landscape,https://whc.unesco.org/en/list/334,"This sanctuary in Minais Gerais, south of Belo Horizonte was built in the second half of the 18th century. It consists of a church with a magnificent Rococo interior of Italian inspiration; an outdoor stairway decorated with statues of the prophets; and seven chapels illustrating the Stations of the Cross, in which the polychrome sculptures by Aleijadinho are masterpieces of a highly original, moving, expressive form of Baroque art."
ancient_city_of_nessebar,Ancient City of Nessebar,217,Cultural,(iii)(iv),2,BGR,Europe and North America,Europe,,,1983,1980s,42,False,False,34.71,True,1,Coastal,https://whc.unesco.org/en/list/217,"Situated on a rocky peninsula on the Black Sea, the more than 3,000-year-old site of Nessebar was originally a Thracian settlement (Menebria). At the beginning of the 6th century BC, the city became a Greek colony. The city’s remains, which date mostly from the Hellenistic period, include the acropolis, a temple of Apollo, an agora and a wall from the Thracian fortifications. Among other monuments, the Stara Mitropolia Basilica and the fortress date from the Middle Ages, when this was one of the"
srebarna_nature_reserve,Srebarna Nature Reserve,219,Natural,(x),1,BGR,Europe and North America,Europe,,,1983,1980s,42,False,False,638,True,1,Natural Landscape,https://whc.unesco.org/en/list/219,"The Srebarna Nature Reserve is a freshwater lake adjacent to the Danube and extending over 600 ha. It is the breeding ground of almost 100 species of birds, many of which are rare or endangered. Some 80 other bird species migrate and seek refuge there every winter. Among the most interesting bird species are the Dalmatian pelican, great egret, night heron, purple heron, glossy ibis and white spoonbill."
thracian_tomb_of_kazanlak,Thracian Tomb of Kazanlak,44,Cultural,(i)(iii)(iv),3,BGR,Europe and North America,Europe,,,1979,1970s,46,False,False,0.0155,True,1,Urban,https://whc.unesco.org/en/list/44,"Discovered in 1944, this tomb dates from the Hellenistic period, around the end of the 4th century BC. It is located near Seutopolis, the capital city of the Thracian king Seutes III, and is part of a large Thracian necropolis. The tholos has a narrow corridor and a round burial chamber, both decorated with murals representing Thracian burial rituals and culture. These paintings are Bulgaria’s best-preserved artistic masterpieces from the Hellenistic period."
rock_hewn_churches_of_ivanovo,Rock-Hewn Churches of Ivanovo,45,Cultural,(ii)(iii),2,BGR,Europe and North America,Europe,,,1979,1970s,46,False,False,171.9,True,1,River/Valley,https://whc.unesco.org/en/list/45,"In the valley of the Roussenski Lom River, in north east Bulgaria, a complex of rock-hewn churches, chapels, monasteries and cells developed in the vicinity of the village of Ivanovo. This is where the first hermits had dug out their cells and churches during the 12th century. The 14th-century murals testify to the exceptional skill of the artists belonging to the Tarnovo School of painting."
temple_of_preah_vihear,Temple of Preah Vihear,1224,Cultural,(i),1,KHM,Asia and the Pacific,Unknown,,,2008,2000s,17,False,False,154.7,True,1,Cultural Landscape,https://whc.unesco.org/en/list/1224,"Situated on the edge of a plateau that dominates the plain of Cambodia, the Temple of Preah Vihear is dedicated to Shiva. The Temple is composed of a series of sanctuaries linked by a system of pavements and staircases over an 800 metre long axis and dates back to the first half of the 11th century AD. Nevertheless, its complex history can be traced to the 9th century, when the hermitage was founded. This site is particularly well preserved, mainly due to its remote location. The site is excepti"
anticosti,Anticosti,1686,Natural,(viii),1,CAN,Europe and North America,Europe,,,2023,2020s,2,False,False,18240,True,1,Coastal,https://whc.unesco.org/en/list/1686,"Situated on the island of Anticosti, the largest island in Quebec, this property is the most complete and best preserved palaeontological record of the first mass extinction of animal life, 447-437 million years ago. It contains the best preserved fossil record of marine life covering 10 million years of Earth history. The abundance, diversity, and exquisite preservation of the fossils are exceptional and allow for world-class scientific work. Thousands of large bedding surfaces allow the observ"
the_gedeo_cultural_landscape,The Gedeo Cultural Landscape,1641,Cultural,(iii)(v),2,ETH,Africa,Africa,,,2023,2020s,2,False,False,29620,True,1,Mountain,https://whc.unesco.org/en/list/1641,"The property lies along the eastern edge of the Main Ethiopian Rift, on the steep escarpments of the Ethiopian highlands. An area of agroforestry, it utilizes multilayer cultivation with large trees sheltering indigenous enset, the main food crop, under which grow coffee and other shrubs. The area is densely populated by the Gedeo people whose traditional knowledge support local forest management. Within the cultivated mountain slopes are sacred forests traditionally used by local communities fo"
dja_faunal_reserve,Dja Faunal Reserve,407,Natural,(ix)(x),2,CMR,Africa,Africa,,,1987,1980s,38,False,False,526000,True,1,Forest,https://whc.unesco.org/en/list/407,"This is one of the largest and best-protected rainforests in Africa, with 90% of its area left undisturbed. Almost completely surrounded by the Dja River, which forms a natural boundary, the reserve is especially noted for its biodiversity and a wide variety of primates. It contains 107 mammal species, five of which are threatened."
miguasha_national_park,Miguasha National Park,686,Natural,(viii),1,CAN,Europe and North America,Europe,,,1999,1990s,26,False,False,87.3,True,2,Coastal,https://whc.unesco.org/en/list/686,"The palaeontological site of Miguasha National Park, in south-eastern Quebec on the southern coast of the Gaspé peninsula, is considered to be the world's most outstanding illustration of the Devonian Period known as the 'Age of Fishes'. Dating from 370 million years ago, the Upper Devonian Escuminac Formation represented here contains five of the six fossil fish groups associated with this period. Its significance stems from the discovery there of the highest number and best-preserved fossil sp"
kluane_wrangell_st_elias_glacier_bay_tatshenshini_alsek,Kluane / Wrangell-St. Elias / Glacier Bay / Tatshenshini-Alsek,72,Natural,(vii)(viii)(ix)(x),4,"CAN, USA",Europe and North America,Europe,,,1979,1970s,46,True,False,9839121,True,1,Mountain,https://whc.unesco.org/en/list/72,"These parks comprise an impressive complex of glaciers and high peaks on both sides of the border between Canada (Yukon Territory and British Columbia) and the United States (Alaska). The spectacular natural landscapes are home to many grizzly bears, caribou and Dall's sheep. The site contains the largest non-polar icefield in the world."
old_town_lunenburg,Old Town Lunenburg,741,Cultural,(iv)(v),2,CAN,Europe and North America,Europe,,,1995,1990s,30,False,False,33.85,True,1,Urban,https://whc.unesco.org/en/list/741,"Lunenburg is the best surviving example of a planned British colonial settlement in North America. Established in 1753, it has retained its original layout and overall appearance, based on a rectangular grid pattern drawn up in the home country. The inhabitants have managed to safeguard the city's identity throughout the centuries by preserving the wooden architecture of the houses, some of which date from the 18th century."
wood_buffalo_national_park,Wood Buffalo National Park,256,Natural,(vii)(ix)(x),3,CAN,Europe and North America,Europe,,,1983,1980s,42,False,False,4480000,True,1,River/Valley,https://whc.unesco.org/en/list/256,"Situated on the plains in the north-central region of Canada, the park (which covers 44,807 km2) is home to North America's largest population of wild bison. It is also the natural nesting place of the whooping crane. Another of the park's attractions is the world's largest inland delta, located at the mouth of the Peace and Athabasca rivers."
s_u_g_u_ang_gwaay,S<U>G</U>ang Gwaay,157,Cultural,(iii),1,CAN,Europe and North America,Europe,,,1981,1980s,44,False,False,0,True,1,Coastal,https://whc.unesco.org/en/list/157,"The village of Ninstints (Nans Dins) is located on a small island off the west coast of the Queen Charlotte Islands (Haida Gwaii). Remains of houses, together with carved mortuary and memorial poles, illustrate the Haida people's art and way of life. The site commemorates the living culture of the Haida people and their relationship to the land and sea, and offers a visual key to their oral traditions."
lakes_of_ounianga,Lakes of Ounianga,1400,Natural,(vii),1,TCD,Africa,Africa,,,2012,2010s,13,False,False,62808,True,1,Desert,https://whc.unesco.org/en/list/1400,"The site includes eighteen interconnected lakes in the hyper arid Ennedi region of the Sahara desert covering an area of 62,808 ha. It constitutes an exceptional natural landscape of great beauty with striking colours and shapes. The saline, hyper saline and freshwater lakes are supplied by groundwater and are found in two groups 40 km apart. Ounianga Kebir comprises four lakes, the largest of which, Yoan, covers an area of 358 ha and is 27 m deep. Its highly saline waters only sustain algae and"
historic_quarter_of_the_seaport_city_of_valparaiso,Historic Quarter of the Seaport City of Valparaíso,959,Cultural,(iii),1,CHL,Latin America and the Caribbean,Americas,,,2003,2000s,22,False,False,23.2,True,1,Urban,https://whc.unesco.org/en/list/959,"The colonial city of Valparaíso presents an excellent example of late 19th-century urban and architectural development in Latin America. In its natural amphitheatre-like setting, the city is characterized by a vernacular urban fabric adapted to the hillsides that are dotted with a great variety of church spires. It contrasts with the geometrical layout utilized in the plain. The city has well preserved its interesting early industrial infrastructures, such as the numerous ‘elevators’ on the stee"
ancient_building_complex_in_the_wudang_mountains,Ancient Building Complex in the Wudang Mountains,705,Cultural,(i)(ii),2,CHN,Asia and the Pacific,Unknown,,,1994,1990s,31,False,False,0,True,1,Mountain,https://whc.unesco.org/en/list/705,"The palaces and temples which form the nucleus of this group of secular and religious buildings exemplify the architectural and artistic achievements of China's Yuan, Ming and Qing dynasties. Situated in the scenic valleys and on the slopes of the Wudang mountains in Hubei Province, the site, which was built as an organized complex during the Ming dynasty (14th–17th centuries), contains Taoist buildings from as early as the 7th century. It represents the highest standards of Chinese art and arch"
classical_gardens_of_suzhou,Classical Gardens of Suzhou,813,Cultural,(i)(ii)(iii)(iv)(v),5,CHN,Asia and the Pacific,Unknown,,,1997,1990s,28,False,False,11.922,True,9,Urban,https://whc.unesco.org/en/list/813,"Classical Chinese garden design, which seeks to recreate natural landscapes in miniature, is nowhere better illustrated than in the nine gardens in the historic city of Suzhou. They are generally acknowledged to be masterpieces of the genre. Dating from the 11th-19th century, the gardens reflect the profound metaphysical importance of natural beauty in Chinese culture in their meticulous design."
dazu_rock_carvings,Dazu Rock Carvings,912,Cultural,(i)(ii)(iii),3,CHN,Asia and the Pacific,Unknown,,,1999,1990s,26,False,False,20.41,True,5,Cultural Landscape,https://whc.unesco.org/en/list/912,"The steep hillsides of the Dazu area contain an exceptional series of rock carvings dating from the 9th to the 13th century. They are remarkable for their aesthetic quality, their rich diversity of subject matter, both secular and religious, and the light that they shed on everyday life in China during this period. They provide outstanding evidence of the harmonious synthesis of Buddhism, Taoism and Confucianism."
cultural_landscape_of_old_tea_forests_of_the_jingmai_mountain_in_puer,Cultural Landscape of Old Tea Forests of the Jingmai Mountain in Pu’er,1665,Cultural,(iii)(v),2,CHN,Asia and the Pacific,Unknown,,,2023,2020s,2,False,False,7167.89,True,1,Mountain,https://whc.unesco.org/en/list/1665,"Located on Jingmai Mountain in southwestern China, this cultural landscape was developed over a thousand years by the Blang and Dai peoples following practices that began in the 10th century. The property is a tea production area comprised of traditional villages within old tea groves surrounded by forests and tea plantations. The traditional understorey cultivation of old tea trees is a method that responds to the specific conditions of the mountain’s ecosystem and subtropical monsoon climate, "
great_himalayan_national_park_conservation_area,Great Himalayan National Park Conservation Area,1406,Natural,(x),1,IND,Asia and the Pacific,Unknown,,,2014,2010s,11,False,False,90540,True,1,Mountain,https://whc.unesco.org/en/list/1406,"This National Park in the western part of the Himalayan Mountains in the northern Indian state of Himachal Pradesh is characterized by high alpine peaks, alpine meadows and riverine forests. The 90,540 ha property includes the upper mountain glacial and snow meltwater sources of several rivers, and the catchments of water supplies that are vital to millions of downstream users. The GHNPCA protects the monsoon-affected forests and alpine meadows of the Himalayan front ranges. It is part of the Hi"
imperial_tombs_of_the_ming_and_qing_dynasties,Imperial Tombs of the Ming and Qing Dynasties,1004,Cultural,(i)(ii)(iii)(iv),4,CHN,Asia and the Pacific,Unknown,,,2000,2000s,25,False,False,3434.9399,True,14,Cultural Landscape,https://whc.unesco.org/en/list/1004,"It represents the addition of three Imperial Tombs of the Qing Dynasty in Liaoning to the Ming tombs inscribed in 2000 and 2003. The Three Imperial Tombs of the Qing Dynasty in Liaoning Province include the Yongling Tomb, the Fuling Tomb, and the Zhaoling Tomb, all built in the 17th century. Constructed for the founding emperors of the Qing Dynasty and their ancestors, the tombs follow the precepts of traditional Chinese geomancy and fengshui theory. They feature rich decoration of stone statues"
longmen_grottoes,Longmen Grottoes,1003,Cultural,(i)(ii)(iii),3,CHN,Asia and the Pacific,Unknown,,,2000,2000s,25,False,False,331,True,1,Cultural Landscape,https://whc.unesco.org/en/list/1003,"The grottoes and niches of Longmen contain the largest and most impressive collection of Chinese art of the late Northern Wei and Tang Dynasties (316-907). These works, entirely devoted to the Buddhist religion, represent the high point of Chinese stone carving."
jiuzhaigou_valley_scenic_and_historic_interest_area,Jiuzhaigou Valley Scenic and Historic Interest Area,637,Natural,(vii),1,CHN,Asia and the Pacific,Unknown,,,1992,1990s,33,False,False,72000,True,1,Forest,https://whc.unesco.org/en/list/637,"Stretching over 72,000 ha in the northern part of Sichuan Province, the jagged Jiuzhaigou valley reaches a height of more than 4,800 m, thus comprising a series of diverse forest ecosystems. Its superb landscapes are particularly interesting for their series of narrow conic karst land forms and spectacular waterfalls. Some 140 bird species also inhabit the valley, as well as a number of endangered plant and animal species, including the giant panda and the Sichuan takin."
mount_sanqingshan_national_park,Mount Sanqingshan National Park,1292,Natural,(vii),1,CHN,Asia and the Pacific,Unknown,,,2008,2000s,17,False,False,22950,True,1,Mountain,https://whc.unesco.org/en/list/1292,"Mount Sanqingshan National Park, a 22,950 ha property located in the west of the Huyaiyu mountain range in the northeast of Jiangxi Province (in the east of central China) has been inscribed for its exceptional scenic quality, marked by the concentration of fantastically shaped pillars and peaks: 48 granite peaks and 89 granite pillars, many of which resemble human or animal silhouettes. The natural beauty of the 1,817 metre high Mount Huaiyu is further enhanced by the juxtaposition of granite f"
mount_qingcheng_and_the_dujiangyan_irrigation_system,Mount Qingcheng and the Dujiangyan Irrigation System,1001,Cultural,(ii)(iv),2,CHN,Asia and the Pacific,Unknown,,,2000,2000s,25,False,False,0,True,1,River/Valley,https://whc.unesco.org/en/list/1001,"Construction of the Dujiangyan irrigation system began in the 3rd century B.C. This system still controls the waters of the Minjiang River and distributes it to the fertile farmland of the Chengdu plains. Mount Qingcheng was the birthplace of Taoism, which is celebrated in a series of ancient temples."
mount_wuyi,Mount Wuyi,911,Mixed,(iii)(vii)(x),3,CHN,Asia and the Pacific,Unknown,,,1999,1990s,26,False,False,107044,True,2,River/Valley,https://whc.unesco.org/en/list/911,"Mount Wuyi is the most outstanding area for biodiversity conservation in south-east China and a refuge for a large number of ancient, relict species, many of them endemic to China. The serene beauty of the dramatic gorges of the Nine Bend River, with its numerous temples and monasteries, many now in ruins, provided the setting for the development and spread of neo-Confucianism, which has been influential in the cultures of East Asia since the 11th century. In the 1st century B.C. a large adminis"
mountain_resort_and_its_outlying_temples_chengde,"Mountain Resort and its Outlying Temples, Chengde",703,Cultural,(ii)(iv),2,CHN,Asia and the Pacific,Unknown,,,1994,1990s,31,False,False,611.2,True,1,Mountain,https://whc.unesco.org/en/list/703,"The Mountain Resort (the Qing dynasty's summer palace), in Hebei Province, was built between 1703 and 1792. It is a vast complex of palaces and administrative and ceremonial buildings. Temples of various architectural styles and imperial gardens blend harmoniously into a landscape of lakes, pastureland and forests. In addition to its aesthetic interest, the Mountain Resort is a rare historic vestige of the final development of feudal society in China."
old_town_of_lijiang,Old Town of Lijiang,811,Cultural,(ii)(iv)(v),3,CHN,Asia and the Pacific,Unknown,,,1997,1990s,28,False,False,145.6,True,4,Urban,https://whc.unesco.org/en/list/811,"The Old Town of Lijiang, which is perfectly adapted to the uneven topography of this key commercial and strategic site, has retained a historic townscape of high quality and authenticity. Its architecture is noteworthy for the blending of elements from several cultures that have come together over many centuries. Lijiang also possesses an ancient water-supply system of great complexity and ingenuity that still functions effectively today."
three_parallel_rivers_of_yunnan_protected_areas,Three Parallel Rivers of Yunnan Protected Areas,1083,Natural,(vii)(viii)(ix)(x),4,CHN,Asia and the Pacific,Unknown,,,2003,2000s,22,False,False,,True,1,Mountain,https://whc.unesco.org/en/list/1083,"Consisting of eight geographical clusters of protected areas within the boundaries of the Three Parallel Rivers National Park, in the mountainous north-west of Yunnan Province, the 1.7 million hectare site features sections of the upper reaches of three of the great rivers of Asia: the Yangtze (Jinsha), Mekong and Salween run roughly parallel, north to south, through steep gorges which, in places, are 3,000 m deep and are bordered by glaciated peaks more than 6,000 m high. The site is an epicent"
tusi_sites,Tusi Sites,1474,Cultural,(ii)(iii),2,CHN,Asia and the Pacific,Unknown,,,2015,2010s,10,False,False,781.28,True,3,Mountain,https://whc.unesco.org/en/list/1474,"Located in the mountainous areas of south-west China, this property encompasses remains of several tribal domains whose chiefs were appointed by the central government as ‘Tusi’, hereditary rulers from the 13th to the early 20thcentury. The Tusi system arose from the ethnic minorities’ dynastic systems of government dating back to the 3rd century BCE. Its purpose was to unify national administration, while allowing ethnic minorities to retain their customs and way of life. The sites of Laosichen"
west_lake_cultural_landscape_of_hangzhou,West Lake Cultural Landscape of Hangzhou,1334,Cultural,(ii)(iii),2,CHN,Asia and the Pacific,Unknown,,,2011,2010s,14,False,False,3322.88,True,1,Coastal,https://whc.unesco.org/en/list/1334,"The West Lake Cultural Landscape of Hangzhou, comprising the West Lake and the hills surrounding its three sides, has inspired famous poets, scholars and artists since the 9th century. It comprises numerous temples, pagodas, pavilions, gardens and ornamental trees, as well as causeways and artificial islands. These additions have been made to improve the landscape west of the city of Hangzhou to the south of the Yangtze river. The West Lake has influenced garden design in the rest of China as we"
yin_xu,Yin Xu,1114,Cultural,(ii)(iii)(iv),3,CHN,Asia and the Pacific,Unknown,,,2006,2000s,19,False,False,414,True,2,Urban,https://whc.unesco.org/en/list/1114,"The archaeological site of Yin Xu, close to Anyang City, some 500 km south of Beijing, is an ancient capital city of the late Shang Dynasty (1300 - 1046 BC). It testifies to the golden age of early Chinese culture, crafts and sciences, a time of great prosperity of the Chinese Bronze Age. A number of royal tombs and palaces, prototypes of later Chinese architecture, have been unearthed on the site, including the Palace and Royal Ancestral Shrines Area, with more than 80 house foundations, and th"
chiribiquete_national_park_the_maloca_of_the_jaguar,Chiribiquete National Park – “The Maloca of the Jaguar”,1174,Mixed,(iii)(ix)(x),3,COL,Latin America and the Caribbean,Americas,,,2018,2010s,7,False,False,2782354,True,1,Mountain,https://whc.unesco.org/en/list/1174,"Chiribiquete National Park, the largest protected area in Colombia, is the confluence point of four biogeographical provinces: Amazon, Andes, Orinoco and Guyana. As such, the National Park guarantees the connectivity and preservation of the biodiversity of these provinces, constituting itself as an interaction scenario in which flora and fauna diversity and endemism have flourished. One of the defining features of Chiribiquete is the presence of tepees (table-top mountains), sheer-sided sandston"
san_agustin_archaeological_park,San Agustín Archaeological Park,744,Cultural,(iii),1,COL,Latin America and the Caribbean,Americas,,,1995,1990s,30,False,False,0,True,3,Cultural Landscape,https://whc.unesco.org/en/list/744,"The largest group of religious monuments and megalithic sculptures in South America stands in a wild, spectacular landscape. Gods and mythical animals are skilfully represented in styles ranging from abstract to realist. These works of art display the creativity and imagination of a northern Andean culture that flourished from the 1st to the 8th century."
port_fortresses_and_group_of_monuments_cartagena,"Port, Fortresses and Group of Monuments, Cartagena",285,Cultural,(iv),1,COL,Latin America and the Caribbean,Americas,,,1984,1980s,41,False,False,0,True,1,Coastal,https://whc.unesco.org/en/list/285,"Situated in a bay in the Caribbean Sea, Cartagena has the most extensive fortifications in South America. A system of zones divides the city into three neighbourhoods: San Pedro, with the cathedral and many Andalusian-style palaces; San Diego, where merchants and the middle class lived; and Gethsemani, the 'popular quarter'."
forest_massif_of_odzala_kokoua,Forest Massif of Odzala-Kokoua,692,Natural,(ix)(x),2,COG,Africa,Africa,,,2023,2020s,2,False,False,1179376,True,1,Forest,https://whc.unesco.org/en/list/692,"This property is an excellent example, at an exceptionally large-scale, of the process of post-glacial forest recolonization of savanna ecosystems. It is therefore ecologically significant as a convergence point of multiple ecosystem types (Congolese Forest, Lower Guinean Forest and Savanna). The broad range of age classifications across the forest succession spectrum contributes to the park’s highly distinct ecology, incorporating a broad range of remarkable ecological processes. It is one of t"
precolumbian_chiefdom_settlements_with_stone_spheres_of_the_diquis,Precolumbian Chiefdom Settlements with Stone Spheres of the Diquís,1453,Cultural,(iii),1,CRI,Latin America and the Caribbean,Americas,,,2014,2010s,11,False,False,24.73,True,4,Cultural Landscape,https://whc.unesco.org/en/list/1453,"The property includes four archaeological sites located in the Diquís Delta in southern Costa Rica, which are considered unique examples of the complex social, economic and political systems of the period AD 500–1500. They contain artificial mounds, paved areas, burial sites and, most significantly, a collection of stone spheres, between 0.7 m and 2.57 m in diameter, whose meaning, use and production remain largely a mystery. The spheres are distinctive for their perfection, number, size and den"
talamanca_range_la_amistad_reserves_la_amistad_national_park,Talamanca Range-La Amistad Reserves / La Amistad National Park,205,Natural,(vii)(viii)(ix)(x),4,"PAN, CRI",Latin America and the Caribbean,Americas,,,1983,1980s,42,True,False,570045,True,1,Forest,https://whc.unesco.org/en/list/205,"The location of this unique site in Central America, where Quaternary glaciers have left their mark, has allowed the fauna and flora of North and South America to interbreed. Tropical rainforests cover most of the area. Four different Indian tribes inhabit this property, which benefits from close co-operation between Costa Rica and Panama."
comoe_national_park,Comoé National Park,227,Natural,(ix)(x),2,CIV,Africa,Africa,,,1983,1980s,42,False,False,,False,1,Forest,https://whc.unesco.org/en/list/227,"One of the largest protected areas in West Africa, this park is characterized by its great plant diversity. Due to the presence of the Comoé river, it contains plants which are normally only found much farther south, such as shrub savannahs and patches of thick rainforest."
plitvice_lakes_national_park,Plitvice Lakes National Park,98,Natural,(vii)(viii)(ix),3,HRV,Europe and North America,Europe,,,1979,1970s,46,False,False,29581.71,True,1,Forest,https://whc.unesco.org/en/list/98,"The waters flowing over the limestone and chalk have, over thousands of years, deposited travertine barriers, creating natural dams which in turn have created a series of beautiful lakes, caves and waterfalls. These geological processes continue today. The forests in the park are home to bears, wolves and many rare bird species."
venetian_works_of_defence_between_the_16th_and_17th_centuries_em_stato_da_terra_em_western_em_stato_da_mar_em,Venetian Works of Defence between the 16th and 17th Centuries: <em>Stato da Terra</em> – Western <em>Stato da Mar</em>,1533,Cultural,(iii)(iv),2,"ITA, HRV, MNE",Europe and North America,Europe,,,2017,2010s,8,True,False,378.37,True,6,Coastal,https://whc.unesco.org/en/list/1533,"This property consists of 6 components of defence works in Italy, Croatia and Montenegro, spanning more than 1,000 km between the Lombard region of Italy and the eastern Adriatic Coast. The fortifications throughout the Stato da Terra protected the Republic of Venice from other European powers to the northwest and those of the Stato da Mar protected the sea routes and ports in the Adriatic Sea to the Levant. They were necessary to support the expansion and authority of the Serenissima. The intro"
alejandro_de_humboldt_national_park,Alejandro de Humboldt National Park,839,Natural,(ix)(x),2,CUB,Latin America and the Caribbean,Americas,,,2001,2000s,24,False,False,71140,True,1,Coastal,https://whc.unesco.org/en/list/839,Complex geology and varied topography have given rise to a diversity of ecosystems and species unmatched in the insular Caribbean and created one of the most biologically diverse tropical island sites on earth. Many of the underlying rocks are toxic to plants so species have had to adapt to survive in these hostile conditions. This unique process of evolution has resulted in the development of many new species and the park is one of the most important sites in the Western Hemisphere for the cons
historic_centre_of_camaguey,Historic Centre of Camagüey,1270,Cultural,(iv)(v),2,CUB,Latin America and the Caribbean,Americas,,,2008,2000s,17,False,False,54,True,1,Urban,https://whc.unesco.org/en/list/1270,"One of the first seven villages founded by the Spaniards in Cuba, Camagüey played a prominent role as the urban centre of an inland territory dedicated to cattle breeding and the sugar industry. Settled in its current location in 1528, the town developed on the basis of an irregular urban pattern that contains a system of large and minor squares, serpentine streets, alleys and irregular urban blocks, highly exceptional for Latin American colonial towns located in plain territories. The 54 ha His"
painted_churches_in_the_troodos_region,Painted Churches in the Troodos Region,351,Cultural,(ii)(iii)(iv),3,CYP,Europe and North America,Europe,,,1985,1980s,40,False,False,3.693,True,10,Cultural Landscape,https://whc.unesco.org/en/list/351,"This region is characterized by one of the largest groups of churches and monasteries of the former Byzantine Empire. The complex of 10 monuments included on the World Heritage List, all richly decorated with murals, provides an overview of Byzantine and post-Byzantine painting in Cyprus. They range from small churches whose rural architectural style is in stark contrast to their highly refined decoration, to monasteries such as that of St John Lampadistis."
holasovice_historic_village,Holašovice Historic Village,861,Cultural,(ii)(iv),2,CZE,Europe and North America,Europe,,,1998,1990s,27,False,False,11.4,True,1,Cultural Landscape,https://whc.unesco.org/en/list/861,"Holašovice is an exceptionally complete and well-preserved example of a traditional central European village. It has a large number of outstanding 18th- and 19th-century vernacular buildings in a style known as 'South Bohemian folk Baroque', and preserves a ground plan dating from the Middle Ages."
holy_trinity_column_in_olomouc,Holy Trinity Column in Olomouc,859,Cultural,(i)(iv),2,CZE,Europe and North America,Europe,,,2000,2000s,25,False,False,0.05,True,1,Cultural Landscape,https://whc.unesco.org/en/list/859,"This memorial column, erected in the early years of the 18th century, is the most outstanding example of a type of monument specific to central Europe. In the characteristic regional style known as Olomouc Baroque and rising to a height of 35 m, it is decorated with many fine religious sculptures, the work of the distinguished Moravian artist Ondrej Zahner."
kutna_hora_historical_town_centre_with_the_church_of_st_barbara_and_the_cathedral_of_our_lady_at_sedlec,Kutná Hora: Historical Town Centre with the Church of St Barbara and the Cathedral of Our Lady at Sedlec,732,Cultural,(ii)(iv),2,CZE,Europe and North America,Europe,,,1995,1990s,30,False,False,62.437,True,2,Urban,https://whc.unesco.org/en/list/732,"Kutná Hora developed as a result of the exploitation of the silver mines. In the 14th century it became a royal city endowed with monuments that symbolized its prosperity. The Church of St Barbara, a jewel of the late Gothic period, and the Cathedral of Our Lady at Sedlec, which was restored in line with the Baroque taste of the early 18th century, were to influence the architecture of central Europe. These masterpieces today form part of a well-preserved medieval urban fabric with some particul"
vineyard_landscape_of_piedmont_langhe_roero_and_monferrato,Vineyard Landscape of Piedmont: Langhe-Roero and Monferrato,1390,Cultural,(iii)(v),2,ITA,Europe and North America,Europe,,,2014,2010s,11,False,False,10789,True,6,River/Valley,https://whc.unesco.org/en/list/1390,"This landscape covers five distinct wine-growing areas with outstanding landscapes and the Castle of Cavour, an emblematic name both in the development of vineyards and in Italian history. It is located in the southern part of Piedmont, between the Po River and the Ligurian Apennines, and encompasses the whole range of technical and economic processes relating to the winegrowing and winemaking that has characterized the region for centuries. Vine pollen has been found in the area dating from the"
kahuzi_biega_national_park,Kahuzi-Biega National Park,137,Natural,(x),1,COD,Africa,Africa,,,1980,1980s,45,False,True,600000,True,1,Coastal,https://whc.unesco.org/en/list/137,"A vast area of primary tropical forest dominated by two spectacular extinct volcanoes, Kahuzi and Biega, the park has a diverse and abundant fauna. One of the last groups of eastern lowland (graueri) gorillas (consisting of only some 250 individuals) lives at between 2,100 and 2,400 m above sea-level."
roskilde_cathedral,Roskilde Cathedral,695,Cultural,(ii)(iv),2,DNK,Europe and North America,Europe,,,1995,1990s,30,False,False,0.4,True,1,Cultural Landscape,https://whc.unesco.org/en/list/695,"Built in the 12th and 13th centuries, this was Scandinavia's first Gothic cathedral to be built of brick and it encouraged the spread of this style throughout northern Europe. It has been the mausoleum of the Danish royal family since the 15th century. Porches and side chapels were added up to the end of the 19th century. Thus it provides a clear overview of the development of European religious architecture."
morne_trois_pitons_national_park,Morne Trois Pitons National Park,814,Natural,(viii)(x),2,DMA,Latin America and the Caribbean,Americas,,,1997,1990s,28,False,False,6857,True,1,Forest,https://whc.unesco.org/en/list/814,"Luxuriant natural tropical forest blends with scenic volcanic features of great scientific interest in this national park centred on the 1,342-m-high volcano known as Morne Trois Pitons. With its precipitous slopes and deeply incised valleys, 50 fumaroles, hot springs, three freshwater lakes, a 'boiling lake' and five volcanoes, located on the park's nearly 7,000 ha, together with the richest biodiversity in the Lesser Antilles, Morne Trois Pitons National Park presents a rare combination of nat"
wadden_sea,Wadden Sea,1314,Natural,(viii)(ix)(x),3,"DNK, NLD, DEU",Europe and North America,Europe,,,2009,2000s,16,True,False,1143403,True,8,Coastal,https://whc.unesco.org/en/list/1314,"The Wadden Sea is the largest unbroken system of intertidal sand and mud flats in the world. The site covers the Dutch Wadden Sea Conservation Area, the German Wadden Sea National Parks of Lower Saxony and Schleswig-Holstein, and most of the Danish Wadden Sea maritime conservation area. It is a large, temperate, relatively flat coastal wetland environment, formed by the intricate interactions between physical and biological factors that have given rise to a multitude of transitional habitats wit"
abu_mena,Abu Mena,90,Cultural,(iv),1,EGY,Arab States,Asia,,,1979,1970s,46,False,False,182.72,True,1,Urban,https://whc.unesco.org/en/list/90,"The church, baptistry, basilicas, public buildings, streets, monasteries, houses and workshops in this early Christian holy city were built over the tomb of the martyr Menas of Alexandria, who died in A.D. 296."
sangay_national_park,Sangay National Park,260,Natural,(vii)(viii)(ix)(x),4,ECU,Latin America and the Caribbean,Americas,,,1983,1980s,42,False,False,271925,True,1,Mountain,https://whc.unesco.org/en/list/260,"With its outstanding natural beauty and two active volcanoes, the park illustrates the entire spectrum of ecosystems, ranging from tropical rainforests to glaciers, with striking contrasts between the snowcapped peaks and the forests of the plains. Its isolation has encouraged the survival of indigenous species such as the mountain tapir and the Andean condor."
ancient_thebes_with_its_necropolis,Ancient Thebes with its Necropolis,87,Cultural,(i)(iii),2,EGY,Arab States,Asia,,,1979,1970s,46,False,False,7390.16,True,3,Urban,https://whc.unesco.org/en/list/87,"Thebes, the city of the god Amon, was the capital of Egypt during the period of the Middle and New Kingdoms. With the temples and palaces at Karnak and Luxor, and the necropolises of the Valley of the Kings and the Valley of the Queens, Thebes is a striking testimony to Egyptian civilization at its height."
galapagos_islands,Galápagos Islands,1,Natural,(vii)(viii)(ix)(x),4,ECU,Latin America and the Caribbean,Americas,,,1978,1970s,47,False,False,14066514,True,1,Coastal,https://whc.unesco.org/en/list/1,"Situated in the Pacific Ocean some 1,000 km from the South American continent, these 19 islands and the surrounding marine reserve have been called a unique ‘living museum and showcase of evolution’. Located at the confluence of three ocean currents, the Galápagos are a ‘melting pot’ of marine species. Ongoing seismic and volcanic activity reflects the processes that formed the islands. These processes, together with the extreme isolation of the islands, led to the development of unusual animal "
historic_centre_old_town_of_tallinn,Historic Centre (Old Town) of Tallinn,822,Cultural,(ii)(iv),2,EST,Europe and North America,Europe,,,1997,1990s,28,False,False,113,True,1,Coastal,https://whc.unesco.org/en/list/822,"The origins of Tallinn date back to the 13th century, when a castle was built there by the crusading knights of the Teutonic Order. It developed as a major centre of the Hanseatic League, and its wealth is demonstrated by the opulence of the public buildings (the churches in particular) and the domestic architecture of the merchants' houses, which have survived to a remarkable degree despite the ravages of fire and war in the intervening centuries."
aksum,Aksum,15,Cultural,(i)(iv),2,ETH,Africa,Africa,,,1980,1980s,45,False,False,0,True,1,Urban,https://whc.unesco.org/en/list/15,"The ruins of the ancient city of Aksum are found close to Ethiopia's northern border. They mark the location of the heart of ancient Ethiopia, when the Kingdom of Aksum was the most powerful state between the Eastern Roman Empire and Persia. The massive ruins, dating from between the 1st and the 13th century A.D., include monolithic obelisks, giant stelae, royal tombs and the ruins of ancient castles. Long after its political decline in the 10th century, Ethiopian emperors continued to be crowne"
fasil_ghebbi_gondar_region,"Fasil Ghebbi, Gondar Region",19,Cultural,(ii)(iii),2,ETH,Africa,Africa,,,1979,1970s,46,False,False,0,True,1,Urban,https://whc.unesco.org/en/list/19,"In the 16th and 17th centuries, the fortress-city of Fasil Ghebbi was the residence of the Ethiopian emperor Fasilides and his successors. Surrounded by a 900-m-long wall, the city contains palaces, churches, monasteries and unique public and private buildings marked by Hindu and Arab influences, subsequently transformed by the Baroque style brought to Gondar by the Jesuit missionaries."
lower_valley_of_the_awash,Lower Valley of the Awash,10,Cultural,(ii)(iii)(iv),3,ETH,Africa,Africa,,,1980,1980s,45,False,False,0,True,1,River/Valley,https://whc.unesco.org/en/list/10,"The Awash valley contains one of the most important groupings of palaeontological sites on the African continent. The remains found at the site, the oldest of which date back at least 4 million years, provide evidence of human evolution which has modified our conception of the history of humankind. The most spectacular discovery came in 1974, when 52 fragments of a skeleton enabled the famous Lucy to be reconstructed."
konso_cultural_landscape,Konso Cultural Landscape,1333,Cultural,(iii)(v),2,ETH,Africa,Africa,,,2011,2010s,14,False,False,23000,True,1,Mountain,https://whc.unesco.org/en/list/1333,"Konso Cultural Landscape is an arid property of stone walled terraces and fortified settlements in the Konso highlands of Ethiopia. It constitutes a spectacular example of a living cultural tradition stretching back 21 generations (more than 400 years) adapted to its dry hostile environment. The landscape demonstrates the shared values, social cohesion and engineering knowledge of its communities. The site also features anthropomorphic wooden statues - grouped to represent respected members of t"
simien_national_park,Simien National Park,9,Natural,(vii)(x),2,ETH,Africa,Africa,,,1978,1970s,47,False,False,13600,True,1,Mountain,https://whc.unesco.org/en/list/9,"Massive erosion over the years on the Ethiopian plateau has created one of the most spectacular landscapes in the world, with jagged mountain peaks, deep valleys and sharp precipices dropping some 1,500 m. The park is home to some extremely rare animals such as the Gelada baboon, the Simien fox and the Walia ibex, a goat found nowhere else in the world."
levuka_historical_port_town,Levuka Historical Port Town,1399,Cultural,(ii)(iv),2,FJI,Asia and the Pacific,Unknown,,,2013,2010s,12,False,False,69.6,True,1,Coastal,https://whc.unesco.org/en/list/1399,"The town and its low line of buildings set among coconut and mango trees along the beach front was the first colonial capital of Fiji, ceded to the British in 1874. It developed from the early 19th century as a centre of commercial activity by Americans and Europeans who built warehouses, stores, port facilities, residences, and religious, educational and social institutions around the villages of the South Pacific island’s indigenous population. It is a rare example of a late colonial port town"
fortress_of_suomenlinna,Fortress of Suomenlinna,583,Cultural,(iv),1,FIN,Europe and North America,Europe,,,1991,1990s,34,False,False,210,True,1,Coastal,https://whc.unesco.org/en/list/583,"Built in the second half of the 18th century by Sweden on a group of islands located at the entrance of Helsinki's harbour, this fortress is an especially interesting example of European military architecture of the time."
old_rauma,Old Rauma,582,Cultural,(iv)(v),2,FIN,Europe and North America,Europe,,,1991,1990s,34,False,False,29,True,1,Urban,https://whc.unesco.org/en/list/582,"Situated on the Gulf of Botnia, Rauma is one of the oldest harbours in Finland. Built around a Franciscan monastery, where the mid-15th-century Holy Cross Church still stands, it is an outstanding example of an old Nordic city constructed in wood. Although ravaged by fire in the late 17th century, it has preserved its ancient vernacular architectural heritage."
historic_fortified_city_of_carcassonne,Historic Fortified City of Carcassonne,345,Cultural,(ii)(iv),2,FRA,Europe and North America,Europe,,,1997,1990s,28,False,False,11,True,1,Urban,https://whc.unesco.org/en/list/345,"Since the pre-Roman period, a fortified settlement has existed on the hill where Carcassonne now stands. In its present form it is an outstanding example of a medieval fortified town, with its massive defences encircling the castle and the surrounding buildings, its streets and its fine Gothic cathedral. Carcassonne is also of exceptional importance because of the lengthy restoration campaign undertaken by Viollet-le-Duc, one of the founders of the modern science of conservation."
mont_saint_michel_and_its_bay,Mont-Saint-Michel and its Bay,80,Cultural,(i)(iii),2,FRA,Europe and North America,Europe,,,1979,1970s,46,False,False,6560,True,2,Cultural Landscape,https://whc.unesco.org/en/list/80,"Perched on a rocky islet in the midst of vast sandbanks exposed to powerful tides between Normandy and Brittany stand the 'Wonder of the West', a Gothic-style Benedictine abbey dedicated to the archangel St Michael, and the village that grew up in the shadow of its great walls. Built between the 11th and 16th centuries, the abbey is a technical and artistic tour de force, having had to adapt to the problems posed by this unique natural site."
megaliths_of_carnac_and_of_the_shores_of_morbihan,Megaliths of Carnac and of the shores of Morbihan,1725,Cultural,(i)(iv),2,FRA,Europe and North America,Europe,,,2025,2020s,0,False,False,19598,True,4,Coastal,https://whc.unesco.org/en/list/1725,"This serial property in Brittany, France, features a dense concentration of megalithic structures built during the Neolithic period (c. 5000–2300 BCE), carefully aligned with the area’s unique geomorphology. These monumental stone constructions—arranged in relation to one another and to natural features like terrain and waterways—reflect a sophisticated understanding of the environment. Rich engravings and associated artifacts further illustrate the cultural complexity of the societies that inha"
nord_pas_de_calais_mining_basin,Nord-Pas de Calais Mining Basin,1360,Cultural,(ii)(iv),2,FRA,Europe and North America,Europe,,,2012,2010s,13,False,False,3943,True,108,Urban,https://whc.unesco.org/en/list/1360,"Remarkable as a landscape shaped over three centuries of coal extraction from the 1700s to the 1900s, the site consists of 109 separate components over 120,000 ha. It features mining pits (the oldest of which dates from 1850) and lift infrastructure, slag heaps (some of which cover 90 ha and exceed 140 m in height), coal transport infrastructure, railway stations, workers’ estates and mining villages including social habitat, schools, religious buildings, health and community facilities, company"
palace_and_park_of_fontainebleau,Palace and Park of Fontainebleau,160,Cultural,(ii),1,FRA,Europe and North America,Europe,,,1981,1980s,44,False,False,144,True,1,Forest,https://whc.unesco.org/en/list/160,"Used by the kings of France from the 12th century, the medieval royal hunting lodge of Fontainebleau, standing at the heart of a vast forest in the Ile-de-France, was transformed, enlarged and embellished in the 16th century by François I, who wanted to make a 'New Rome' of it. Surrounded by an immense park, the Italianate palace combines Renaissance and French artistic traditions."
pitons_cirques_and_remparts_of_reunion_island,"Pitons, cirques and remparts of Reunion Island",1317,Natural,(vii)(x),2,FRA,Europe and North America,Europe,,,2010,2010s,15,False,False,105838,True,1,Mountain,https://whc.unesco.org/en/list/1317,"The Pitons, cirques and remparts of Reunion Island site coincides with the core zone of La Réunion National Park. The property covers more than 100,000 ha or 40 % of La Réunion, an island comprising two adjoining volcanic massifs located in the south-west of the Indian Ocean. Dominated by two towering volcanic peaks, massive walls and three cliff-rimmed cirques, the property includes a great variety of rugged terrain and impressive escarpments, forested gorges and basins creating a visually stri"
provins_town_of_medieval_fairs,"Provins, Town of Medieval Fairs",873,Cultural,(ii)(iv),2,FRA,Europe and North America,Europe,,,2001,2000s,24,False,False,108,True,1,Urban,https://whc.unesco.org/en/list/873,"The fortified medieval town of Provins is situated in the former territory of the powerful Counts of Champagne. It bears witness to early developments in the organization of international trading fairs and the wool industry. The urban structure of Provins, which was built specifically to host the fairs and related activities, has been well preserved."
the_causses_and_the_cevennes_mediterranean_agro_pastoral_cultural_landscape,"The Causses and the Cévennes, Mediterranean agro-pastoral Cultural Landscape",1153,Cultural,(iii)(v),2,FRA,Europe and North America,Europe,,,2011,2010s,14,False,False,302319,True,1,Mountain,https://whc.unesco.org/en/list/1153,"This 302,319 ha property, in the southern part of central France, is a mountain landscape interspersed by deep valleys that is representative of the relationship between agro-pastoral systems and their biophysical environment, notably through drailles or drove roads. Villages and substantial stone farmhouses on deep terraces of the Causses reflect the organization of large abbeys from the 11th century. Mont Lozère, inside the property, is one of the last places where summer transhumance is still"
strasbourg_grande_ile_and_em_neustadt_em,"Strasbourg, Grande-Île and <em>Neustadt</em>",495,Cultural,(ii)(iv),2,FRA,Europe and North America,Europe,,,1988,1980s,37,False,False,183,True,1,Urban,https://whc.unesco.org/en/list/495,"The initial property, inscribed in 1988 on the World Heritage List, was formed by the Grande-Île, the historic centre of Strasbourg, structured around the cathedral. The extension concerns the Neustadt, new town, designed and built under the German administration (1871-1918). The Neustadt draws the inspiration for its urban layout partially from the Haussmannian model, while adopting an architectural idiom of Germanic inspiration. This dual influence has enabled the creation of an urban space th"
taputapuatea,Taputapuātea,1529,Cultural,(iii)(iv),2,FRA,Europe and North America,Europe,,,2017,2010s,8,False,False,2124,True,1,Coastal,https://whc.unesco.org/en/list/1529,"Taputapuātea on Ra’iātea Island is at the centre of the ‘Polynesian Triangle’, a vast portion of the Pacific Ocean, dotted with islands, and the last part of the globe to be settled by humans. The property includes two forested valleys, a portion of lagoon and coral reef and a strip of open ocean. At the heart of the property is the Taputapuātea marae complex, a political, ceremonial and funerary centre. It is characterized by several marae, with different functions. Widespread in Polynesia, the"
the_climats_terroirs_of_burgundy,"The Climats, terroirs of Burgundy",1425,Cultural,(iii)(v),2,FRA,Europe and North America,Europe,,,2015,2010s,10,False,False,13219,True,2,Urban,https://whc.unesco.org/en/list/1425,"The climates are precisely delimited vineyard parcels on the slopes of the Côte de Nuits and the Côte de Beaune south of the city of Dijon. They differ from one another due to specific natural conditions (geology and exposure) as well as vine types and have been shaped by human cultivation. Over time they came to be recognized by the wine they produce. This cultural landscape consists of two parts. Firstly, the vineyards and associated production units including villages and the town of Beaune, "
the_loire_valley_between_sully_sur_loire_and_chalonnes,The Loire Valley between Sully-sur-Loire and Chalonnes,933,Cultural,(i)(ii)(iv),3,FRA,Europe and North America,Europe,,,2000,2000s,25,False,False,86021,True,1,Urban,https://whc.unesco.org/en/list/933,"The Loire Valley is an outstanding cultural landscape of great beauty, containing historic towns and villages, great architectural monuments (the châteaux), and cultivated lands formed by many centuries of interaction between their population and the physical environment, primarily the river Loire itself."
volcanoes_and_forests_of_mount_pelee_and_the_pitons_of_northern_martinique,Volcanoes and Forests of Mount Pelée and the Pitons of Northern Martinique,1657,Natural,(viii)(x),2,FRA,Europe and North America,Europe,,,2023,2020s,2,False,False,13980,True,2,Coastal,https://whc.unesco.org/en/list/1657,"The global significance of Mount Pelée and Pitons du Carbet is based on its representation of volcanic processes and forest types. The 1902 eruption is considered the deadliest volcanic event of the 20th century, and a worldwide reference for the history of volcanology. All the forest types and the diversity of endemic plants of the Lesser Antilles are represented in the serial property, within forest continuums ranging from the seashore to the volcanic summits. The property is home to globally "
colchic_rainforests_and_wetlands,Colchic Rainforests and Wetlands,1616,Natural,(ix)(x),2,GEO,Europe and North America,Europe,,,2021,2020s,4,False,False,31253,True,7,Coastal,https://whc.unesco.org/en/list/1616,"The property comprises seven component parts, within an 80km long corridor along the warm-temperate and extremely humid eastern coast of the Black Sea. They provide a series of the most typical Colchic ecosystems at altitudes ranging from sea level to more than 2,500 metres above it. The main ecosystems are ancient deciduous Colchic rainforests and wetlands, percolation bogs and other mire types of the distinct Colchic mire region. The extremely humid broad-leaved rainforests comprise a highly d"
ivindo_national_park,Ivindo National Park,1653,Natural,(ix)(x),2,GAB,Africa,Africa,,,2021,2020s,4,False,False,298758,True,1,Forest,https://whc.unesco.org/en/list/1653,"Situated on the equator in northern Gabon the largely pristine site encompasses an area of almost 300,000 ha crossed by a network of picturesque blackwater rivers. It features rapids and waterfalls bordered by intact rainforest, which make for a landscape of great aesthetic value. The site’s aquatic habitats harbour endemic freshwater fish species, 13 of which are threatened, and at least seven species of Podostemaceae riverweeds, with probable micro-endemic aquatic flora at each waterfall. Many"
ecosystem_and_relict_cultural_landscape_of_lope_okanda,Ecosystem and Relict Cultural Landscape of Lopé-Okanda,1147,Mixed,(iii)(iv)(ix)(x),4,GAB,Africa,Africa,,,2007,2000s,18,False,False,511991,True,3,Desert,https://whc.unesco.org/en/list/1147,"The Ecosystem and Relict Cultural Landscape of Lopé-Okanda demonstrates an unusual interface between dense and well-conserved tropical rainforest and relict savannah environments with a great diversity of species, including endangered large mammals, and habitats. The site illustrates ecological and biological processes in terms of species and habitat adaptation to post-glacial climatic changes. It contains evidence of the successive passages of different peoples who have left extensive and compa"
upper_svaneti,Upper Svaneti,709,Cultural,(iv)(v),2,GEO,Europe and North America,Europe,,,1996,1990s,29,False,False,1.06,True,1,Mountain,https://whc.unesco.org/en/list/709,"Preserved by its long isolation, the Upper Svaneti region of the Caucasus is an exceptional example of mountain scenery with medieval-type villages and tower-houses. The village of Chazhashi still has more than 200 of these very unusual houses, which were used both as dwellings and as defence posts against the invaders who plagued the region."
abbey_and_altenmunster_of_lorsch,Abbey and Altenmünster of Lorsch,515,Cultural,(iii)(iv),2,DEU,Europe and North America,Europe,,,1991,1990s,34,False,False,3.34,True,2,Cultural Landscape,https://whc.unesco.org/en/list/515,"The abbey, together with its monumental entrance, the famous 'Torhall', are rare architectural vestiges of the Carolingian era. The sculptures and paintings from this period are still in remarkably good condition."
gelati_monastery,Gelati Monastery,710,Cultural,(iv),1,GEO,Europe and North America,Europe,,,1994,1990s,31,False,False,4.2,True,1,Cultural Landscape,https://whc.unesco.org/en/list/710,"Founded in 1106 in the west of Georgia, the Monastery of Gelati is a masterpiece of the Golden Age of medieval Georgia, a period of political strength and economic growth between the 11th and 13th centuries. It is characterized by the facades of smoothly hewn large blocks, balanced proportions and blind arches for exterior decoration. The Gelati monastery, one of the largest medieval Orthodox monasteries, was also a centre of science and education and the Academy it housed was one of the most im"
bergpark_wilhelmshohe,Bergpark Wilhelmshöhe,1413,Cultural,(iii)(iv),2,DEU,Europe and North America,Europe,,,2013,2010s,12,False,False,558.7,True,1,Cultural Landscape,https://whc.unesco.org/en/list/1413,"Descending a long hill dominated by a giant statue of Hercules, the monumental water displays of Wilhelmshöhe were begun by Landgrave Carl of Hesse-Kassel in 1689 around an east-west axis and were developed further into the 19th century. Reservoirs and channels behind the Hercules Monument supply water to a complex system of hydro-pneumatic devices that supply the site’s large Baroque water theatre, grotto, fountains and 350-metre long Grand Cascade. Beyond this, channels and waterways wind acro"
classical_weimar,Classical Weimar,846,Cultural,(iii),1,DEU,Europe and North America,Europe,,,1998,1990s,27,False,False,0,True,1,Urban,https://whc.unesco.org/en/list/846,"In the late 18th and early 19th centuries the small Thuringian town of Weimar witnessed a remarkable cultural flowering, attracting many writers and scholars, notably Goethe and Schiller. This development is reflected in the high quality of many of the buildings and of the parks in the surrounding area."
cologne_cathedral,Cologne Cathedral,292,Cultural,(i)(ii)(iv),3,DEU,Europe and North America,Europe,,,1996,1990s,29,False,False,,True,1,Cultural Landscape,https://whc.unesco.org/en/list/292,"Begun in 1248, the construction of this Gothic masterpiece took place in several stages and was not completed until 1880. Over seven centuries, successive builders were inspired by the same faith and a spirit of absolute fidelity to the original plans. Apart from its exceptional intrinsic value and the artistic masterpieces it contains, Cologne Cathedral testifies to the enduring strength of European Christianity."
collegiate_church_castle_and_old_town_of_quedlinburg,"Collegiate Church, Castle and Old Town of Quedlinburg",535,Cultural,(iv),1,DEU,Europe and North America,Europe,,,1994,1990s,31,False,False,90,True,2,Urban,https://whc.unesco.org/en/list/535,"Quedlinburg, in the Land of Sachsen-Anhalt, was a capital of the East Franconian German Empire at the time of the Saxonian-Ottonian ruling dynasty. It has been a prosperous trading town since the Middle Ages. The number and high quality of the timber-framed buildings make Quedlinburg an exceptional example of a medieval European town. The Collegiate Church of St Servatius is one of the masterpieces of Romanesque architecture."
garden_kingdom_of_dessau_worlitz,Garden Kingdom of Dessau-Wörlitz,534,Cultural,(ii)(iv),2,DEU,Europe and North America,Europe,,,2000,2000s,25,False,False,11891,True,3,Cultural Landscape,https://whc.unesco.org/en/list/534,"The Garden Kingdom of Dessau-Wörlitz is an exceptional example of landscape design and planning of the Age of the Enlightenment, the 18th century. Its diverse components - outstanding buildings, landscaped parks and gardens in the English style, and subtly modified expanses of agricultural land - serve aesthetic, educational, and economic purposes in an exemplary manner."
jewish_medieval_heritage_of_erfurt,Jewish-Medieval Heritage of Erfurt,1656,Cultural,(iv),1,DEU,Europe and North America,Europe,,,2023,2020s,2,False,False,,True,3,Urban,https://whc.unesco.org/en/list/1656,"Located in the medieval historic centre of Erfurt, the capital city of Thuringia, the property comprises three monuments: the Old Synagogue, the Mikveh, and the Stone House. They illustrate the life of the local Jewish community and its coexistence with a Christian majority in Central Europe during the Middle Ages, between the end of the 11th and the mid-14th century."
margravial_opera_house_bayreuth,Margravial Opera House Bayreuth,1379,Cultural,(i)(iv),2,DEU,Europe and North America,Europe,,,2012,2010s,13,False,False,0.19,True,1,Cultural Landscape,https://whc.unesco.org/en/list/1379,"A masterpiece of Baroque theatre architecture, built between 1745 and 1750, the Opera House is the only entirely preserved example of its type where an audience of 500 can experience Baroque court opera culture and acoustics authentically, as its auditorium retains its original materials, i.e. wood and canvas. Commissioned by Margravine Wilhelmine, wife of Frederick, Margrave of Brandenburg–Bayreuth, it was designed by the renowned theatre architect Giuseppe Galli Bibiena. As a court opera house"
messel_pit_fossil_site,Messel Pit Fossil Site,720,Natural,(viii),1,DEU,Europe and North America,Europe,,,1995,1990s,30,False,False,42,True,1,Natural Landscape,https://whc.unesco.org/en/list/720,"Messel Pit is the richest site in the world for understanding the living environment of the Eocene, between 57 million and 36 million years ago. In particular, it provides unique information about the early stages of the evolution of mammals and includes exceptionally well-preserved mammal fossils, ranging from fully articulated skeletons to the contents of stomachs of animals of this period."
museumsinsel_museum_island_berlin,"Museumsinsel (Museum Island), Berlin",896,Cultural,(ii)(iv),2,DEU,Europe and North America,Europe,,,1999,1990s,26,False,False,8.6,True,1,Urban,https://whc.unesco.org/en/list/896,"The museum as a social phenomenon owes its origins to the Age of Enlightenment in the 18th century. The five museums on the Museumsinsel in Berlin, built between 1824 and 1930, are the realization of a visionary project and show the evolution of approaches to museum design over the course of the 20th century. Each museum was designed so as to establish an organic connection with the art it houses. The importance of the museum's collections – which trace the development of civilizations throughou"
pilgrimage_church_of_wies,Pilgrimage Church of Wies,271,Cultural,(i)(iii),2,DEU,Europe and North America,Europe,,,1983,1980s,42,False,False,0.1,True,1,Mountain,https://whc.unesco.org/en/list/271,"Miraculously preserved in the beautiful setting of an Alpine valley, the Church of Wies (1745–54), the work of architect Dominikus Zimmermann, is a masterpiece of Bavarian Rococo – exuberant, colourful and joyful."
speyer_cathedral,Speyer Cathedral,168,Cultural,(ii),1,DEU,Europe and North America,Europe,,,1981,1980s,44,False,False,0.558,True,1,Cultural Landscape,https://whc.unesco.org/en/list/168,"Speyer Cathedral, a basilica with four towers and two domes, was founded by Conrad II in 1030 and remodelled at the end of the 11th century. It is one of the most important Romanesque monuments from the time of the Holy Roman Empire. The cathedral was the burial place of the German emperors for almost 300 years."
schwerin_residence_ensemble,Schwerin Residence Ensemble,1705,Cultural,(iv),1,DEU,Europe and North America,Europe,,,2024,2020s,1,False,False,2275.77,True,1,Cultural Landscape,https://whc.unesco.org/en/list/1705,"Established on the shores of Lake Schwerin in northeast Germany, the Schwerin Residence Ensemble is an architectural and landscape ensemble, which fits very precisely within the context of the emergence and development of the historicist style in Europe. Created for the most part in the 19th century in what was then the capital of the Grand Duchy of Mecklenburg-Schwerin in northeast Germany, the property comprises 38 elements, including the Grand Duke’s Residence Palace and manor houses, cultura"
town_of_bamberg,Town of Bamberg,624,Cultural,(ii)(iv),2,DEU,Europe and North America,Europe,,,1993,1990s,32,False,False,142,True,1,Urban,https://whc.unesco.org/en/list/624,"From the 10th century onwards, this town became an important link with the Slav peoples, especially those of Poland and Pomerania. During its period of greatest prosperity, from the 12th century onwards, the architecture of Bamberg strongly influenced northern Germany and Hungary. In the late 18th century it was the centre of the Enlightenment in southern Germany, with eminent philosophers and writers such as Hegel and Hoffmann living there."
archaeological_site_of_aigai_modern_name_vergina,Archaeological Site of Aigai (modern name Vergina),780,Cultural,(i)(iii),2,GRC,Europe and North America,Europe,,,1996,1990s,29,False,False,1420.81,True,2,Urban,https://whc.unesco.org/en/list/780,"The city of Aigai, the ancient first capital of the Kingdom of Macedonia, was discovered in the 19th century near Vergina, in northern Greece. The most important remains are the monumental palace, lavishly decorated with mosaics and painted stuccoes, and the burial ground with more than 300 tumuli, some of which date from the 11th century B.C. One of the royal tombs in the Great Tumulus is identified as that of Philip II, who conquered all the Greek cities, paving the way for his son Alexander a"
archaeological_site_of_delphi,Archaeological Site of Delphi,393,Cultural,(i)(ii)(iii)(iv),4,GRC,Europe and North America,Europe,,,1987,1980s,38,False,False,51.04,True,1,Cultural Landscape,https://whc.unesco.org/en/list/393,"The pan-Hellenic sanctuary of Delphi, where the oracle of Apollo spoke, was the site of the omphalos, the 'navel of the world'. Blending harmoniously with the superb landscape and charged with sacred meaning, Delphi in the 6th century B.C. was indeed the religious centre and symbol of unity of the ancient Greek world."
acropolis_athens,"Acropolis, Athens",404,Cultural,(i)(ii)(iii)(iv),4,GRC,Europe and North America,Europe,,,1987,1980s,38,False,False,3.04,True,1,Urban,https://whc.unesco.org/en/list/404,"The Acropolis of Athens and its monuments are universal symbols of the classical spirit and civilization and form the greatest architectural and artistic complex bequeathed by Greek Antiquity to the world. In the second half of the fifth century bc, Athens, following the victory against the Persians and the establishment of democracy, took a leading position amongst the other city-states of the ancient world. In the age that followed, as thought and art flourished, an exceptional group of artist"
asante_traditional_buildings,Asante Traditional Buildings,35,Cultural,(v),1,GHA,Africa,Africa,,,1980,1980s,45,False,False,0,True,1,Cultural Landscape,https://whc.unesco.org/en/list/35,"To the north-east of Kumasi, these are the last material remains of the great Asante civilization, which reached its high point in the 18th century. Since the dwellings are made of earth, wood and straw, they are vulnerable to the onslaught of time and weather."
archaeological_site_of_mystras,Archaeological Site of Mystras,511,Cultural,(ii)(iii)(iv),3,GRC,Europe and North America,Europe,,,1989,1980s,36,False,False,54.43,True,1,Urban,https://whc.unesco.org/en/list/511,"Mystras, the 'wonder of the Morea', was built as an amphitheatre around the fortress erected in 1249 by the prince of Achaia, William of Villehardouin. Reconquered by the Byzantines, then occupied by the Turks and the Venetians, the city was abandoned in 1832, leaving only the breathtaking medieval ruins, standing in a beautiful landscape."
archaeological_site_of_olympia,Archaeological Site of Olympia,517,Cultural,(i)(ii)(iii)(iv),4,GRC,Europe and North America,Europe,,,1989,1980s,36,False,False,105.6,True,1,River/Valley,https://whc.unesco.org/en/list/517,"The site of Olympia, in a valley in the Peloponnesus, has been inhabited since prehistoric times. In the 10th century B.C., Olympia became a centre for the worship of Zeus. The Altis – the sanctuary to the gods – has one of the highest concentrations of masterpieces from the ancient Greek world. In addition to temples, there are the remains of all the sports structures erected for the Olympic Games, which were held in Olympia every four years beginning in 776 B.C."
minoan_palatial_centres,Minoan Palatial Centres,1733,Cultural,(ii)(iii)(iv),3,GRC,Europe and North America,Europe,,,2025,2020s,0,False,False,29.512,True,6,Urban,https://whc.unesco.org/en/list/1733,"This serial property comprises six archaeological sites on Crete dating from 1900 to 1100 BCE. These sites represent the Minoan civilization, a major prehistoric Mediterranean culture. The palatial centres served as administrative, economic, and religious hubs, featuring advanced architecture, urban planning, and vibrant frescoes. They reveal early writing systems, maritime networks, and cultural exchanges. The property highlights the complexity of the Minoans’ social structure and their endurin"
monasteries_of_daphni_hosios_loukas_and_nea_moni_of_chios,"Monasteries of Daphni, Hosios Loukas and Nea Moni of Chios",537,Cultural,(i)(iv),2,GRC,Europe and North America,Europe,,,1990,1990s,35,False,False,3.7,True,3,Coastal,https://whc.unesco.org/en/list/537,"Although geographically distant from each other, these three monasteries (the first is in Attica, near Athens, the second in Phocida near Delphi, and the third on an island in the Aegean Sea, near Asia Minor) belong to the same typological series and share the same aesthetic characteristics. The churches are built on a cross-in-square plan with a large dome supported by squinches defining an octagonal space. In the 11th and 12th centuries they were decorated with superb marble works as well as m"
sanctuary_of_asklepios_at_epidaurus,Sanctuary of Asklepios at Epidaurus,491,Cultural,(i)(ii)(iii)(iv),4,GRC,Europe and North America,Europe,,,1988,1980s,37,False,False,1393.8,True,1,Urban,https://whc.unesco.org/en/list/491,"In a small valley in the Peloponnesus, the shrine of Asklepios, the god of medicine, developed out of a much earlier cult of Apollo (Maleatas), during the 6th century BC at the latest, as the official cult of the city state of Epidaurus. Its principal monuments, particularly the temple of Asklepios, the Tholos and the Theatre - considered one of the purest masterpieces of Greek architecture – date from the 4th century. The vast site, with its temples and hospital buildings devoted to its healing"
paleochristian_and_byzantine_monuments_of_thessalonika,Paleochristian and Byzantine Monuments of Thessalonika,456,Cultural,(i)(ii)(iv),3,GRC,Europe and North America,Europe,,,1988,1980s,37,False,False,5.327,True,15,Coastal,https://whc.unesco.org/en/list/456,"Founded in 315 B.C., the provincial capital and sea port of Thessalonika was one of the first bases for the spread of Christianity. Among its Christian monuments are fine churches, some built on the Greek cross plan and others on the three-nave basilica plan. Constructed over a long period, from the 4th to the 15th century, they constitute a diachronic typological series, which had considerable influence in the Byzantine world. The mosaics of the rotunda, St Demetrius and St David are among the "
old_town_of_corfu,Old Town of Corfu,978,Cultural,(iv),1,GRC,Europe and North America,Europe,,,2007,2000s,18,False,False,70,True,1,Coastal,https://whc.unesco.org/en/list/978,"The Old Town of Corfu, on the Island of Corfu off the western coasts of Albania and Greece, is located in a strategic position at the entrance of the Adriatic Sea, and has its roots in the 8th century BC. The three forts of the town, designed by renowned Venetian engineers, were used for four centuries to defend the maritime trading interests of the Republic of Venice against the Ottoman Empire. In the course of time, the forts were repaired and partly rebuilt several times, more recently under "
national_archaeological_park_takalik_abaj,National Archaeological Park Tak’alik Ab’aj,1663,Cultural,(ii)(iii),2,GTM,Latin America and the Caribbean,Americas,,,2023,2020s,2,False,False,15.38,True,1,Coastal,https://whc.unesco.org/en/list/1663,"Tak’alik Ab’aj is an archaeological site located on the Pacific Coast of Guatemala. Its 1,700-year history spans a period that saw the transition from the Olmec civilization to the emergence of Early Mayan culture. Tak’alik Ab’aj had a primary role in this transition, in part because it was vital to the long-distance trade route that connected the Isthmus of Tehuantepec in today's Mexico to present-day El Salvador. Ideas and customs were shared extensively along this route. Sacred spaces and bui"
antigua_guatemala,Antigua Guatemala,65,Cultural,(ii)(iii)(iv),3,GTM,Latin America and the Caribbean,Americas,,,1979,1970s,46,False,False,0,True,9,Coastal,https://whc.unesco.org/en/list/65,"Antigua, the capital of the Captaincy-General of Guatemala, was founded in the early 16th century. Built 1,500 m above sea-level, in an earthquake-prone region, it was largely destroyed by an earthquake in 1773 but its principal monuments are still preserved as ruins. In the space of under three centuries the city, which was built on a grid pattern inspired by the Italian Renaissance, acquired a number of superb monuments."
vatican_city,Vatican City,286,Cultural,(i)(ii)(iv),3,VAT,Europe and North America,Europe,,,1984,1980s,41,False,False,44,True,1,Urban,https://whc.unesco.org/en/list/286,"The Vatican City, one of the most sacred places in Christendom, attests to a great history and a formidable spiritual venture. A unique collection of artistic and architectural masterpieces lie within the boundaries of this small state. At its centre is St Peter's Basilica, with its double colonnade and a circular piazza in front and bordered by palaces and gardens. The basilica, erected over the tomb of St Peter the Apostle, is the largest religious building in the world, the fruit of the combi"
historic_centre_of_rome_the_properties_of_the_holy_see_in_that_city_enjoying_extraterritorial_rights_and_san_paolo_fuori_le_mura,"Historic Centre of Rome, the Properties of the Holy See in that City Enjoying Extraterritorial Rights and San Paolo Fuori le Mura",91,Cultural,(i)(ii)(iii)(iv),4,"ITA, VAT",Europe and North America,Europe,,,1980,1980s,45,True,False,1469.7,True,3,Urban,https://whc.unesco.org/en/list/91,"Founded, according to legend, by Romulus and Remus in 753 BC, Rome was first the centre of the Roman Republic, then of the Roman Empire, and it became the capital of the Christian world in the 4th century. The World Heritage site, extended in 1990 to the walls of Urban VIII, includes some of the major monuments of antiquity such as the Forums, the Mausoleum of Augustus, the Mausoleum of Hadrian, the Pantheon, Trajan’s Column and the Column of Marcus Aurelius, as well as the religious and public "
early_christian_necropolis_of_pecs_sopianae,Early Christian Necropolis of Pécs (Sopianae),853,Cultural,(iii)(iv),2,HUN,Europe and North America,Europe,,,2000,2000s,25,False,False,3.76,True,1,Urban,https://whc.unesco.org/en/list/853,"In the 4th century, a remarkable series of decorated tombs were constructed in the cemetery of the Roman provincial town of Sopianae (modern Pécs). These are important both structurally and architecturally, since they were built as underground burial chambers with memorial chapels above the ground. The tombs are important also in artistic terms, since they are richly decorated with murals of outstanding quality depicting Christian themes."
caves_of_aggtelek_karst_and_slovak_karst,Caves of Aggtelek Karst and Slovak Karst,725,Natural,(viii),1,"HUN, SVK",Europe and North America,Europe,,,1995,1990s,30,True,False,56650.57,True,7,Natural Landscape,https://whc.unesco.org/en/list/725,"The variety of formations and the fact that they are concentrated in a restricted area means that the 712 caves currently identified make up a typical temperate-zone karstic system. Because they display an extremely rare combination of tropical and glacial climatic effects, they make it possible to study geological history over tens of millions of years."
budapest_including_the_banks_of_the_danube_the_buda_castle_quarter_and_andrassy_avenue,"Budapest, including the Banks of the Danube, the Buda Castle Quarter and Andrássy Avenue",400,Cultural,(ii)(iv),2,HUN,Europe and North America,Europe,,,1987,1980s,38,False,False,473.3,True,2,Urban,https://whc.unesco.org/en/list/400,"This site has the remains of monuments such as the Roman city of Aquincum and the Gothic castle of Buda, which have had a considerable influence on the architecture of various periods. It is one of the world's outstanding urban landscapes and illustrates the great periods in the history of the Hungarian capital."
old_village_of_holloko_and_its_surroundings,Old Village of Hollókő and its Surroundings,401,Cultural,(v),1,HUN,Europe and North America,Europe,,,1987,1980s,38,False,False,144.5,True,1,Cultural Landscape,https://whc.unesco.org/en/list/401,"Hollokö is an outstanding example of a deliberately preserved traditional settlement. This village, which developed mainly during the 17th and 18th centuries, is a living example of rural life before the agricultural revolution of the 20th century."
hortobagy_national_park_the_i_puszta_i,Hortobágy National Park - the <i>Puszta</i>,474,Cultural,(iv)(v),2,HUN,Europe and North America,Europe,,,1999,1990s,26,False,False,74820,True,1,Cultural Landscape,https://whc.unesco.org/en/list/474,"The cultural landscape of the Hortobágy Puszta consists of a vast area of plains and wetlands in eastern Hungary. Traditional forms of land use, such as the grazing of domestic animals, have been present in this pastoral society for more than two millennia."
surtsey,Surtsey,1267,Natural,(ix),1,ISL,Europe and North America,Europe,,,2008,2000s,17,False,False,3370,True,1,Coastal,https://whc.unesco.org/en/list/1267,"Surtsey, a volcanic island approximately 32 km from the south coast of Iceland, is a new island formed by volcanic eruptions that took place from 1963 to 1967. It is all the more outstanding for having been protected since its birth, providing the world with a pristine natural laboratory. Free from human interference, Surtsey has been producing unique long-term information on the colonisation process of new land by plant and animal life. Since they began studying the island in 1964, scientists h"
ajanta_caves,Ajanta Caves,242,Cultural,(i)(ii)(iii),3,IND,Asia and the Pacific,Unknown,,,1983,1980s,42,False,False,8242,True,1,Cultural Landscape,https://whc.unesco.org/en/list/242,"The first Buddhist cave monuments at Ajanta date from the 2nd and 1st centuries B.C. During the Gupta period (5th and 6th centuries A.D.), many more richly decorated caves were added to the original group. The paintings and sculptures of Ajanta, considered masterpieces of Buddhist religious art, have had a considerable artistic influence."
archaeological_site_of_nalanda_mahavihara_at_nalanda_bihar,"Archaeological Site of Nalanda Mahavihara at Nalanda, Bihar",1502,Cultural,(iv),1,IND,Asia and the Pacific,Unknown,,,2016,2010s,9,False,False,23,True,1,Cultural Landscape,https://whc.unesco.org/en/list/1502,"The Nalanda Mahavihara site is in the State of Bihar, in north-eastern India. It comprises the archaeological remains of a monastic and scholastic institution dating from the 3rd century BCE to the 13th century CE. It includes stupas, shrines, viharas (residential and educational buildings) and important art works in stucco, stone and metal. Nalanda stands out as the most ancient university of the Indian Subcontinent. It engaged in the organized transmission of knowledge over an uninterrupted pe"
buddhist_monuments_at_sanchi,Buddhist Monuments at Sanchi,524,Cultural,(i)(ii)(iii)(iv),4,IND,Asia and the Pacific,Unknown,,,1989,1980s,36,False,False,0,True,1,Cultural Landscape,https://whc.unesco.org/en/list/524,"On a hill overlooking the plain and about 40 km from Bhopal, the site of Sanchi comprises a group of Buddhist monuments (monolithic pillars, palaces, temples and monasteries) all in different states of conservation most of which date back to the 2nd and 1st centuries B.C. It is the oldest Buddhist sanctuary in existence and was a major Buddhist centre in India until the 12th century A.D."
churches_and_convents_of_goa,Churches and Convents of Goa,234,Cultural,(ii)(iv),2,IND,Asia and the Pacific,Unknown,,,1986,1980s,39,False,False,0,True,1,Cultural Landscape,https://whc.unesco.org/en/list/234,"The churches and convents of Goa, the former capital of the Portuguese Indies – particularly the Church of Bom Jesus, which contains the tomb of St Francis-Xavier – illustrate the evangelization of Asia. These monuments were influential in spreading forms of Manueline, Mannerist and Baroque art in all the countries of Asia where missions were established."
dholavira_a_harappan_city,Dholavira: a Harappan City,1645,Cultural,(iii)(iv),2,IND,Asia and the Pacific,Unknown,,,2021,2020s,4,False,False,103,True,1,Coastal,https://whc.unesco.org/en/list/1645,"The ancient city of Dholavira, the southern centre of the Harappan Civilization, is sited on the arid island of Khadir in the State of Gujarat. Occupied between ca. 3000-1500 BCE, the archaeological site, one of the best preserved urban settlements from the period in Southeast Asia, comprises a fortified city and a cemetery. Two seasonal streams provided water, a scarce resource in the region, to the walled city which comprises a heavily fortified castle and ceremonial ground as well as streets "
great_living_chola_temples,Great Living Chola Temples,250,Cultural,(ii)(iii),2,IND,Asia and the Pacific,Unknown,,,1987,1980s,38,False,False,21.74,False,3,Coastal,https://whc.unesco.org/en/list/250,"The Great Living Chola Temples were built by kings of the Chola Empire, which stretched over all of south India and the neighbouring islands. The site includes three great 11th- and 12th-century Temples: the Brihadisvara Temple at Thanjavur, the Brihadisvara Temple at Gangaikondacholisvaram and the Airavatesvara Temple at Darasuram. The Temple of Gangaikondacholisvaram, built by Rajendra I, was completed in 1035. Its 53-m vimana (sanctum tower) has recessed corners and a graceful upward curving "
fatehpur_sikri,Fatehpur Sikri,255,Cultural,(ii)(iii)(iv),3,IND,Asia and the Pacific,Unknown,,,1986,1980s,39,False,False,0,True,1,Urban,https://whc.unesco.org/en/list/255,"Built during the second half of the 16th century by the Emperor Akbar, Fatehpur Sikri (the City of Victory) was the capital of the Mughal Empire for only some 10 years. The complex of monuments and temples, all in a uniform architectural style, includes one of the largest mosques in India, the Jama Masjid."
group_of_monuments_at_hampi,Group of Monuments at Hampi,241,Cultural,(i)(iii)(iv),3,IND,Asia and the Pacific,Unknown,,,1986,1980s,39,False,False,4187.24,True,1,Urban,https://whc.unesco.org/en/list/241,"The austere, grandiose site of Hampi was the last capital of the last great Hindu Kingdom of Vijayanagar. Its fabulously rich princes built Dravidian temples and palaces which won the admiration of travellers between the 14th and 16th centuries. Conquered by the Deccan Muslim confederacy in 1565, the city was pillaged over a period of six months before being abandoned."
humayun_s_tomb_delhi,"Humayun's Tomb, Delhi",232,Cultural,(ii)(iv),2,IND,Asia and the Pacific,Unknown,,,1993,1990s,32,False,False,27.04,True,1,Cultural Landscape,https://whc.unesco.org/en/list/232,"This tomb, built in 1570, is of particular cultural significance as it was the first garden-tomb on the Indian subcontinent. It inspired several major architectural innovations, culminating in the construction of the Taj Mahal."
khajuraho_group_of_monuments,Khajuraho Group of Monuments,240,Cultural,(i)(iii),2,IND,Asia and the Pacific,Unknown,,,1986,1980s,39,False,False,0,True,15,Cultural Landscape,https://whc.unesco.org/en/list/240,"The temples at Khajuraho were built during the Chandella dynasty, which reached its apogee between 950 and 1050. Only about 20 temples remain; they fall into three distinct groups and belong to two different religions – Hinduism and Jainism. They strike a perfect balance between architecture and sculpture. The Temple of Kandariya is decorated with a profusion of sculptures that are among the greatest masterpieces of Indian art."
maratha_military_landscapes_of_india,Maratha Military Landscapes of India,1739,Cultural,(iv),1,IND,Asia and the Pacific,Unknown,,,2025,2020s,0,False,False,1577.63,True,12,Mountain,https://whc.unesco.org/en/list/1739,"The property includes twelve major fortifications, mostly in Maharashtra State, with one in Tamil Nadu. These forts, such as Raigad, Shivneri, and Sindhudurg, were built, adapted, or expanded by the Marathas between the late 17th and early 19th centuries. Strategically located on coastal and mountainous terrain, they formed a complex defence system supporting Maratha military dominance, trade protection, and territorial control. This network played a key role in the Marathas’ rise as a major pol"
khangchendzonga_national_park,Khangchendzonga National Park,1513,Mixed,(iii)(vii)(x),3,IND,Asia and the Pacific,Unknown,,,2016,2010s,9,False,False,178400,True,1,Mountain,https://whc.unesco.org/en/list/1513,"Located at the heart of the Himalayan range in northern India (State of Sikkim), the Khangchendzonga National Park includes a unique diversity of plains, valleys, lakes, glaciers and spectacular, snow-capped mountains covered with ancient forests, including the world’s third highest peak, Mount Khangchendzonga. Mythological stories are associated with this mountain and with a great number of natural elements (caves, rivers, lakes, etc.) that are the object of worship by the indigenous people of "
victorian_gothic_and_art_deco_ensembles_of_mumbai,Victorian Gothic and Art Deco Ensembles of Mumbai,1480,Cultural,(ii)(iv),2,IND,Asia and the Pacific,Unknown,,,2018,2010s,7,False,False,66.34,True,1,Urban,https://whc.unesco.org/en/list/1480,"Having become a global trading centre, the city of Mumbai implemented an ambitious urban planning project in the second half of the 19th century. It led to the construction of ensembles of public buildings bordering the Oval Maidan open space, first in the Victorian Neo-Gothic style and then, in the early 20th century, in the Art Deco idiom. The Victorian ensemble includes Indian elements suited to the climate, including balconies and verandas. The Art Deco edifices, with their cinemas and resid"
borobudur_temple_compounds,Borobudur Temple Compounds,592,Cultural,(i)(ii),2,IDN,Asia and the Pacific,Unknown,,,1991,1990s,34,False,False,25.51,True,3,Cultural Landscape,https://whc.unesco.org/en/list/592,"This famous Buddhist temple, dating from the 8th and 9th centuries, is located in central Java. It was built in three tiers: a pyramidal base with five concentric square terraces, the trunk of a cone with three circular platforms and, at the top, a monumental stupa. The walls and balustrades are decorated with fine low reliefs, covering a total surface area of 2,500 m2. Around the circular platforms are 72 openwork stupas, each containing a statue of the Buddha. The monument was restored with UN"
lorentz_national_park,Lorentz National Park,955,Natural,(viii)(ix)(x),3,IDN,Asia and the Pacific,Unknown,,,1999,1990s,26,False,False,2350000,False,1,Mountain,https://whc.unesco.org/en/list/955,"Lorentz National Park (2.35 million ha) is the largest protected area in South-East Asia. It is the only protected area in the world to incorporate a continuous, intact transect from snowcap to tropical marine environment, including extensive lowland wetlands. Located at the meeting-point of two colliding continental plates, the area has a complex geology with ongoing mountain formation as well as major sculpting by glaciation. The area also contains fossil sites which provide evidence of the ev"
ujung_kulon_national_park,Ujung Kulon National Park,608,Natural,(vii)(x),2,IDN,Asia and the Pacific,Unknown,,,1991,1990s,34,False,False,78525,True,5,Coastal,https://whc.unesco.org/en/list/608,"This national park, located in the extreme south-western tip of Java on the Sunda shelf, includes the Ujung Kulon peninsula and several offshore islands and encompasses the natural reserve of Krakatoa. In addition to its natural beauty and geological interest – particularly for the study of inland volcanoes – it contains the largest remaining area of lowland rainforests in the Java plain. Several species of endangered plants and animals can be found there, the Javan rhinoceros being the most ser"
historic_city_of_yazd,Historic City of Yazd,1544,Cultural,(iii)(v),2,IRN,Asia and the Pacific,Unknown,,,2017,2010s,8,False,False,195.67,True,3,Desert,https://whc.unesco.org/en/list/1544,"The City of Yazd is located in the middle of the Iranian plateau, 270 km southeast of Isfahan, close to the Spice and Silk Roads. It bears living testimony to the use of limited resources for survival in the desert. Water is supplied to the city through a qanat system developed to draw underground water. The earthen architecture of Yazd has escaped the modernization that destroyed many traditional earthen towns, retaining its traditional districts, the qanat system, traditional houses, bazars, h"
persepolis,Persepolis,114,Cultural,(i)(iii),2,IRN,Asia and the Pacific,Unknown,,,1979,1970s,46,False,False,12.5,True,1,Cultural Landscape,https://whc.unesco.org/en/list/114,"Founded by Darius I in 518 B.C., Persepolis was the capital of the Achaemenid Empire. It was built on an immense half-artificial, half-natural terrace, where the king of kings created an impressive palace complex inspired by Mesopotamian models. The importance and quality of the monumental ruins make it a unique archaeological site."
shushtar_historical_hydraulic_system,Shushtar Historical Hydraulic System,1315,Cultural,(i)(ii)(v),3,IRN,Asia and the Pacific,Unknown,,,2009,2000s,16,False,False,240.4152,True,1,Urban,https://whc.unesco.org/en/list/1315,"Shushtar, Historical Hydraulic System, inscribed as a masterpiece of creative genius, can be traced back to Darius the Great in the 5th century B.C. It involved the creation of two main diversion canals on the river Kârun one of which, Gargar canal, is still in use providing water to the city of Shushtar via a series of tunnels that supply water to mills. It forms a spectacular cliff from which water cascades into a downstream basin. It then enters the plain situated south of the city where it h"
sassanid_archaeological_landscape_of_fars_region,Sassanid Archaeological Landscape of Fars Region,1568,Cultural,(ii)(iii)(v),3,IRN,Asia and the Pacific,Unknown,,,2018,2010s,7,False,False,639.3,True,8,Urban,https://whc.unesco.org/en/list/1568,"The eight archaeological sites situated in three geographical areas in the southeast of Fars Province: Firuzabad, Bishapur and Sarvestan. The fortified structures, palaces and city plans date back to the earliest and latest times of the Sassanian Empire, which stretched across the region from 224 to 658 CE. Among these sites is the capital built by the founder of the dynasty, Ardashir Papakan, as well as a city and architectural structures of his successor, Shapur I. The archaeological landscape"
susa,Susa,1455,Cultural,(i)(ii)(iii)(iv),4,IRN,Asia and the Pacific,Unknown,,,2015,2010s,10,False,False,350,True,2,Mountain,https://whc.unesco.org/en/list/1455,"Located in the south-west of Iran, in the lower Zagros Mountains, the property encompasses a group of archaeological mounds rising on the eastern side of the Shavur River, as well as Ardeshir’s palace, on the opposite bank of the river. The excavated architectural monuments include administrative, residential and palatial structures. Susa contains several layers of superimposed urban settlements in a continuous succession from the late 5th millennium BCE until the 13th century CE. The site bears"
tchogha_zanbil,Tchogha Zanbil,113,Cultural,(iii)(iv),2,IRN,Asia and the Pacific,Unknown,,,1979,1970s,46,False,False,0,True,1,Urban,https://whc.unesco.org/en/list/113,"The ruins of the holy city of the Kingdom of Elam, surrounded by three huge concentric walls, are found at Tchogha Zanbil. Founded c. 1250 B.C., the city remained unfinished after it was invaded by Ashurbanipal, as shown by the thousands of unused bricks left at the site."
takht_e_soleyman,Takht-e Soleyman,1077,Cultural,(i)(ii)(iii)(iv),4,IRN,Asia and the Pacific,Unknown,,,2003,2000s,22,False,False,10,True,1,Mountain,https://whc.unesco.org/en/list/1077,"The archaeological site of Takht-e Soleyman, in north-western Iran, is situated in a valley set in a volcanic mountain region. The site includes the principal Zoroastrian sanctuary partly rebuilt in the Ilkhanid (Mongol) period (13th century) as well as a temple of the Sasanian period (6th and 7th centuries) dedicated to Anahita. The site has important symbolic significance. The designs of the fire temple, the palace and the general layout have strongly influenced the development of Islamic arch"
babylon,Babylon,278,Cultural,(iii),1,IRQ,Arab States,Asia,,,2019,2010s,6,False,False,1054.3,True,1,Coastal,https://whc.unesco.org/en/list/278,"Situated 85 km south of Baghdad, the property includes the ruins of the city which, between 626 and 539 BCE, was the capital of the Neo-Babylonian Empire. It includes villages and agricultural areas surrounding the ancient city. Its remains, outer and inner city walls, gates, palaces and temples, are a unique testimony to one of the most influential empires of the ancient world. Seat of successive empires, under rulers such as Hammurabi and Nebuchadnezzar, Babylon represents the expression of th"
erbil_citadel,Erbil Citadel,1437,Cultural,(iv),1,IRQ,Arab States,Asia,,,2014,2010s,11,False,False,15.6,True,1,Urban,https://whc.unesco.org/en/list/1437,"Erbil Citadel is a fortified settlement on top of an imposing ovoid-shaped tell (a hill created by many generations of people living and rebuilding on the same spot) in the Kurdistan region, Erbil Governorate. A continuous wall of tall 19th-century façades still conveys the visual impression of an impregnable fortress, dominating the city of Erbil. The citadel features a peculiar fan-like pattern dating back to Erbil’s late Ottoman phase. Written and iconographic historical records document the "
bru_na_boinne_archaeological_ensemble_of_the_bend_of_the_boyne,Brú na Bóinne - Archaeological Ensemble of the Bend of the Boyne,659,Cultural,(i)(iii)(iv),3,IRL,Europe and North America,Europe,,,1993,1990s,32,False,False,770,True,1,River/Valley,https://whc.unesco.org/en/list/659,"The three main prehistoric sites of the Brú na Bóinne Complex, Newgrange, Knowth and Dowth, are situated on the north bank of the River Boyne 50 km north of Dublin. This is Europe's largest and most important concentration of prehistoric megalithic art. The monuments there had social, economic, religious and funerary functions."
bahai_holy_places_in_haifa_and_the_western_galilee,Bahá’i Holy Places in Haifa and the Western Galilee,1220,Cultural,(iii),1,ISR,Europe and North America,Europe,,,2008,2000s,17,False,False,62.58,True,11,Cultural Landscape,https://whc.unesco.org/en/list/1220,"The Bahá’i Holy Places in Haifa and Western Galilee are inscribed for their profound spiritual meaning and the testimony they bear to the strong tradition of pilgrimage in the Bahá’i faith. The property includes the two most holy places in the Bahá’í religion associated with the founders, the Shrine of Bahá’u’lláh in Acre and the Shrine of the Báb in Haifa, together with their surrounding gardens, associated buildings and monuments. These two shrines are part of a larger complex of buildings, mo"
masada,Masada,1040,Cultural,(iii)(iv),2,ISR,Europe and North America,Europe,,,2001,2000s,24,False,False,276,True,1,Coastal,https://whc.unesco.org/en/list/1040,"Masada is a rugged natural fortress, of majestic beauty, in the Judaean Desert overlooking the Dead Sea. It is a symbol of the ancient kingdom of Israel, its violent destruction and the last stand of Jewish patriots in the face of the Roman army, in 73 A.D. It was built as a palace complex, in the classic style of the early Roman Empire, by Herod the Great, King of Judaea, (reigned 37 – 4 B.C.). The camps, fortifications and attack ramp that encircle the monument constitute the most complete Rom"
sites_of_human_evolution_at_mount_carmel_the_nahal_mearot_wadi_el_mughara_caves,Sites of Human Evolution at Mount Carmel: The Nahal Me’arot / Wadi el-Mughara Caves,1393,Cultural,(iii)(v),2,ISR,Europe and North America,Europe,,,2012,2010s,13,False,False,54,True,1,Coastal,https://whc.unesco.org/en/list/1393,"Situated on the western slopes of the Mount Carmel range, the site includes the caves of Tabun, Jamal, el-Wad and Skhul. Ninety years of archaeological research have revealed a cultural sequence of unparalleled duration, providing an archive of early human life in south-west Asia. This 54 ha property contains cultural deposits representing at least 500,000 years of human evolution demonstrating the unique existence of both Neanderthals andEarly Anatomically Modern Humans within the same Middle P"
old_city_of_acre,Old City of Acre,1042,Cultural,(ii)(iii)(v),3,ISR,Europe and North America,Europe,,,2001,2000s,24,False,False,63.3,True,1,Urban,https://whc.unesco.org/en/list/1042,"Acre is a historic walled port-city with continuous settlement from the Phoenician period. The present city is characteristic of a fortified town dating from the Ottoman 18th and 19th centuries, with typical urban components such as the citadel, mosques, khans and baths. The remains of the Crusader town, dating from 1104 to 1291, lie almost intact, both above and below today's street level, providing an exceptional picture of the layout and structures of the capital of the medieval Crusader king"
arab_norman_palermo_and_the_cathedral_churches_of_cefalu_and_monreale,Arab-Norman Palermo and the Cathedral Churches of Cefalú and Monreale,1487,Cultural,(ii)(iv),2,ITA,Europe and North America,Europe,,,2015,2010s,10,False,False,6.235,True,9,Coastal,https://whc.unesco.org/en/list/1487,"Located on the northern coast of Sicily, Arab-Norman Palermo includes a series of nine civil and religious structures dating from the era of the Norman kingdom of Sicily (1130-1194): two palaces, three churches, a cathedral, a bridge, as well as the cathedrals of Cefalú and Monreale. Collectively, they are an example of a social-cultural syncretism between Western, Islamic and Byzantine cultures on the island which gave rise to new concepts of space, structure and decoration. They also bear test"
archaeological_area_and_the_patriarchal_basilica_of_aquileia,Archaeological Area and the Patriarchal Basilica of Aquileia,825,Cultural,(iii)(iv),2,ITA,Europe and North America,Europe,,,1998,1990s,27,False,False,155.43,True,1,Cultural Landscape,https://whc.unesco.org/en/list/825,"Aquileia (in Friuli-Venezia Giulia), one of the largest and wealthiest cities of the Early Roman Empire, was destroyed by Attila in the mid-5th century. Most of it still lies unexcavated beneath the fields, and as such it constitutes the greatest archaeological reserve of its kind. The patriarchal basilica, an outstanding building with an exceptional mosaic pavement, played a key role in the evangelization of a large region of central Europe."
the_porticoes_of_bologna,The Porticoes of Bologna,1650,Cultural,(iv),1,ITA,Europe and North America,Europe,,,2021,2020s,4,False,False,52.18,True,12,Urban,https://whc.unesco.org/en/list/1650,"The serial property comprises twelve component parts consisting of ensembles of porticoes and their surrounding built areas, located within the Municipality of Bologna from the 12th century to the present. These portico ensembles are considered to be the most representative among city’s porticoes, which cover a total stretch of 62 km. Some of the porticoes are built of wood, others of stone or brick, as well as reinforced concrete, covering roads, squares, paths and walkways, either on one or bo"
archaeological_area_of_agrigento,Archaeological Area of Agrigento,831,Cultural,(i)(ii)(iii)(iv),4,ITA,Europe and North America,Europe,,,1997,1990s,28,False,False,934,True,1,Urban,https://whc.unesco.org/en/list/831,"Founded as a Greek colony in the 6th century B.C., Agrigento became one of the leading cities in the Mediterranean world. Its supremacy and pride are demonstrated by the remains of the magnificent Doric temples that dominate the ancient town, much of which still lies intact under today's fields and orchards. Selected excavated areas throw light on the later Hellenistic and Roman town and the burial practices of its early Christian inhabitants."
castel_del_monte,Castel del Monte,398,Cultural,(i)(ii)(iii),3,ITA,Europe and North America,Europe,,,1996,1990s,29,False,False,3.1,True,1,Cultural Landscape,https://whc.unesco.org/en/list/398,"When the Emperor Frederick II built this castle near Bari in the 13th century, he imbued it with symbolic significance, as reflected in the location, the mathematical and astronomical precision of the layout and the perfectly regular shape. A unique piece of medieval military architecture, Castel del Monte is a successful blend of elements from classical antiquity, the Islamic Orient and north European Cistercian Gothic."
assisi_the_basilica_of_san_francesco_and_other_franciscan_sites,"Assisi, the Basilica of San Francesco and Other Franciscan Sites",990,Cultural,(i)(ii)(iii)(iv),4,ITA,Europe and North America,Europe,,,2000,2000s,25,False,False,14563.25,True,2,Urban,https://whc.unesco.org/en/list/990,"Assisi, a medieval city built on a hill, is the birthplace of Saint Francis, closely associated with the work of the Franciscan Order. Its medieval art masterpieces, such as the Basilica of San Francesco and paintings by Cimabue, Pietro Lorenzetti, Simone Martini and Giotto, have made Assisi a fundamental reference point for the development of Italian and European art and architecture."
city_of_vicenza_and_the_palladian_villas_of_the_veneto,City of Vicenza and the Palladian Villas of the Veneto,712,Cultural,(i)(ii),2,ITA,Europe and North America,Europe,,,1994,1990s,31,False,False,333.87,True,25,Urban,https://whc.unesco.org/en/list/712,"Founded in the 2nd century B.C. in northern Italy, Vicenza prospered under Venetian rule from the early 15th to the end of the 18th century. The work of Andrea Palladio (1508–80), based on a detailed study of classical Roman architecture, gives the city its unique appearance. Palladio's urban buildings, as well as his villas, scattered throughout the Veneto region, had a decisive influence on the development of architecture. His work inspired a distinct architectural style known as Palladian, wh"
evaporitic_karst_and_caves_of_northern_apennines,Evaporitic Karst and Caves of Northern Apennines,1692,Natural,(viii),1,ITA,Europe and North America,Europe,,,2023,2020s,2,False,False,3680,True,9,Natural Landscape,https://whc.unesco.org/en/list/1692,"This serial property is an unusually well-preserved and extensive epigenic gypsum karst terrain. It includes a very high density of caves: over 900 caves in a relatively small area, with over 100 km of caves in total. It is the first and the best studied evaporitic karst in the world, with academic work beginning in the 16th century. It also includes some of the deepest gypsum caves in existence, reaching 265 meters below the surface."
early_christian_monuments_of_ravenna,Early Christian Monuments of Ravenna,788,Cultural,(i)(ii)(iii)(iv),4,ITA,Europe and North America,Europe,,,1996,1990s,29,False,False,1.32,True,8,Coastal,https://whc.unesco.org/en/list/788,"Ravenna was the seat of the Roman Empire in the 5th century and then of Byzantine Italy until the 8th century. It has a unique collection of early Christian mosaics and monuments. All eight buildings – the Mausoleum of Galla Placidia, the Neonian Baptistery, the Basilica of Sant'Apollinare Nuovo, the Arian Baptistery, the Archiepiscopal Chapel, the Mausoleum of Theodoric, the Church of San Vitale and the Basilica of Sant'Apollinare in Classe – were constructed in the 5th and 6th centuries. They "
historic_centre_of_siena,Historic Centre of Siena,717,Cultural,(i)(ii)(iv),3,ITA,Europe and North America,Europe,,,1995,1990s,30,False,False,170,True,1,Urban,https://whc.unesco.org/en/list/717,"Siena is the embodiment of a medieval city. Its inhabitants pursued their rivalry with Florence right into the area of urban planning. Throughout the centuries, they preserved their city's Gothic appearance, acquired between the 12th and 15th centuries. During this period the work of Duccio, the Lorenzetti brothers and Simone Martini was to influence the course of Italian and, more broadly, European art. The whole city of Siena, built around the Piazza del Campo, was devised as a work of art tha"
paduas_fourteenth_century_fresco_cycles,Padua’s fourteenth-century fresco cycles,1623,Cultural,(ii),1,ITA,Europe and North America,Europe,,,2021,2020s,4,False,False,19.96,True,4,Urban,https://whc.unesco.org/en/list/1623,"This property is composed of eight religious and secular building complexes, within the historic walled city of Padua, which house a selection of fresco cycles painted between 1302 and 1397 by different artists for different types of patron and within buildings of diverse functions. Nevertheless, the frescos maintain a unity of style and content. They include Giotto’s Scrovegni Chapel fresco cycle, considered to have marked the beginning of a revolutionary development in the history of mural pai"
monte_san_giorgio,Monte San Giorgio,1090,Natural,(viii),1,"ITA, CHE",Europe and North America,Europe,,,2003,2000s,22,True,False,1089.34,True,1,Mountain,https://whc.unesco.org/en/list/1090,"The pyramid-shaped, wooded mountain of Monte San Giorgio beside Lake Lugano is regarded as the best fossil record of marine life from the Triassic Period (245–230 million years ago). The sequence records life in a tropical lagoon environment, sheltered and partially separated from the open sea by an offshore reef. Diverse marine life flourished within this lagoon, including reptiles, fish, bivalves, ammonites, echinoderms and crustaceans. Because the lagoon was near land, the remains also includ"
rhaetian_railway_in_the_albula_bernina_landscapes,Rhaetian Railway in the Albula / Bernina Landscapes,1276,Cultural,(ii)(iv),2,"ITA, CHE",Europe and North America,Europe,,,2008,2000s,17,True,False,152.42,True,1,Mountain,https://whc.unesco.org/en/list/1276,"Rhaetian Railway in the Albula / Bernina Landscapes, brings together two historic railway lines that cross the Swiss Alps through two passes. Opened in 1904, the Albula line in the north western part of the property is 67 km long. It features an impressive set of structures including 42 tunnels and covered galleries and 144 viaducts and bridges. The 61 km Bernina pass line features 13 tunnels and galleries and 52 viaducts and bridges. The property is exemplary of the use of the railway to overco"
the_sassi_and_the_park_of_the_rupestrian_churches_of_matera,The Sassi and the Park of the Rupestrian Churches of Matera,670,Cultural,(iii)(iv)(v),3,ITA,Europe and North America,Europe,,,1993,1990s,32,False,False,1016,True,1,Cultural Landscape,https://whc.unesco.org/en/list/670,"This is the most outstanding, intact example of a troglodyte settlement in the Mediterranean region, perfectly adapted to its terrain and ecosystem. The first inhabited zone dates from the Palaeolithic, while later settlements illustrate a number of significant stages in human history. Matera is in the southern region of Basilicata."
villa_romana_del_casale,Villa Romana del Casale,832,Cultural,(i)(ii)(iii),3,ITA,Europe and North America,Europe,,,1997,1990s,28,False,False,8.92,True,1,Cultural Landscape,https://whc.unesco.org/en/list/832,"Roman exploitation of the countryside is symbolized by the Villa Romana del Casale (in Sicily), the centre of the large estate upon which the rural economy of the Western Empire was based. The villa is one of the most luxurious of its kind. It is especially noteworthy for the richness and quality of the mosaics which decorate almost every room; they are the finest mosaics in situ anywhere in the Roman world."
villa_adriana_tivoli,Villa Adriana (Tivoli),907,Cultural,(i)(ii)(iii),3,ITA,Europe and North America,Europe,,,1999,1990s,26,False,False,80,True,1,Urban,https://whc.unesco.org/en/list/907,"The Villa Adriana (at Tivoli, near Rome) is an exceptional complex of classical buildings created in the 2nd century A.D. by the Roman emperor Hadrian. It combines the best elements of the architectural heritage of Egypt, Greece and Rome in the form of an 'ideal city'."
amami_oshima_island_tokunoshima_island_northern_part_of_okinawa_island_and_iriomote_island,"Amami-Oshima Island, Tokunoshima Island, Northern part of Okinawa Island, and Iriomote Island",1574,Natural,(x),1,JPN,Asia and the Pacific,Unknown,,,2021,2020s,4,False,False,42698,True,5,Coastal,https://whc.unesco.org/en/list/1574,"Encompassing 42,698 hectares of subtropical rainforests on four islands on a chain located in the southwest of Japan, the serial site forms an arc on the boundary of the East China Sea and Philippine Sea whose highest point, Mount Yuwandake on Amami-Oshima Island, rises 694 metres above sea level. Entirely uninhabited by humans, the site has high biodiversity value with a very high percentage of endemic species, many of them globally threatened. The site is home to endemic plants, mammals, birds"
blue_and_john_crow_mountains,Blue and John Crow Mountains,1356,Mixed,(iii)(x),2,JAM,Latin America and the Caribbean,Americas,,,2015,2010s,10,False,False,26251.6,True,1,Mountain,https://whc.unesco.org/en/list/1356,"The site encompasses a rugged and extensively forested mountainous region in the south-east of Jamaica, which provided refuge first for the indigenous Tainos fleeing slavery and then for Maroons (former enslaved peoples). They resisted the European colonial system in this isolated region by establishing a network of trails, hiding places and settlements, which form the Nanny Town Heritage Route. The forests offered the Maroons everything they needed for their survival. They developed strong spir"
hiraizumi_temples_gardens_and_archaeological_sites_representing_the_buddhist_pure_land,"Hiraizumi – Temples, Gardens and Archaeological Sites Representing the Buddhist Pure Land",1277,Cultural,(ii),1,JPN,Asia and the Pacific,Unknown,,,2011,2010s,14,False,False,176.2,True,5,Cultural Landscape,https://whc.unesco.org/en/list/1277,"Hiraizumi - Temples, Gardens and Archaeological Sites Representing the Buddhist Pure Land comprises five sites, including the sacred Mount Kinkeisan. It features vestiges of government offices dating from the 11th and 12th centuries when Hiraizumi was the administrative centre of the northern realm of Japan and rivalled Kyoto. The realm was based on the cosmology of Pure Land Buddhism, which spread to Japan in the 8th century. It represented the pure land of Buddha that people aspire to after de"
historic_villages_of_shirakawa_go_and_gokayama,Historic Villages of Shirakawa-go and Gokayama,734,Cultural,(iv)(v),2,JPN,Asia and the Pacific,Unknown,,,1995,1990s,30,False,False,68,True,4,Mountain,https://whc.unesco.org/en/list/734,"Located in a mountainous region that was cut off from the rest of the world for a long period of time, these villages with their Gassho-style houses subsisted on the cultivation of mulberry trees and the rearing of silkworms. The large houses with their steeply pitched thatched roofs are the only examples of their kind in Japan. Despite economic upheavals, the villages of Ogimachi, Ainokura and Suganuma are outstanding examples of a traditional way of life perfectly adapted to the environment an"
sacred_sites_and_pilgrimage_routes_in_the_kii_mountain_range,Sacred Sites and Pilgrimage Routes in the Kii Mountain Range,1142,Cultural,(ii)(iii)(iv),3,JPN,Asia and the Pacific,Unknown,,,2004,2000s,21,False,False,506.4,True,23,Mountain,https://whc.unesco.org/en/list/1142,"Set in the dense forests of the Kii Mountains overlooking the Pacific Ocean, three sacred sites – Yoshino and Omine, Kumano Sanzan, Koyasan – linked by pilgrimage routes to the ancient capital cities of Nara and Kyoto, reflect the fusion of Shinto, rooted in the ancient tradition of nature worship in Japan, and Buddhism, which was introduced from China and the Korean Peninsula. The sites (506.4 ha) and their surrounding forest landscape reflect a persistent and extraordinarily well-documented tr"
petra,Petra,326,Cultural,(i)(iii)(iv),3,JOR,Arab States,Asia,,,1985,1980s,40,False,False,26171,True,1,Mountain,https://whc.unesco.org/en/list/326,"Inhabited since prehistoric times, this Nabataean caravan-city, situated between the Red Sea and the Dead Sea, was an important crossroads between Arabia, Egypt and Syria-Phoenicia. Petra is half-built, half-carved into the rock, and is surrounded by mountains riddled with passages and gorges. It is one of the world's most famous archaeological sites, where ancient Eastern traditions blend with Hellenistic architecture."
mausoleum_of_khoja_ahmed_yasawi,Mausoleum of Khoja Ahmed Yasawi,1103,Cultural,(i)(iii)(iv),3,KAZ,Asia and the Pacific,Unknown,,,2003,2000s,22,False,False,0.55,True,1,Urban,https://whc.unesco.org/en/list/1103,"The Mausoleum of Khoja Ahmed Yasawi, in the town of Yasi, now Turkestan, was built at the time of Timur (Tamerlane), from 1389 to 1405. In this partly unfinished building, Persian master builders experimented with architectural and structural solutions later used in the construction of Samarkand, the capital of the Timurid Empire. Today, it is one of the largest and best-preserved constructions of the Timurid period."
saryarka_steppe_and_lakes_of_northern_kazakhstan,Saryarka – Steppe and Lakes of Northern Kazakhstan,1102,Natural,(ix)(x),2,KAZ,Asia and the Pacific,Unknown,,,2008,2000s,17,False,False,450344,True,5,River/Valley,https://whc.unesco.org/en/list/1102,"Saryarka - Steppe and Lakes of Northern Kazakhstan comprises two protected areas: Naurzum State Nature Reserve and Korgalzhyn State Nature Reserve totalling 450,344 ha. It features wetlands of outstanding importance for migratory water birds, including globally threatened species, among them the extremely rare Siberian white crane, the Dalmatian pelican, Pallas’s fish eagle, to name but a few. These wetlands are key stopover points and crossroads on the Central Asian flyway of birds from Africa,"
petroglyphs_of_the_archaeological_landscape_of_tanbaly,Petroglyphs of the Archaeological Landscape of Tanbaly,1145,Cultural,(iii),1,KAZ,Asia and the Pacific,Unknown,,,2004,2000s,21,False,False,900,True,1,Mountain,https://whc.unesco.org/en/list/1145,"Set around the lush Tanbaly Gorge, amidst the vast, arid Chu-Ili mountains, is a remarkable concentration of some 5,000 petroglyphs (rock carvings) dating from the second half of the second millennium BC to the beginning of the 20th century. Distributed among 48 complexes with associated settlements and burial grounds, they are testimonies to the husbandry, social organization and rituals of pastoral peoples. Human settlements in the site are often multilayered and show occupation through the ag"
phoenix_islands_protected_area,Phoenix Islands Protected Area,1325,Natural,(vii)(ix),2,KIR,Asia and the Pacific,Unknown,,,2010,2010s,15,False,False,40825000,True,1,Coastal,https://whc.unesco.org/en/list/1325,"The Phoenix Island Protected Area (PIPA) is a 408,250 sq.km expanse of marine and terrestrial habitats in the Southern Pacific Ocean. The property encompasses the Phoenix Island Group, one of three island groups in Kiribati, and is the largest designated Marine Protected Area in the world. PIPA conserves one of the world's largest intact oceanic coral archipelago ecosystems, together with 14 known underwater sea mounts (presumed to be extinct volcanoes) and other deep-sea habitats. The area cont"
sacred_mijikenda_kaya_forests,Sacred Mijikenda Kaya Forests,1231,Cultural,(iii)(v),2,KEN,Africa,Africa,,,2008,2000s,17,False,False,1538,True,8,Coastal,https://whc.unesco.org/en/list/1231,"The Mijikenda Kaya Forests consist of 10 separate forest sites spread over some 200 km along the coast containing the remains of numerous fortified villages, known as kayas, of the Mijikenda people. The kayas, created as of the 16th century but abandoned by the 1940s, are now regarded as the abodes of ancestors and are revered as sacred sites and, as such, are maintained as by councils of elders. The site is inscribed as bearing unique testimony to a cultural tradition and for its direct link to"
megalithic_jar_sites_in_xiengkhuang_plain_of_jars,Megalithic Jar Sites in Xiengkhuang – Plain of Jars,1587,Cultural,(iii),1,LAO,Asia and the Pacific,Unknown,,,2019,2010s,6,False,False,174.56,True,15,Cultural Landscape,https://whc.unesco.org/en/list/1587,"The Plain of Jars, located on a plateau in central Laos, gets its name from more than 2,100 tubular-shaped megalithic stone jars used for funerary practices in the Iron Age. This serial property of 15 components contains large carved stone jars, stone discs, secondary burials, tombstones, quarries and funerary objects dating from 500 BCE to 500 CE. The jars and associated elements are the most prominent evidence of the Iron Age civilization that made and used them until it disappeared, around 50"
maloti_drakensberg_park,Maloti-Drakensberg Park,985,Mixed,(i)(iii)(vii)(x),4,"LSO, ZAF",Africa,Africa,,,2000,2000s,25,True,False,249313,True,2,Desert,https://whc.unesco.org/en/list/985,"The Maloti-Drakensberg Park is a transnational property composed of the uKhahlamba Drakensberg National Park in South Africa and the Sehlathebe National Park in Lesotho. The site has exceptional natural beauty in its soaring basaltic buttresses, incisive dramatic cutbacks, and golden sandstone ramparts as well as visually spectacular sculptured arches, caves, cliffs, pillars and rock pools. The site's diversity of habitats protects a high level of endemic and globally important plants. The site "
tyre,Tyre,299,Cultural,(iii),1,LBN,Arab States,Asia,,,1984,1980s,41,False,False,153.8,True,1,Coastal,https://whc.unesco.org/en/list/299,"According to legend, purple dye was invented in Tyre. This great Phoenician city ruled the seas and founded prosperous colonies such as Cadiz and Carthage, but its historical role declined at the end of the Crusades. There are important archaeological remains, mainly from Roman times."
archaeological_site_of_sabratha,Archaeological Site of Sabratha,184,Cultural,(iii),1,LBY,Arab States,Asia,,,1982,1980s,43,False,True,90.534,True,1,Cultural Landscape,https://whc.unesco.org/en/list/184,"A Phoenician trading-post that served as an outlet for the products of the African hinterland, Sabratha was part of the short-lived Numidian Kingdom of Massinissa before being Romanized and rebuilt in the 2nd and 3rd centuries A.D."
archaeological_site_of_leptis_magna,Archaeological Site of Leptis Magna,183,Cultural,(i)(ii)(iii),3,LBY,Arab States,Asia,,,1982,1980s,43,False,True,387.485,True,1,Cultural Landscape,https://whc.unesco.org/en/list/183,"Leptis Magna was enlarged and embellished by Septimius Severus, who was born there and later became emperor. It was one of the most beautiful cities of the Roman Empire, with its imposing public monuments, harbour, market-place, storehouses, shops and residential districts."
andrefana_dry_forests,Andrefana Dry Forests,494,Natural,(vii)(ix)(x),3,MDG,Africa,Africa,,,1990,1990s,35,False,False,734298,True,6,Mountain,https://whc.unesco.org/en/list/494,"This serial property in western Madagascar comprises karstic landscapes and limestone uplands cut into impressive 'tsingy' peaks and a 'forest' of limestone needles, the spectacular canyon of the Manambolo river, rolling hills and high peaks. Undisturbed forests, lakes and mangrove swamps are the habitat for rare and endangered lemurs and birds. The component parts of the property cover almost the full range of ecological and evolutionary variation within the western forests of Madagascar, inclu"
kernave_archaeological_site_cultural_reserve_of_kernave,Kernavė Archaeological Site (Cultural Reserve of Kernavė),1137,Cultural,(iii)(iv),2,LTU,Europe and North America,Europe,,,2004,2000s,21,False,False,194.4,True,1,Urban,https://whc.unesco.org/en/list/1137,"The Kernavė Archaeological site, about 35 km north-west of Vilnius in eastern Lithuania, represents an exceptional testimony to some 10 millennia of human settlements in this region. Situated in the valley of the River Neris, the site is a complex ensemble of archaeological properties, encompassing the town of Kernavė, forts, some unfortified settlements, burial sites and other archaeological, historical and cultural monuments from the late Palaeolithic Period to the Middle Ages. The site of 194"
chongoni_rock_art_area,Chongoni Rock-Art Area,476,Cultural,(iii),1,MWI,Africa,Africa,,,2006,2000s,19,False,False,12640,True,1,Forest,https://whc.unesco.org/en/list/476,"Situated within a cluster of forested granite hills and covering an area of 126.4 km2, high up the plateau of central Malawi, the 127 sites of this area feature the richest concentration of rock art in Central Africa. They reflect the comparatively scarce tradition of farmer rock art, as well as paintings by BaTwa hunter-gatherers who inhabited the area from the late Stone Age. The Chewa agriculturalists, whose ancestors lived there from the late Iron Age, practised rock painting until well into"
lake_malawi_national_park,Lake Malawi National Park,289,Natural,(vii)(ix)(x),3,MWI,Africa,Africa,,,1984,1980s,41,False,False,9400,True,1,Mountain,https://whc.unesco.org/en/list/289,"Located at the southern end of the great expanse of Lake Malawi, with its deep, clear waters and mountain backdrop, the national park is home to many hundreds of fish species, nearly all endemic. Its importance for the study of evolution is comparable to that of the finches of the Galapagos Islands."
forest_research_institute_malaysia_forest_park_selangor,Forest Research Institute Malaysia Forest Park Selangor,1734,Cultural,(iv),1,MYS,Asia and the Pacific,Unknown,,,2025,2020s,0,False,False,589,True,1,Forest,https://whc.unesco.org/en/list/1734,"Located 16 km northwest of Kuala Lumpur, the property is a human-made tropical rainforest established on degraded tin-mining land from the 1920s. It includes scientific, residential, and service buildings, water bodies, and trails. The site represents a pioneering reforestation effort, successfully transforming barren land into a mature lowland tropical forest, showcasing early ecological restoration and sustainable land rehabilitation practices."
kinabalu_park,Kinabalu Park,1012,Natural,(ix)(x),2,MYS,Asia and the Pacific,Unknown,,,2000,2000s,25,False,False,75370,True,1,Mountain,https://whc.unesco.org/en/list/1012,"Kinabalu Park, in the State of Sabah on the northern end of the island of Borneo, is dominated by Mount Kinabalu (4,095 m), the highest mountain between the Himalayas and New Guinea. It has a very wide range of habitats, from rich tropical lowland and hill rainforest to tropical mountain forest, sub-alpine forest and scrub on the higher elevations. It has been designated as a Centre of Plant Diversity for Southeast Asia and is exceptionally rich in species with examples of flora from the Himalay"
melaka_and_george_town_historic_cities_of_the_straits_of_malacca,"Melaka and George Town, Historic Cities of the Straits of Malacca",1223,Cultural,(ii)(iii)(iv),3,MYS,Asia and the Pacific,Unknown,,,2008,2000s,17,False,False,154.68,True,2,Urban,https://whc.unesco.org/en/list/1223,"Melaka and George Town, historic cities of the Straits of Malacca have developed over 500 years of trading and cultural exchanges between East and West in the Straits of Malacca. The influences of Asia and Europe have endowed the towns with a specific multicultural heritage that is both tangible and intangible. With its government buildings, churches, squares and fortifications, Melaka demonstrates the early stages of this history originating in the 15th-century Malay sultanate and the Portugues"
cliff_of_bandiagara_land_of_the_dogons,Cliff of Bandiagara (Land of the Dogons),516,Mixed,(v)(vii),2,MLI,Africa,Africa,,,1989,1980s,36,False,False,327390,True,2,Cultural Landscape,https://whc.unesco.org/en/list/516,"The Bandiagara site is an outstanding landscape of cliffs and sandy plateaux with some beautiful architecture (houses, granaries, altars, sanctuaries and Togu Na, or communal meeting-places). Several age-old social traditions live on in the region (masks, feasts, rituals, and ceremonies involving ancestor worship). The geological, archaeological and ethnological interest, together with the landscape, make the Bandiagara plateau one of West Africa's most impressive sites."
old_towns_of_djenne,Old Towns of Djenné,116,Cultural,(iii)(iv),2,MLI,Africa,Africa,,,1988,1980s,37,False,True,0,True,5,Coastal,https://whc.unesco.org/en/list/116,"Inhabited since 250 B.C., Djenné became a market centre and an important link in the trans-Saharan gold trade. In the 15th and 16th centuries, it was one of the centres for the propagation of Islam. Its traditional houses, of which nearly 2,000 have survived, are built on hillocks (toguere) as protection from the seasonal floods."
hal_saflieni_hypogeum,Ħal Saflieni Hypogeum,130,Cultural,(iii),1,MLT,Europe and North America,Europe,,,1980,1980s,45,False,False,0.13,True,1,Cultural Landscape,https://whc.unesco.org/en/list/130,"The Hypogeum is an enormous subterranean structure excavated c. 2500 B.C., using cyclopean rigging to lift huge blocks of coralline limestone. Perhaps originally a sanctuary, it became a necropolis in prehistoric times."
bikini_atoll_nuclear_test_site,Bikini Atoll Nuclear Test Site,1339,Cultural,(iv),1,MHL,Asia and the Pacific,Unknown,,,2010,2010s,15,False,False,73500,True,1,Coastal,https://whc.unesco.org/en/list/1339,"In the wake of World War II, in a move closely related to the beginnings of the Cold War, the United States of America decided to resume nuclear testing in the Pacific Ocean, on Bikini Atoll in the Marshall archipelago. After the displacement of the local inhabitants, 67 nuclear tests were carried out from 1946 to 1958, including the explosion of the first H-bomb (1952). Bikini Atoll has conserved direct tangible evidence that is highly significant in conveying the power of the nuclear tests, i."
city_of_valletta,City of Valletta,131,Cultural,(i),1,MLT,Europe and North America,Europe,,,1980,1980s,45,False,False,55.5,True,1,Cultural Landscape,https://whc.unesco.org/en/list/131,"The capital of Malta is inextricably linked to the history of the military and charitable Order of St John of Jerusalem. It was ruled successively by the Phoenicians, Greeks, Carthaginians, Romans, Byzantines, Arabs and the Order of the Knights of St John. Valletta’s 320 monuments, all within an area of 55 ha, make it one of the most concentrated historic areas in the world."
aapravasi_ghat,Aapravasi Ghat,1227,Cultural,,0,MUS,Africa,Africa,,,2006,2000s,19,False,False,0.164,True,1,Coastal,https://whc.unesco.org/en/list/1227,"In the district of Port Louis, lies the 1,640 m2 site where the modern indentured labour diaspora began. In 1834, the British Government selected the island of Mauritius to be the first site for what it called ‘the great experiment’ in the use of ‘free’ labour to replace slaves. Between 1834 and 1920, almost half a million indentured labourers arrived from India at Aapravasi Ghat to work in the sugar plantations of Mauritius, or to be transferred to Reunion Island, Australia, southern and easter"
landscape_of_the_pico_island_vineyard_culture,Landscape of the Pico Island Vineyard Culture,1117,Cultural,(iii)(v),2,PRT,Europe and North America,Europe,,,2004,2000s,21,False,False,987,True,3,Coastal,https://whc.unesco.org/en/list/1117,"The 987-ha site on the volcanic island of Pico, the second largest in the Azores archipelago, consists of a remarkable pattern of spaced-out, long linear walls running inland from, and parallel to, the rocky shore. The walls were built to protect the thousands of small, contiguous, rectangular plots (currais) from wind and seawater. Evidence of this viniculture, whose origins date back to the 15th century, is manifest in the extraordinary assembly of the fields, in houses and early 19th-century "
agave_landscape_and_ancient_industrial_facilities_of_tequila,Agave Landscape and Ancient Industrial Facilities of Tequila,1209,Cultural,(ii)(iv)(v),3,MEX,Latin America and the Caribbean,Americas,,,2006,2000s,19,False,False,35018.852,True,2,Urban,https://whc.unesco.org/en/list/1209,"The 34,658 ha site, between the foothills of the Tequila Volcano and the deep valley of the Rio Grande River, is part of an expansive landscape of blue agave, shaped by the culture of the plant used since the 16th century to produce tequila spirit and for at least 2,000 years to make fermented drinks and cloth. Within the landscape are working distilleries reflecting the growth in the international consumption of tequila in the 19th and 20th centuries. Today, the agave culture is seen as part of"
aranjuez_cultural_landscape,Aranjuez Cultural Landscape,1044,Cultural,(ii)(iv),2,ESP,Europe and North America,Europe,,,2001,2000s,24,False,False,2047.5601,True,1,Forest,https://whc.unesco.org/en/list/1044,"The Aranjuez cultural landscape is an entity of complex relationships: between nature and human activity, between sinuous watercourses and geometric landscape design, between the rural and the urban, between forest landscape and the delicately modulated architecture of its palatial buildings. Three hundred years of royal attention to the development and care of this landscape have seen it express an evolution of concepts from humanism and political centralization, to characteristics such as thos"
archaeological_zone_of_paquime_casas_grandes,"Archaeological Zone of Paquimé, Casas Grandes",560,Cultural,(iii)(iv),2,MEX,Latin America and the Caribbean,Americas,,,1998,1990s,27,False,False,146.72,True,1,Cultural Landscape,https://whc.unesco.org/en/list/560,"Paquimé, Casas Grandes, which reached its apogee in the 14th and 15th centuries, played a key role in trade and cultural contacts between the Pueblo culture of the south-western United States and northern Mexico and the more advanced civilizations of Mesoamerica. The extensive remains, only part of which have been excavated, are clear evidence of the vitality of a culture which was perfectly adapted to its physical and economic environment, but which suddenly vanished at the time of the Spanish "
archipielago_de_revillagigedo,Archipiélago de Revillagigedo,1510,Natural,(vii)(ix)(x),3,MEX,Latin America and the Caribbean,Americas,,,2016,2010s,9,False,False,636685.375,True,4,Mountain,https://whc.unesco.org/en/list/1510,"Located in the eastern Pacific Ocean, this archipelago is made up of four remote islands and their surrounding waters: San Benedicto, Socorro, Roca Partida and Clarión. This archipelago is part of a submerged mountain range, with the four islands representing the peaks of volcanoes emerging above sea level. The islands provide critical habitat for a range of wildlife and are of particular importance for seabirds. The surrounding waters have a remarkable abundance of large pelagic species, such a"
el_pinacate_and_gran_desierto_de_altar_biosphere_reserve,El Pinacate and Gran Desierto de Altar Biosphere Reserve,1410,Natural,(vii)(viii)(x),3,MEX,Latin America and the Caribbean,Americas,,,2013,2010s,12,False,False,714566,True,1,Coastal,https://whc.unesco.org/en/list/1410,"The 714,566 hectare site comprises two distinct parts: the dormant volcanic Pinacate Shield of black and red lava flows and desert pavements to the east, and, in the west, the Gran Altar Desert with its ever changing and varied sand dunes that can reach a height of 200 metres. This landscape of dramatic contrast notably features linear, star and dome dunes as well as several arid granite massifs, some as high as 650 metres. The dunes emerge like islands from the sea of sand and harbour distinct "
historic_centre_of_mexico_city_and_xochimilco,Historic Centre of Mexico City and Xochimilco,412,Cultural,(ii)(iii)(iv)(v),4,MEX,Latin America and the Caribbean,Americas,,,1987,1980s,38,False,False,3010.86,True,4,Coastal,https://whc.unesco.org/en/list/412,"Built in the 16th century by the Spanish on the ruins of Tenochtitlan, the old Aztec capital, Mexico City is now one of the world's largest and most densely populated cities. It has five Aztec temples, the ruins of which have been identified, a cathedral (the largest on the continent) and some fine 19th- and 20th-century public buildings such as the Palacio de las Bellas Artes. Xochimilco lies 28 km south of Mexico City. With its network of canals and artificial islands, it testifies to the effo"
historic_centre_of_puebla,Historic Centre of Puebla,416,Cultural,(ii)(iv),2,MEX,Latin America and the Caribbean,Americas,,,1987,1980s,38,False,False,690,True,1,Urban,https://whc.unesco.org/en/list/416,"Puebla, which was founded ex nihilo in 1531, is situated about 100 km east of Mexico City, at the foot of the Popocatepetl volcano. It has preserved its great religious structures such as the 16th–17th-century cathedral and fine buildings like the old archbishop's palace, as well as a host of houses with walls covered in tiles (azulejos). The new aesthetic concepts resulting from the fusion of European and American styles were adopted locally and are peculiar to the Baroque district of Puebla."
historic_centre_of_zacatecas,Historic Centre of Zacatecas,676,Cultural,(ii)(iv),2,MEX,Latin America and the Caribbean,Americas,,,1993,1990s,32,False,False,207.72,True,1,Urban,https://whc.unesco.org/en/list/676,"Founded in 1546 after the discovery of a rich silver lode, Zacatecas reached the height of its prosperity in the 16th and 17th centuries. Built on the steep slopes of a narrow valley, the town has breathtaking views and there are many old buildings, both religious and civil. The cathedral, built between 1730 and 1760, dominates the centre of the town. It is notable for its harmonious design and the Baroque profusion of its façades, where European and indigenous decorative elements are found side"
historic_monuments_zone_of_tlacotalpan,Historic Monuments Zone of Tlacotalpan,862,Cultural,(ii)(iv),2,MEX,Latin America and the Caribbean,Americas,,,1998,1990s,27,False,False,75,True,1,Coastal,https://whc.unesco.org/en/list/862,"Tlacotalpan, a Spanish colonial river port on the Gulf coast of Mexico, was founded in the mid-16th century. It has preserved its original urban fabric to a remarkable degree, with wide streets, colonnaded houses in a profusion of styles and colours, and many mature trees in the public open spaces and private gardens."
historic_town_of_guanajuato_and_adjacent_mines,Historic Town of Guanajuato and Adjacent Mines,482,Cultural,(i)(ii)(iv),3,MEX,Latin America and the Caribbean,Americas,,,1988,1980s,37,False,False,2167.5,True,1,Urban,https://whc.unesco.org/en/list/482,"Founded by the Spanish in the early 16th century, Guanajuato became the world's leading silver-extraction centre in the 18th century. This past can be seen in its 'subterranean streets' and the 'Boca del Inferno', a mineshaft that plunges a breathtaking 600 m. The town's fine Baroque and neoclassical buildings, resulting from the prosperity of the mines, have influenced buildings throughout central Mexico. The churches of La Compañía and La Valenciana are considered to be among the most beautifu"
pre_hispanic_city_and_national_park_of_palenque,Pre-Hispanic City and National Park of Palenque,411,Cultural,(i)(ii)(iii)(iv),4,MEX,Latin America and the Caribbean,Americas,,,1987,1980s,38,False,False,1772,True,1,River/Valley,https://whc.unesco.org/en/list/411,"A prime example of a Mayan sanctuary of the classical period, Palenque was at its height between AD 500 and 700, when its influence extended throughout the basin of the Usumacinta River. The elegance and craftsmanship of the buildings, as well as the lightness of the sculpted reliefs with their Mayan mythological themes, attest to the creative genius of this civilization."
islands_and_protected_areas_of_the_gulf_of_california,Islands and Protected Areas of the Gulf of California,1182,Natural,(vii)(ix)(x),3,MEX,Latin America and the Caribbean,Americas,,,2005,2000s,20,False,True,688558,True,12,Coastal,https://whc.unesco.org/en/list/1182,"The site comprises 244 islands, islets and coastal areas that are located in the Gulf of California in north-eastern Mexico. The Sea of Cortez and its islands have been called a natural laboratory for the investigation of speciation. Moreover, almost all major oceanographic processes occurring in the planet’s oceans are present in the property, giving it extraordinary importance for study. The site is one of striking natural beauty in a dramatic setting formed by rugged islands with high cliffs "
pre_hispanic_city_of_chichen_itza,Pre-Hispanic City of Chichen-Itza,483,Cultural,(i)(ii)(iii),3,MEX,Latin America and the Caribbean,Americas,,,1988,1980s,37,False,False,0,True,1,Urban,https://whc.unesco.org/en/list/483,"This sacred site was one of the greatest Mayan centres of the Yucatán peninsula. Throughout its nearly 1,000-year history, different peoples have left their mark on the city. The Maya and Toltec vision of the world and the universe is revealed in their stone monuments and artistic works. The fusion of Mayan construction techniques with new elements from central Mexico make Chichen-Itza one of the most important examples of the Mayan-Toltec civilization in Yucatán. Several buildings have survived"
protective_town_of_san_miguel_and_the_sanctuary_of_jesus_nazareno_de_atotonilco,Protective town of San Miguel and the Sanctuary of Jesús Nazareno de Atotonilco,1274,Cultural,(ii)(iv),2,MEX,Latin America and the Caribbean,Americas,,,2008,2000s,17,False,False,46.95,True,2,Urban,https://whc.unesco.org/en/list/1274,"The fortified town, first established in the 16th century to protect the Royal Route inland, reached its apogee in the 18th century when many of its outstanding religious and civic buildings were built in the style of the Mexican Baroque. Some of these buildings are masterpieces of the style that evolved in the transition from Baroque to neoclassical. Situated 14 km from the town, the Jesuit sanctuary, also dating from the 18th century, is one of the finest examples of Baroque art and architectu"
crac_des_chevaliers_and_qalat_salah_el_din,Crac des Chevaliers and Qal’at Salah El-Din,1229,Cultural,(ii)(iv),2,SYR,Arab States,Asia,,,2006,2000s,19,False,True,8.87,True,2,Cultural Landscape,https://whc.unesco.org/en/list/1229,"These two castles represent the most significant examples illustrating the exchange of influences and documenting the evolution of fortified architecture in the Near East during the time of the Crusades (11th - 13th centuries). The Crac des Chevaliers was built by the Hospitaller Order of Saint John of Jerusalem from 1142 to 1271. With further construction by the Mamluks in the late 13th century, it ranks among the best-preserved examples of the Crusader castles. The Qal’at Salah El-Din (Fortres"
wixarika_route_through_sacred_sites_to_wirikuta_tatehuari_huajuye,Wixárika Route through Sacred Sites to Wirikuta (Tatehuarí Huajuyé),1704,Cultural,(iii),1,MEX,Latin America and the Caribbean,Americas,,,2025,2020s,0,False,False,135420.64,True,20,Desert,https://whc.unesco.org/en/list/1704,"The Wixárika Route is a serial property of 20 sites, spanning over 500 km across five states in north-central Mexico. This “braid of trails” connects sacred landscapes central to the spiritual and cultural practices of the Wixárika Indigenous Peoples. Beginning in the Huichol Sierra, the route leads to Wirikuta in the Chihuahuan Desert, with additional sacred sites in Nayarit and Durango. Traversing diverse ecological regions, the route supports rituals tied to ancestral deities, agriculture, an"
phu_phrabat_a_testimony_to_the_sima_stone_tradition_of_the_dvaravati_period,"Phu Phrabat, a testimony to the Sīma stone tradition of the Dvaravati period",1507,Cultural,(iii)(v),2,THA,Asia and the Pacific,Unknown,,,2024,2020s,1,False,False,585.955,True,2,Mountain,https://whc.unesco.org/en/list/1507,"The property illustrates the Sīma stone tradition of the Dvaravati period (7th-11th centuries CE). While sacred boundary markers for areas of Theravada Buddhist monastic practice vary in materials, extensive use of stones is found only in the Khorat Plateau region in Southeast Asia. Buddhism’s arrival in the 7th century led to an increase in the erection of Sīma stones throughout the region for over four centuries. The Phu Phrabat Mountain area preserves the largest corpus in the world of in sit"
deer_stone_monuments_and_related_bronze_age_sites,Deer Stone Monuments and Related Bronze Age Sites,1621,Cultural,(i)(iii),2,MNG,Asia and the Pacific,Unknown,,,2023,2020s,2,False,False,9768.87,True,4,Cultural Landscape,https://whc.unesco.org/en/list/1621,"Located on the slopes of the Khangai Ridge in central Mongolia, these deer stones were used for ceremonial and funerary practices. Dating from about 1200 to 600 BCE, they stand up to four metres tall and are set directly in the ground as single standing stones or in groups, and are almost always located in complexes that include large burial mounds called khirgisüürs and sacrificial altars. Covered with highly stylized or representational engravings of stags, deer stones are the most important s"
archaeological_site_of_volubilis,Archaeological Site of Volubilis,836,Cultural,(ii)(iii)(iv),3,MAR,Arab States,Asia,,,1997,1990s,28,False,False,42,True,1,Cultural Landscape,https://whc.unesco.org/en/list/836,"The Mauritanian capital, founded in the 3rd century B.C., became an important outpost of the Roman Empire and was graced with many fine buildings. Extensive remains of these survive in the archaeological site, located in a fertile agricultural area. Volubilis was later briefly to become the capital of Idris I, founder of the Idrisid dynasty, who is buried at nearby Moulay Idris."
uvs_nuur_basin,Uvs Nuur Basin,769,Natural,(ix)(x),2,"MNG, RUS",Asia and the Pacific,Unknown,,,2003,2000s,22,True,False,898063.5,True,12,Mountain,https://whc.unesco.org/en/list/769,"The Uvs Nuur Basin (1,068,853 ha), is the northernmost of the enclosed basins of Central Asia. It takes its name from Uvs Nuur Lake, a large, shallow and very saline lake, important for migrating birds, waterfowl and seabirds. The site is made up of twelve protected areas representing the major biomes of eastern Eurasia. The steppe ecosystem supports a rich diversity of birds and the desert is home to a number of rare gerbil, jerboas and the marbled polecat. The mountains are an important refuge"
natural_and_culturo_historical_region_of_kotor,Natural and Culturo-Historical Region of Kotor,125,Cultural,(i)(ii)(iii)(iv),4,MNE,Europe and North America,Europe,,,1979,1970s,46,False,False,14600,True,1,Coastal,https://whc.unesco.org/en/list/125,"In the Middle Ages, this natural harbour on the Adriatic coast in Montenegro was an important artistic and commercial centre with its own famous schools of masonry and iconography. A large number of the monuments (including four Romanesque churches and the town walls) were seriously damaged by the 1979 earthquake but the town has been restored, largely with UNESCO’s help."
medina_of_marrakesh,Medina of Marrakesh,331,Cultural,(i)(ii)(iv)(v),4,MAR,Arab States,Asia,,,1985,1980s,40,False,False,1107,True,2,Cultural Landscape,https://whc.unesco.org/en/list/331,"Founded in 1070–72 by the Almoravids, Marrakesh remained a political, economic and cultural centre for a long period. Its influence was felt throughout the western Muslim world, from North Africa to Andalusia. It has several impressive monuments dating from that period: the Koutoubiya Mosque, the Kasbah, the battlements, monumental doors, gardens, etc. Later architectural jewels include the Bandiâ Palace, the Ben Youssef Madrasa, the Saadian Tombs, several great residences and Place Jamaâ El Fna"
chitwan_national_park,Chitwan National Park,284,Natural,(vii)(ix)(x),3,NPL,Asia and the Pacific,Unknown,,,1984,1980s,41,False,False,93200,True,1,Natural Landscape,https://whc.unesco.org/en/list/284,"At the foot of the Himalayas, Chitwan is one of the few remaining undisturbed vestiges of the 'Terai' region, which formerly extended over the foothills of India and Nepal. It has a particularly rich flora and fauna. One of the last populations of single-horned Asiatic rhinoceros lives in the park, which is also one of the last refuges of the Bengal tiger."
schokland_and_surroundings,Schokland and Surroundings,739,Cultural,(iii)(v),2,NLD,Europe and North America,Europe,,,1995,1990s,30,False,False,1306,True,1,Coastal,https://whc.unesco.org/en/list/739,"Schokland was a peninsula that by the 15th century had become an island. Occupied and then abandoned as the sea encroached, it had to be evacuated in 1859. But following the draining of the Zuider Zee, it has, since the 1940s, formed part of the land reclaimed from the sea. Schokland has vestiges of human habitation going back to prehistoric times. It symbolizes the heroic, age-old struggle of the people of the Netherlands against the encroachment of the waters."
rock_art_of_alta,Rock Art of Alta,352,Cultural,(iii),1,NOR,Europe and North America,Europe,,,1985,1980s,40,False,False,53.59,True,5,Cultural Landscape,https://whc.unesco.org/en/list/352,"This group of petroglyphs in the Alta Fjord, near the Arctic Circle, bears the traces of a settlement dating from c. 4200 to 500 B.C. The thousands of paintings and engravings add to our understanding of the environment and human activities on the fringes of the Far North in prehistoric times."
bryggen,Bryggen,59,Cultural,(iii),1,NOR,Europe and North America,Europe,,,1979,1970s,46,False,False,1.196,True,2,Coastal,https://whc.unesco.org/en/list/59,"Bryggen, the old wharf of Bergen, is a reminder of the town’s importance as part of the Hanseatic League’s trading empire from the 14th to the mid-16th century. Many fires, the last in 1955, have ravaged the characteristic wooden houses of Bryggen. Its rebuilding has traditionally followed old patterns and methods, thus leaving its main structure preserved, which is a relic of an ancient wooden urban structure once common in Northern Europe. Today, some 62 buildings remain of this former townsca"
rjukan_notodden_industrial_heritage_site,Rjukan-Notodden Industrial Heritage Site,1486,Cultural,(ii)(iv),2,NOR,Europe and North America,Europe,,,2015,2010s,10,False,False,4959.5,True,1,Mountain,https://whc.unesco.org/en/list/1486,"Located in a dramatic landscape of mountains, waterfalls and river valleys, the site comprises hydroelectric power plants, transmission lines, factories, transport systems and towns. The complex was established by the Norsk-Hydro Company to manufacture artificial fertilizer from nitrogen in the air. It was built to meet the Western world’s growing demand for agricultural production in the early 20th century. The company towns of Rjukan and Notodden show workers’ accommodation and social institut"
roros_mining_town_and_the_circumference,Røros Mining Town and the Circumference,55,Cultural,(iii)(iv)(v),3,NOR,Europe and North America,Europe,,,1980,1980s,45,False,False,16510,True,2,Urban,https://whc.unesco.org/en/list/55,"Røros Mining Town and the Circumference is linked to the copper mines, established in the 17th century and exploited for 333 years until 1977. The site comprises the Town and its industrial-rural cultural landscapes; Femundshytta, a smelter with its associated area; and the Winter Transport Route. Completely rebuilt after its destruction by Swedish troops in 1679, Røros contains about 2000 wooden one- and two-storey houses and a smelting house. Many of these buildings have preserved their blacke"
ancient_city_of_qalhat,Ancient City of Qalhat,1537,Cultural,(ii)(iii),2,OMN,Arab States,Asia,,,2018,2010s,7,False,False,75.82,True,1,Coastal,https://whc.unesco.org/en/list/1537,"The property, which is located on the east coast of the Sultanate of Oman, includes the ancient city of Qalhat, surrounded by inner and outer walls, as well as areas beyond the ramparts where necropolises are located. The city developed as a major port on the east coast of Arabia between the 11th and 15th centuries CE, during the reign of the Hormuz princes. The Ancient City bears unique archaeological testimony to the trade links between the east coast of Arabia, East Africa, India, China and S"
bahla_fort,Bahla Fort,433,Cultural,(iv),1,OMN,Arab States,Asia,,,1987,1980s,38,False,False,0,True,1,Cultural Landscape,https://whc.unesco.org/en/list/433,"The oasis of Bahla owes its prosperity to the Banu Nebhan, the dominant tribe in the area from the 12th to the end of the 15th century. The ruins of the immense fort, with its walls and towers of unbaked brick and its stone foundations, is a remarkable example of this type of fortification and attests to the power of the Banu Nebhan."
land_of_frankincense,Land of Frankincense,1010,Cultural,(iii)(iv),2,OMN,Arab States,Asia,,,2000,2000s,25,False,False,849.88,True,4,Cultural Landscape,https://whc.unesco.org/en/list/1010,"The frankincense trees of Wadi Dawkah and the remains of the caravan oasis of Shisr/Wubar and the affiliated ports of Khor Rori and Al-Baleed vividly illustrate the trade in frankincense that flourished in this region for many centuries, as one of the most important trading activities of the ancient and medieval world."
fortifications_on_the_caribbean_side_of_panama_portobelo_san_lorenzo,Fortifications on the Caribbean Side of Panama: Portobelo-San Lorenzo,135,Cultural,(i)(iv),2,PAN,Latin America and the Caribbean,Americas,,,1980,1980s,45,False,True,0,True,2,Coastal,https://whc.unesco.org/en/list/135,"Magnificent examples of 17th- and 18th-century military architecture, these Panamanian forts on the Caribbean coast form part of the defence system built by the Spanish Crown to protect transatlantic trade."
the_colonial_transisthmian_route_of_panama,The Colonial Transisthmian Route of Panamá,1582,Cultural,(ii)(iv),2,PAN,Latin America and the Caribbean,Americas,,,2025,2020s,0,False,False,689.88,True,6,Coastal,https://whc.unesco.org/en/list/1582,"From the 16th century, the isthmus of Panama became a global strategic asset facilitating the transportation of goods and people between the Iberian Peninsula and the colonies of the Kingdom of Spain in America, the archipelago of the Philippines and the Canary Islands. The serial property bears testimony of the crossing of the isthmus including strategic fortified settlements, historic towns, archaeological sites and roads used to connect the Caribbean Sea and the Pacific Ocean until the mid-18"
chankillo_archaeoastronomical_complex,Chankillo Archaeoastronomical Complex,1624,Cultural,(i)(iv),2,PER,Latin America and the Caribbean,Americas,,,2021,2020s,4,False,False,4480,True,2,Coastal,https://whc.unesco.org/en/list/1624,"The Chankillo Archaeoastronomical Complex is a prehistoric site (250-200 BC), located on the north-central coast of Peru, in the Casma Valley, comprising a set of constructions in a desert landscape that, together with natural features, functioned as a calendrical instrument, using the sun to define dates throughout the year. The site includes a triple-walled hilltop complex, known as the Fortified Temple, two building complexes called Observatory and Administrative Centre, a line of 13 cuboidal"
chavin_archaeological_site,Chavin (Archaeological Site),330,Cultural,(iii),1,PER,Latin America and the Caribbean,Americas,,,1985,1980s,40,False,False,14.79,True,1,River/Valley,https://whc.unesco.org/en/list/330,"The archaeological site of Chavin gave its name to the culture that developed between 1500 and 300 B.C. in this high valley of the Peruvian Andes. This former place of worship is one of the earliest and best-known pre-Columbian sites. Its appearance is striking, with the complex of terraces and squares, surrounded by structures of dressed stone, and the mainly zoomorphic ornamentation."
baroque_churches_of_the_philippines,Baroque Churches of the Philippines,677,Cultural,(ii)(iv),2,PHL,Asia and the Pacific,Unknown,,,1993,1990s,32,False,False,,True,4,Cultural Landscape,https://whc.unesco.org/en/list/677,"These four churches, the first of which was built by the Spanish in the late 16th century, are located in Manila, Santa Maria, Paoay and Miag-ao. Their unique architectural style is a reinterpretation of European Baroque by Chinese and Philippine craftsmen."
mount_hamiguitan_range_wildlife_sanctuary,Mount Hamiguitan Range Wildlife Sanctuary,1403,Natural,(x),1,PHL,Asia and the Pacific,Unknown,,,2014,2010s,11,False,False,16923.07,True,1,Mountain,https://whc.unesco.org/en/list/1403,"Forming a mountain ridge running north-south along the Pujada Peninsula in the south-eastern part of the Eastern Mindanao Biodiversity Corridor, the Mount Hamiguitan Range Wildlife Sanctuary has an elevation range of 75–1,637 m above sea level and provides critical habitat for a range of plant and animal species. The property showcases terrestrial and aquatic habitats at different elevations, and includes threatened and endemic flora and fauna species, eight of which are found only at Mount Hami"
puerto_princesa_subterranean_river_national_park,Puerto-Princesa Subterranean River National Park,652,Natural,(vii)(x),2,PHL,Asia and the Pacific,Unknown,,,1999,1990s,26,False,False,22202,True,1,Mountain,https://whc.unesco.org/en/list/652,"This park features a spectacular limestone karst landscape with an underground river. One of the river's distinguishing features is that it emerges directly into the sea, and its lower portion is subject to tidal influences. The area also represents a significant habitat for biodiversity conservation. The site contains a full 'mountain-to-sea' ecosystem and has some of the most important forests in Asia."
castle_of_the_teutonic_order_in_malbork,Castle of the Teutonic Order in Malbork,847,Cultural,(ii)(iii)(iv),3,POL,Europe and North America,Europe,,,1997,1990s,28,False,False,18.038,True,1,Coastal,https://whc.unesco.org/en/list/847,"This 13th-century fortified monastery belonging to the Teutonic Order was substantially enlarged and embellished after 1309, when the seat of the Grand Master moved here from Venice. A particularly fine example of a medieval brick castle, it later fell into decay, but was meticulously restored in the 19th and early 20th centuries. Many of the conservation techniques now accepted as standard were evolved here. Following severe damage in the Second World War it was once again restored, using the d"
kalwaria_zebrzydowska_the_mannerist_architectural_and_park_landscape_complex_and_pilgrimage_park,Kalwaria Zebrzydowska: the Mannerist Architectural and Park Landscape Complex and Pilgrimage Park,905,Cultural,(ii)(iv),2,POL,Europe and North America,Europe,,,1999,1990s,26,False,False,380,True,1,Cultural Landscape,https://whc.unesco.org/en/list/905,Kalwaria Zebrzydowska is a breathtaking cultural landscape of great spiritual significance. Its natural setting – in which a series of symbolic places of worship relating to the Passion of Jesus Christ and the life of the Virgin Mary was laid out at the beginning of the 17th century – has remained virtually unchanged. It is still today a place of pilgrimage.
wooden_em_tserkvas_em_of_the_carpathian_region_in_poland_and_ukraine,Wooden <em>Tserkvas</em> of the Carpathian Region in Poland and Ukraine,1424,Cultural,(iii)(iv),2,"POL, UKR",Europe and North America,Europe,,,2013,2010s,12,True,False,7.03,True,16,Cultural Landscape,https://whc.unesco.org/en/list/1424,"Situated in the eastern fringe of Central Europe, the transnational property numbers a selection of sixteen tserkvas (churches). They were built of horizontal wooden logs between the 16th and 19th centuries by communities of Orthodox and Greek Catholic faiths. The tserkvas bear testimony to a distinct building tradition rooted in Orthodox ecclesiastic design interwoven with elements of local tradition, and symbolic references to their communities’ cosmogony. The tserkvas are built on a tri-parti"
historic_centre_of_evora,Historic Centre of Évora,361,Cultural,(ii)(iv),2,PRT,Europe and North America,Europe,,,1986,1980s,39,False,False,0,True,1,Urban,https://whc.unesco.org/en/list/361,"This museum-city, whose roots go back to Roman times, reached its golden age in the 15th century, when it became the residence of the Portuguese kings. Its unique quality stems from the whitewashed houses decorated with azulejos and wrought-iron balconies dating from the 16th to the 18th century. Its monuments had a profound influence on Portuguese architecture in Brazil."
sanctuary_of_bom_jesus_do_monte_in_braga,Sanctuary of Bom Jesus do Monte in Braga,1590,Cultural,(iv),1,PRT,Europe and North America,Europe,,,2019,2010s,6,False,False,26,True,1,Mountain,https://whc.unesco.org/en/list/1590,"Located on the slopes of Mount Espinho, overlooking the city of Braga in the north of Portugal, this cultural landscape evokes Christian Jerusalem, recreating a sacred mount crowned with a church. The sanctuary was developed over a period of more than 600 years, primarily in a Baroque style, and illustrates a European tradition of creating Sacri Monti (sacred mountains), promoted by the Catholic Church at the Council of Trent in the 16th century, in reaction to the Protestant Reformation. The Bo"
university_of_coimbra_alta_and_sofia,University of Coimbra – Alta and Sofia,1387,Cultural,(ii)(iv),2,PRT,Europe and North America,Europe,,,2013,2010s,12,False,False,36.2,True,2,Mountain,https://whc.unesco.org/en/list/1387,"Situated on a hill overlooking the city, the University of Coimbra with its colleges grew and evolved over more than seven centuries within the old town. Notable university buildings include the 12th century Cathedral of Santa Cruz and a number of 16th century colleges, the Royal Palace of Alcáçova, which has housed the University since 1537, the Joanine Library with its rich baroque decor, the 18th century Botanical Garden and University Press, as well as the large “University City” created dur"
gochang_hwasun_and_ganghwa_dolmen_sites,"Gochang, Hwasun and Ganghwa Dolmen Sites",977,Cultural,(iii),1,KOR,Asia and the Pacific,Unknown,,,2000,2000s,25,False,False,51.65,True,3,Cultural Landscape,https://whc.unesco.org/en/list/977,"The prehistoric cemeteries at Gochang, Hwasun, and Ganghwa contain many hundreds of examples of dolmens - tombs from the 1st millennium BC constructed of large stone slabs. They form part of the Megalithic culture, found in many parts of the world, but nowhere in such a concentrated form."
jeju_volcanic_island_and_lava_tubes,Jeju Volcanic Island and Lava Tubes,1264,Natural,(vii)(viii),2,KOR,Asia and the Pacific,Unknown,,,2007,2000s,18,False,False,9521.8,True,7,Coastal,https://whc.unesco.org/en/list/1264,"Jeju Volcanic Island and Lava Tubes together comprise three sites that make up 18,846 ha. It includes Geomunoreum, regarded as the finest lava tube system of caves anywhere, with its multicoloured carbonate roofs and floors, and dark-coloured lava walls; the fortress-like Seongsan Ilchulbong tuff cone, rising out of the ocean, a dramatic landscape; and Mount Halla, the highest in Korea, with its waterfalls, multi-shaped rock formations, and lake-filled crater. The site, of outstanding aesthetic "
petroglyphs_along_the_bangucheon_stream,Petroglyphs along the Bangucheon Stream,1740,Cultural,(i)(iii),2,KOR,Asia and the Pacific,Unknown,,,2025,2020s,0,False,False,43.69,True,1,Coastal,https://whc.unesco.org/en/list/1740,"The property is located along the Bangucheon Stream on the Republic of Korea’s southeastern coast, spanning about three kilometers through a landscape of stratified cliffs. It features two significant rock art sites: the Daegok-ri and Cheonjeon-ri Petroglyphs. These panels contain dense concentrations of engravings created by successive generations from 5,000 BCE to the 9th century CE. Carved using stone and metal tools, the petroglyphs depict a wide range of imagery and reflect both prehistoric"
seokguram_grotto_and_bulguksa_temple,Seokguram Grotto and Bulguksa Temple,736,Cultural,(i)(iv),2,KOR,Asia and the Pacific,Unknown,,,1995,1990s,30,False,False,0,True,1,Coastal,https://whc.unesco.org/en/list/736,"Established in the 8th century on the slopes of Mount Toham, the Seokguram Grotto contains a monumental statue of the Buddha looking at the sea in the bhumisparsha mudra position. With the surrounding portrayals of gods, Bodhisattvas and disciples, all realistically and delicately sculpted in high and low relief, it is considered a masterpiece of Buddhist art in the Far East. The Temple of Bulguksa (built in 774) and the Seokguram Grotto form a religious architectural complex of exceptional sign"
seowon_korean_neo_confucian_academies,"Seowon, Korean Neo-Confucian Academies",1498,Cultural,(iii),1,KOR,Asia and the Pacific,Unknown,,,2019,2010s,6,False,False,102.49,True,9,Mountain,https://whc.unesco.org/en/list/1498,"The property is located in central and southern parts of the Republic of Korea, and comprises nine seowon, representing a type of Neo-Confucian academy of the Joseon dynasty (15th -19th centuries CE). Learning, veneration of scholars and interaction with the environment were the essential functions of the seowons, expressed in their design. Situated near mountains and water sources, they favoured the appreciation of nature and cultivation of mind and body. The pavilion-style buildings were inten"
monastery_of_horezu,Monastery of Horezu,597,Cultural,(ii),1,ROU,Europe and North America,Europe,,,1993,1990s,32,False,False,22.48,True,1,Cultural Landscape,https://whc.unesco.org/en/list/597,"Founded in 1690 by Prince Constantine Brancovan, the monastery of Horezu, in Walachia, is a masterpiece of the 'Brancovan' style. It is known for its architectural purity and balance, the richness of its sculptural detail, the treatment of its religious compositions, its votive portraits and its painted decorative works. The school of mural and icon painting established at the monastery in the 18th century was famous throughout the Balkan region."
rosia_montana_mining_landscape,Roșia Montană Mining Landscape,1552,Cultural,(ii)(iii)(iv),3,ROU,Europe and North America,Europe,,,2021,2020s,4,False,True,,True,1,Mountain,https://whc.unesco.org/en/list/1552,"Located in the Metalliferous range of the Apuseni Mountains in the west of Romania, Roșia Montană features the most significant, extensive and technically diverse underground Roman gold mining complex known at the time of inscription. As Alburnus Maior, it was the site of extensive gold-mining during the Roman Empire. Over 166 years starting in 106 CE, the Romans extracted some 500 tonnes of gold from the site developing highly engineered works, different types of galleries totalling 7km and a n"
churches_of_the_pskov_school_of_architecture,Churches of the Pskov School of Architecture,1523,Cultural,(ii),1,RUS,Europe and North America,Europe,,,2019,2010s,6,False,False,19.32,True,10,Mountain,https://whc.unesco.org/en/list/1523,"This group of monuments is located in the historic city of Pskov, on the banks of the Velikaya River in the northwest of Russia. Characteristics of these buildings, produced by the Pskov School of Architecture, include cubic volumes, domes, porches and belfries, with the oldest elements dating back to the 12th century. Churches and cathedrals are integrated into the natural environment through gardens, perimeter walls and fences. Inspired by the Byzantine and Novgorod traditions, the Pskov Schoo"
church_of_the_ascension_kolomenskoye,"Church of the Ascension, Kolomenskoye",634,Cultural,(ii),1,RUS,Europe and North America,Europe,,,1994,1990s,31,False,False,0,True,1,Cultural Landscape,https://whc.unesco.org/en/list/634,"The Church of the Ascension was built in 1532 on the imperial estate of Kolomenskoye, near Moscow, to celebrate the birth of the prince who was to become Tsar Ivan IV ('the Terrible'). One of the earliest examples of a traditional wooden tent-roofed church on a stone and brick substructure, it had a great influence on the development of Russian ecclesiastical architecture."
cultural_and_historic_ensemble_of_the_solovetsky_islands,Cultural and Historic Ensemble of the Solovetsky Islands,632,Cultural,(iv),1,RUS,Europe and North America,Europe,,,1992,1990s,33,False,False,28834,True,6,Coastal,https://whc.unesco.org/en/list/632,"The Solovetsky archipelago comprises six islands in the western part of the White Sea, covering about 300 km2 . They have been inhabited since the 5th century B.C. and important traces of a human presence from as far back as the 5th millennium B.C. can be found there. The archipelago has been the site of fervent monastic activity since the 15th century, and there are several churches dating from the 16th to the 19th century."
citadel_ancient_city_and_fortress_buildings_of_derbent,"Citadel, Ancient City and Fortress Buildings of Derbent",1070,Cultural,(iii)(iv),2,RUS,Europe and North America,Europe,,,2003,2000s,22,False,False,37.658,True,1,Mountain,https://whc.unesco.org/en/list/1070,"The Citadel, Ancient City and Fortress Buildings of Derbent were part of the northern lines of the Sasanian Persian Empire, which extended east and west of the Caspian Sea. The fortification was built in stone. It consisted of two parallel walls that formed a barrier from the seashore up to the mountain. The town of Derbent was built between these two walls, and has retained part of its medieval fabric. The site continued to be of great strategic importance until the 19th century."
historic_and_architectural_complex_of_the_kazan_kremlin,Historic and Architectural Complex of the Kazan Kremlin,980,Cultural,(ii)(iii)(iv),3,RUS,Europe and North America,Europe,,,2000,2000s,25,False,False,13.45,True,1,Cultural Landscape,https://whc.unesco.org/en/list/980,"Built on an ancient site, the Kazan Kremlin dates from the Muslim period of the Golden Horde and the Kazan Khanate. It was conquered by Ivan the Terrible in 1552 and became the Christian See of the Volga Land. The only surviving Tatar fortress in Russia and an important place of pilgrimage, the Kazan Kremlin consists of an outstanding group of historic buildings dating from the 16th to 19th centuries, integrating remains of earlier structures of the 10th to 16th centuries."
lake_baikal,Lake Baikal,754,Natural,(vii)(viii)(ix)(x),4,RUS,Europe and North America,Europe,,,1996,1990s,29,False,False,8800000,True,1,Natural Landscape,https://whc.unesco.org/en/list/754,"Situated in south-east Siberia, the 3.15-million-ha Lake Baikal is the oldest (25 million years) and deepest (1,700 m) lake in the world. It contains 20% of the world's total unfrozen freshwater reserve. Known as the 'Galapagos of Russia', its age and isolation have produced one of the world's richest and most unusual freshwater faunas, which is of exceptional value to evolutionary science."
rock_paintings_of_shulgan_tash_cave,Rock Paintings of Shulgan-Tash Cave,1743,Cultural,(iii),1,RUS,Europe and North America,Europe,,,2025,2020s,0,False,False,288.5,True,1,Mountain,https://whc.unesco.org/en/list/1743,"Located in the Southern Ural Mountains of Bashkortostan, the Shulgan-Tash Cave contains extensive Late Palaeolithic rock art. Set within a karst massif near the Belaya and Shulgan Rivers, it features large halls and deep chambers across two levels. The paintings depict steppe fauna—mammoths, woolly rhinoceroses, bison, horses, and a Bactrian camel—alongside anthropomorphic figures, abstract signs, and geometric motifs like the “Kapova trapezoids.” Archaeological finds offer insights into the art"
petroglyphs_of_lake_onega_and_the_white_sea,Petroglyphs of Lake Onega and the White Sea,1654,Cultural,(iii),1,RUS,Europe and North America,Europe,,,2021,2020s,4,False,False,,True,2,Coastal,https://whc.unesco.org/en/list/1654,"The site contains 4,500 petroglyphs carved in the rocks during the Neolithic period dated about 6-7 thousand years ago and located in the Republic of Karelia in the Russian Federation. It is one of the largest such sites in Europe with petroglyphs that document Neolithic culture in Fennoscandia. The serial property encompasses 33 rock art panels in two component parts 300km apart: 22 petroglyph groups at Lake Onega in the District of Pudozhsky featuring a total of over 1,200 figures and 3,411 fi"
virgin_komi_forests,Virgin Komi Forests,719,Natural,(vii)(ix),2,RUS,Europe and North America,Europe,,,1995,1990s,30,False,False,3280000,True,3,Mountain,https://whc.unesco.org/en/list/719,"The Virgin Komi Forests cover 3.28 million ha of tundra and mountain tundra in the Urals, as well as one of the most extensive areas of virgin boreal forest remaining in Europe. This vast area of conifers, aspens, birches, peat bogs, rivers and natural lakes has been monitored and studied for over 50 years. It provides valuable evidence of the natural processes affecting biodiversity in the taiga."
brimstone_hill_fortress_national_park,Brimstone Hill Fortress National Park,910,Cultural,(iii)(iv),2,KNA,Latin America and the Caribbean,Americas,,,1999,1990s,26,False,False,15.37,True,1,Cultural Landscape,https://whc.unesco.org/en/list/910,"Brimstone Hill Fortress National Park is an outstanding, well-preserved example of 17th- and 18th-century military architecture in a Caribbean context. Designed by the British and built by African slave labour, the fortress is testimony to European colonial expansion, the African slave trade and the emergence of new societies in the Caribbean."
white_monuments_of_vladimir_and_suzdal,White Monuments of Vladimir and Suzdal,633,Cultural,(i)(ii)(iv),3,RUS,Europe and North America,Europe,,,1992,1990s,33,False,False,0,True,8,Cultural Landscape,https://whc.unesco.org/en/list/633,"These two artistic centres in central Russia hold an important place in the country's architectural history. There are a number of magnificent 12th- and 13th-century public and religious buildings, above all the masterpieces of the Collegiate Church of St Demetrios and the Cathedral of the Assumption of the Virgin."
al_ahsa_oasis_an_evolving_cultural_landscape,"Al-Ahsa Oasis, an Evolving Cultural Landscape",1563,Cultural,(iii)(iv)(v),3,SAU,Arab States,Asia,,,2018,2010s,7,False,False,8544,True,12,Urban,https://whc.unesco.org/en/list/1563,"In the eastern Arabian Peninsula, the Al-Ahsa Oasis is a serial property comprising gardens, canals, springs, wells and a drainage lake, as well as historical buildings, urban fabric and archaeological sites. They represent traces of continued human settlement in the Gulf region from the Neolithic to the present, as can be seen from remaining historic fortresses, mosques, wells, canals and other water management systems. With its 2.5 million date palms, it is the largest oasis in the world. Al-A"
bassari_country_bassari_fula_and_bedik_cultural_landscapes,"Bassari Country: Bassari, Fula and Bedik Cultural Landscapes",1407,Cultural,(iii)(v),2,SEN,Africa,Africa,,,2012,2010s,13,False,False,50309,True,3,Cultural Landscape,https://whc.unesco.org/en/list/1407,"The site, located in south-east Senegal, includes three geographical areas: the Bassari–Salémata area, the Bedik–Bandafassi area and the Fula–Dindéfello area, each with its specific morphological traits. The Bassari, Fula and Bedik peoples settled from the 11th to the 19th centuries and developed specific cultures and habitats symbiotic with their surrounding natural environment. The Bassari landscape is marked by terraces and rice paddies, interspersed with villages, hamlets and archaeological "
medieval_monuments_in_kosovo,Medieval Monuments in Kosovo,724,Cultural,(ii)(iii)(iv),3,SRB,Europe and North America,Europe,,,2004,2000s,21,False,True,2.8802,True,4,Cultural Landscape,https://whc.unesco.org/en/list/724,"The four edifices of the site reflect the high points of the Byzantine-Romanesque ecclesiastical culture, with its distinct style of wall painting, which developed in the Balkans between the 13th and 17th centuries. The Dečani Monastery was built in the mid-14th century for the Serbian king Stefan Dečanski and is also his mausoleum. The Patriarchate of Peć Monastery is a group of four domed churches featuring series of wall paintings. The 13th-century frescoes of the Church of Holy Apostles are "
gamzigrad_romuliana_palace_of_galerius,"Gamzigrad-Romuliana, Palace of Galerius",1253,Cultural,(iii)(iv),2,SRB,Europe and North America,Europe,,,2007,2000s,18,False,False,179.217,True,1,Cultural Landscape,https://whc.unesco.org/en/list/1253,"The Late Roman fortified palace compound and memorial complex of Gamzigrad-Romuliana, Palace of Galerius, in the east of Serbia, was commissioned by Emperor Caius Valerius Galerius Maximianus, in the late 3rd and early 4th centuries. It was known as Felix Romuliana, named after the emperor’s mother. The site consists of fortifications, the palace in the north-western part of the complex, basilicas, temples, hot baths, memorial complex, and a tetrapylon. The group of buildings is also unique in i"
singapore_botanic_gardens,Singapore Botanic Gardens,1483,Cultural,(ii)(iv),2,SGP,Asia and the Pacific,Unknown,,,2015,2010s,10,False,False,49,True,1,Coastal,https://whc.unesco.org/en/list/1483,"Situated at the heart of the city of Singapore, the site demonstrates the evolution of a British tropical colonial botanic garden that has become a modern world-class scientific institution used for both conservation and education. The cultural landscape includes a rich variety of historic features, plantings and buildings that demonstrate the development of the garden since its creation in 1859. It has been an important centre for science, research and plant conservation, notably in connection "
gola_tiwai_complex,Gola-Tiwai Complex,1746,Natural,(ix)(x),2,SLE,Africa,Africa,,,2025,2020s,0,False,False,71202.7,True,4,Coastal,https://whc.unesco.org/en/list/1746,"This serial property includes the Gola Rainforest National Park and the Tiwai Island Wildlife Sanctuary. Part of the Greater Gola Landscape, it lies within the Upper Guinean Forest, a biodiversity hotspot. The area hosts more than 1,000 plant species (113 endemic), 55 mammals (19 globally threatened), and key species like the African Forest Elephant and Pygmy Hippopotamus. It also supports up to 448 bird species, including the endangered White-necked Rockfowl. Rich in freshwater fish, butterflie"
vallee_de_mai_nature_reserve,Vallée de Mai Nature Reserve,261,Natural,(vii)(viii)(ix)(x),4,SYC,Africa,Africa,,,1983,1980s,42,False,False,19.5,True,1,Coastal,https://whc.unesco.org/en/list/261,"In the heart of the small island of Praslin, the reserve has the vestiges of a natural palm forest preserved in almost its original state. The famous coco de mer, from a palm-tree once believed to grow in the depths of the sea, is the largest seed in the plant kingdom."
aldabra_atoll,Aldabra Atoll,185,Natural,(vii)(ix)(x),3,SYC,Africa,Africa,,,1982,1980s,43,False,False,35000,True,1,Coastal,https://whc.unesco.org/en/list/185,"The atoll is comprised of four large coral islands which enclose a shallow lagoon; the group of islands is itself surrounded by a coral reef. Due to difficulties of access and the atoll's isolation, Aldabra has been protected from human influence and thus retains some 152,000 giant tortoises, the world's largest population of this reptile."
wooden_churches_of_the_slovak_part_of_the_carpathian_mountain_area,Wooden Churches of the Slovak part of the Carpathian Mountain Area,1273,Cultural,(iii)(iv),2,SVK,Europe and North America,Europe,,,2008,2000s,17,False,False,2.5644,True,9,Mountain,https://whc.unesco.org/en/list/1273,"The Wooden Churches of the Slovak part of Carpathian Mountain Area inscribed on the World Heritage List consist of two Roman Catholic, three Protestant and three Greek Orthodox churches built between the 16th and 18th centuries. The property presents good examples of a rich local tradition of religious architecture, marked by the meeting of Latin and Byzantine cultures. The edifices exhibit some typological variations in their floor plans, interior spaces and external appearance due to their res"
levoca_spissky_hrad_and_the_associated_cultural_monuments,"Levoča, Spišský Hrad and the Associated Cultural Monuments",620,Cultural,(iv),1,SVK,Europe and North America,Europe,,,1993,1990s,32,False,False,1351.2252,True,2,Urban,https://whc.unesco.org/en/list/620,"Spišský Hrad has one of the largest ensembles of 13th and 14th century military, political and religious buildings in eastern Europe, and its Romanesque and Gothic architecture has remained remarkably intact. The extended site features the addition of the historic town-centre of Levoča founded in the 13th and 14th centuries within fortifications. Most of the site has been preserved and it includes the 14th century church of St James with its ten alters of the 15th and 16th centuries, a remarkabl"
vlkolinec,Vlkolínec,622,Cultural,(iv)(v),2,SVK,Europe and North America,Europe,,,1993,1990s,32,False,False,4.9,True,1,Mountain,https://whc.unesco.org/en/list/622,"Vlkolínec, situated in the centre of Slovakia, is a remarkably intact settlement of 45 buildings with the traditional features of a central European village. It is the region’s most complete group of these kinds of traditional log houses, often found in mountainous areas."
cape_floral_region_protected_areas,Cape Floral Region Protected Areas,1007,Natural,(ix)(x),2,ZAF,Africa,Africa,,,2004,2000s,21,False,False,,True,1,Mountain,https://whc.unesco.org/en/list/1007,"Inscribed on the World Heritage List in 2004, the property is located at the south-western extremity of South Africa. It is one of the world’s great centres of terrestrial biodiversity. The extended property includes national parks, nature reserves, wilderness areas, State forests and mountain catchment areas. These elements add a significant number of endemic species associated with the Fynbos vegetation, a fine-leaved sclerophyllic shrubland adapted to both a Mediterranean climate and periodic"
east_rennell,East Rennell,854,Natural,(ix),1,SLB,Asia and the Pacific,Unknown,,,1998,1990s,27,False,True,37000,True,1,Coastal,https://whc.unesco.org/en/list/854,"East Rennell makes up the southern third of Rennell Island, the southernmost island in the Solomon Island group in the western Pacific. Rennell, 86 km long x 15 km wide, is the largest raised coral atoll in the world. The site includes approximately 37,000 ha and a marine area extending 3 nautical miles to sea. A major feature of the island is Lake Tegano, which was the former lagoon on the atoll. The lake, the largest in the insular Pacific (15,500 ha), is brackish and contains many rugged lime"
human_rights_liberation_and_reconciliation_nelson_mandela_legacy_sites,"Human Rights, Liberation and Reconciliation: Nelson Mandela Legacy Sites",1676,Cultural,,0,ZAF,Africa,Africa,,,2024,2020s,1,False,False,42.04,True,14,Coastal,https://whc.unesco.org/en/list/1676,"The serial property represents the legacy of the South African struggle for human rights, liberation and reconciliation. It consists of fourteen component parts located around the country, all related to South Africa’s political history in the 20th century. The parts include the Union Buildings (Pretoria), now the official seat of government; the Sharpeville Sites, commemorating the massacre of 69 people protesting the unjust Pass Laws; and The Great Place at Mqhekezweni, a site symbolic of trad"
richtersveld_cultural_and_botanical_landscape,Richtersveld Cultural and Botanical Landscape,1265,Cultural,(iv)(v),2,ZAF,Africa,Africa,,,2007,2000s,18,False,False,160000,True,1,Mountain,https://whc.unesco.org/en/list/1265,"The 160,000 ha Richtersveld Cultural and Botanical Landscape of dramatic mountainous desert in north-western South Africa constitutes a cultural landscape communally owned and managed. This site sustains the semi-nomadic pastoral livelihood of the Nama people, reflecting seasonal patterns that may have persisted for as much as two millennia in southern Africa. It is the only area where the Nama still construct portable rush-mat houses (haru om ) and includes seasonal migrations and grazing groun"
antequera_dolmens_site,Antequera Dolmens Site,1501,Cultural,(i)(iii)(iv),3,ESP,Europe and North America,Europe,,,2016,2010s,9,False,False,2446.3,True,4,Mountain,https://whc.unesco.org/en/list/1501,"Located at the heart of Andalusia in southern Spain, the site comprises three megalithic monuments: the Menga and Viera dolmens and the Tholos of El Romeral, and two natural monuments: La Peña de los Enamorados and El Torcal mountainous formations, which are landmarks within the property. Built during the Neolithic and Bronze Age out of large stone blocks, these monuments form chambers with lintelled roofs or false cupolas. These three tombs, buried beneath their original earth tumuli, are one o"
archaeological_ensemble_of_tarraco,Archaeological Ensemble of Tarraco,875,Cultural,(ii)(iii),2,ESP,Europe and North America,Europe,,,2000,2000s,25,False,False,32.65,True,14,Urban,https://whc.unesco.org/en/list/875,"Tarraco (modern-day Tarragona) was a major administrative and mercantile city in Roman Spain and the centre of the Imperial cult for all the Iberian provinces. It was endowed with many fine buildings, and parts of these have been revealed in a series of exceptional excavations. Although most of the remains are fragmentary, many preserved beneath more recent buildings, they present a vivid picture of the grandeur of this Roman provincial capital."
archaeological_site_of_atapuerca,Archaeological Site of Atapuerca,989,Cultural,(iii)(v),2,ESP,Europe and North America,Europe,,,2000,2000s,25,False,False,284.119,True,1,Cultural Landscape,https://whc.unesco.org/en/list/989,"The caves of the Sierra de Atapuerca contain a rich fossil record of the earliest human beings in Europe, from nearly one million years ago and extending up to the Common Era. They represent an exceptional reserve of data, the scientific study of which provides priceless information about the appearance and the way of life of these remote human ancestors."
archaeological_ensemble_of_merida,Archaeological Ensemble of Mérida,664,Cultural,(iii)(iv),2,ESP,Europe and North America,Europe,,,1993,1990s,32,False,False,30.77,True,22,Urban,https://whc.unesco.org/en/list/664,"The colony of Augusta Emerita, which became present-day Mérida in Estremadura, was founded in 25 B.C. at the end of the Spanish Campaign and was the capital of Lusitania. The well-preserved remains of the old city include, in particular, a large bridge over the Guadiana, an amphitheatre, a theatre, a vast circus and an exceptional water-supply system. It is an excellent example of a provincial Roman capital during the empire and in the years afterwards."
cultural_landscape_of_the_serra_de_tramuntana,Cultural Landscape of the Serra de Tramuntana,1371,Cultural,(ii)(iv)(v),3,ESP,Europe and North America,Europe,,,2011,2010s,14,False,False,30745,True,1,Mountain,https://whc.unesco.org/en/list/1371,The Cultural Landscape of the Serra de Tramuntana located on a sheer-sided mountain range parallel to the north-western coast of the island of Mallorca. Millennia of agriculture in an environment with scarce resources has transformed the terrain and displays an articulated network of devices for the management of water revolving around farming units of feudal origins. The landscape is marked by agricultural terraces and inter-connected water works - including water mills - as well as dry stone c
ibiza_biodiversity_and_culture,"Ibiza, Biodiversity and Culture",417,Mixed,(ii)(iii)(iv)(ix)(x),5,ESP,Europe and North America,Europe,,,1999,1990s,26,False,False,9020.3,True,4,Coastal,https://whc.unesco.org/en/list/417,"Ibiza provides an excellent example of the interaction between the marine and coastal ecosystems. The dense prairies of oceanic Posidonia (seagrass), an important endemic species found only in the Mediterranean basin, contain and support a diversity of marine life. Ibiza preserves considerable evidence of its long history. The archaeological sites at Sa Caleta (settlement) and Puig des Molins (necropolis) testify to the important role played by the island in the Mediterranean economy in protohis"
las_medulas,Las Médulas,803,Cultural,(i)(ii)(iii)(iv),4,ESP,Europe and North America,Europe,,,1997,1990s,28,False,False,2208.2,True,4,Mountain,https://whc.unesco.org/en/list/803,"In the 1st century A.D. the Roman Imperial authorities began to exploit the gold deposits of this region in north-west Spain, using a technique based on hydraulic power. After two centuries of working the deposits, the Romans withdrew, leaving a devastated landscape. Since there was no subsequent industrial activity, the dramatic traces of this remarkable ancient technology are visible everywhere as sheer faces in the mountainsides and the vast areas of tailings, now used for agriculture."
mudejar_architecture_of_aragon,Mudejar Architecture of Aragon,378,Cultural,(iv),1,ESP,Europe and North America,Europe,,,1986,1980s,39,False,False,4.269,True,10,Cultural Landscape,https://whc.unesco.org/en/list/378,"The development in the 12th century of Mudejar art in Aragon resulted from the particular political, social and cultural conditions that prevailed in Spain after the Reconquista. This art, influenced by Islamic tradition, also reflects various contemporary European styles, particularly the Gothic. Present until the early 17th century, it is characterized by an extremely refined and inventive use of brick and glazed tiles in architecture, especially in the belfries."
old_town_of_avila_with_its_extra_muros_churches,Old Town of Ávila with its Extra-Muros Churches,348,Cultural,(iii)(iv),2,ESP,Europe and North America,Europe,,,1985,1980s,40,False,False,36.4,True,11,Urban,https://whc.unesco.org/en/list/348,"Founded in the 11th century to protect the Spanish territories from the Moors, this 'City of Saints and Stones', the birthplace of St Teresa and the burial place of the Grand Inquisitor Torquemada, has kept its medieval austerity. This purity of form can still be seen in the Gothic cathedral and the fortifications which, with their 82 semicircular towers and nine gates, are the most complete in Spain."
old_town_of_caceres,Old Town of Cáceres,384,Cultural,(iii)(iv),2,ESP,Europe and North America,Europe,,,1986,1980s,39,False,False,9,True,1,Urban,https://whc.unesco.org/en/list/384,"The city's history of battles between Moors and Christians is reflected in its architecture, which is a blend of Roman, Islamic, Northern Gothic and Italian Renaissance styles. Of the 30 or so towers from the Muslim period, the Torre del Bujaco is the most famous."
old_city_of_salamanca,Old City of Salamanca,381,Cultural,(i)(ii)(iv),3,ESP,Europe and North America,Europe,,,1988,1980s,37,False,False,50.78,True,8,Urban,https://whc.unesco.org/en/list/381,"This ancient university town north-west of Madrid was first conquered by the Carthaginians in the 3rd century B.C. It then became a Roman settlement before being ruled by the Moors until the 11th century. The university, one of the oldest in Europe, reached its high point during Salamanca's golden age. The city's historic centre has important Romanesque, Gothic, Moorish, Renaissance and Baroque monuments. The Plaza Mayor, with its galleries and arcades, is particularly impressive."
palau_de_la_musica_catalana_and_hospital_de_sant_pau_barcelona,"Palau de la Música Catalana and Hospital de Sant Pau, Barcelona",804,Cultural,(i)(ii)(iv),3,ESP,Europe and North America,Europe,,,1997,1990s,28,False,False,6.87,True,2,Cultural Landscape,https://whc.unesco.org/en/list/804,"These are two of the finest contributions to Barcelona's architecture by the Catalan art nouveau architect Lluís Domènech i Montaner. The Palau de la Música Catalana is an exuberant steel-framed structure full of light and space, and decorated by many of the leading designers of the day. The Hospital de Sant Pau is equally bold in its design and decoration, while at the same time perfectly adapted to the needs of the sick."
san_cristobal_de_la_laguna,San Cristóbal de La Laguna,929,Cultural,(ii)(iv),2,ESP,Europe and North America,Europe,,,1999,1990s,26,False,False,60.38,True,1,Coastal,https://whc.unesco.org/en/list/929,"San Cristóbal de La Laguna, in the Canary Islands, has two nuclei: the original, unplanned Upper Town; and the Lower Town, the first ideal 'city-territory' laid out according to philosophical principles. Its wide streets and open spaces have a number of fine churches and public and private buildings dating from the 16th to the 18th century."
university_and_historic_precinct_of_alcala_de_henares,University and Historic Precinct of Alcalá de Henares,876,Cultural,(ii)(iv),2,ESP,Europe and North America,Europe,,,1998,1990s,27,False,False,78.38,True,1,Urban,https://whc.unesco.org/en/list/876,"Founded by Cardinal Jiménez de Cisneros in the early 16th century, Alcalá de Henares was the world's first planned university city. It was the original model for the Civitas Dei (City of God), the ideal urban community which Spanish missionaries brought to the Americas. It also served as a model for universities in Europe and elsewhere."
ancient_city_of_polonnaruwa,Ancient City of Polonnaruwa,201,Cultural,(i)(iii),2,LKA,Asia and the Pacific,Unknown,,,1982,1980s,43,False,False,0,True,1,Urban,https://whc.unesco.org/en/list/201,"Polonnaruwa was the second capital of Sri Lanka after the destruction of Anuradhapura in 993. It comprises, besides the Brahmanic monuments built by the Cholas, the monumental ruins of the fabulous garden-city created by Parakramabahu I in the 12th century."
central_highlands_of_sri_lanka,Central Highlands of Sri Lanka,1203,Natural,(ix)(x),2,LKA,Asia and the Pacific,Unknown,,,2010,2010s,15,False,False,56844,True,3,Mountain,https://whc.unesco.org/en/list/1203,"Sri Lanka's highlands are situated in the south-central part of the island. The property comprises the Peak Wilderness Protected Area, the Horton Plains National Park and the Knuckles Conservation Forest. These montane forests, where the land rises to 2,500 metres above sea-level, are home to an extraordinary range of flora and fauna, including several endangered species such as the western-purple-faced langur, the Horton Plains slender loris and the Sri Lankan leopard. The region is considered "
rangiri_dambulla_cave_temple,Rangiri Dambulla Cave Temple,561,Cultural,(i),1,LKA,Asia and the Pacific,Unknown,,,1991,1990s,34,False,False,0,True,1,Cultural Landscape,https://whc.unesco.org/en/list/561,"A sacred pilgrimage site for 22 centuries, this cave monastery, with its five sanctuaries, is the largest, best-preserved cave-temple complex in Sri Lanka. The Buddhist mural paintings (covering an area of 2,100 m2 ) are of particular importance, as are the 157 statues."
hebron_al_khalil_old_town,Hebron/Al-Khalil Old Town,1565,Cultural,(ii)(iv),2,PSE,Arab States,Asia,,,2017,2010s,8,False,True,20.6,True,1,Urban,https://whc.unesco.org/en/list/1565,"The use of a local limestone shaped the construction of the old town of Hebron/Al-Khalil during the Mamluk period between 1250 and 1517. The centre of interest of the town was the site of Al-Ibrahimi Mosque/The tomb of the Patriarchs whose buildings are in a compound built in the 1st century AD to protect the tombs of the patriarch Abraham/Ibrahim and his family. This place became a site of pilgrimage for the three monotheistic religions: Judaism, Christianity and Islam. The town was sited at th"
palestine_land_of_olives_and_vines_cultural_landscape_of_southern_jerusalem_battir,"Palestine: Land of Olives and Vines – Cultural Landscape of Southern Jerusalem, Battir",1492,Cultural,(iv)(v),2,PSE,Arab States,Asia,,,2014,2010s,11,False,True,348.83,True,2,Mountain,https://whc.unesco.org/en/list/1492,"This site is located a few kilometres south-west of Jerusalem, in the Central Highlands between Nablus and Hebron. The Battir hill landscape comprises a series of farmed valleys, known as widian, with characteristic stone terraces, some of which are irrigated for market garden production, while others are dry and planted with grapevines and olive trees. The development of terrace farming in such a mountainous region is supported by a network of irrigation channels fed by underground sources. A t"
jodensavanne_archaeological_site_jodensavanne_settlement_and_cassipora_creek_cemetery,Jodensavanne Archaeological Site: Jodensavanne Settlement and Cassipora Creek Cemetery,1680,Cultural,(iii),1,SUR,Latin America and the Caribbean,Americas,,,2023,2020s,2,False,False,24.8,True,2,Forest,https://whc.unesco.org/en/list/1680,"Located on high ground on the densely forested banks of the Suriname River, the Jodensavanne Archaeological Site in northern Suriname is a serial property that illustrates early Jewish colonization attempts in the New World. The Jodensavanne Settlement, founded in the 1680s, includes the ruins of what is believed to be the earliest synagogue of architectural significance in the Americas, along with cemeteries, boat landing areas, and a military post. The Cassipora Creek Cemetery is the remnant o"
grimeton_radio_station_varberg,"Grimeton Radio Station, Varberg",1134,Cultural,(ii)(iv),2,SWE,Europe and North America,Europe,,,2004,2000s,21,False,False,109.09,True,1,Cultural Landscape,https://whc.unesco.org/en/list/1134,"The Varberg Radio Station at Grimeton in southern Sweden (built 1922–24) is an exceptionally well-preserved monument to early wireless transatlantic communication. It consists of the transmitter equipment, including the aerial system of six 127-m high steel towers. Although no longer in regular use, the equipment has been maintained in operating condition. The 109.9-ha site comprises buildings housing the original Alexanderson transmitter, including the towers with their antennae, short-wave tra"
decorated_farmhouses_of_halsingland,Decorated Farmhouses of Hälsingland,1282,Cultural,(v),1,SWE,Europe and North America,Europe,,,2012,2010s,13,False,False,14.84,True,7,Cultural Landscape,https://whc.unesco.org/en/list/1282,"Seven timber houses are listed in this site located in the east of Sweden, representing the zenith of a regional timber building tradition that dates back to the Middle Ages. They reflect the prosperity of independent farmers who in the 19th century used their wealth to build substantial new homes with elaborately decorated ancillary houses or suites of rooms reserved for festivities. The paintings represent a fusion of folk art with the styles favoured by the landed gentry of the time, includin"
church_town_of_gammelstad_lulea,"Church Town of Gammelstad, Luleå",762,Cultural,(ii)(iv)(v),3,SWE,Europe and North America,Europe,,,1996,1990s,29,False,False,16.402,True,1,Cultural Landscape,https://whc.unesco.org/en/list/762,"Gammelstad, at the head of the Gulf of Bothnia, is the best-preserved example of a 'church village', a unique kind of village formerly found throughout northern Scandinavia. The 404 wooden houses, huddled round the early 15th-century stone church, were used only on Sundays and at religious festivals to house worshippers from the surrounding countryside who could not return home the same day because of the distance and difficult travelling conditions."
naval_port_of_karlskrona,Naval Port of Karlskrona,871,Cultural,(ii)(iv),2,SWE,Europe and North America,Europe,,,1998,1990s,27,False,False,320.417,True,11,Urban,https://whc.unesco.org/en/list/871,"Karlskrona is an outstanding example of a late-17th-century European planned naval city. The original plan and many of the buildings have survived intact, along with installations that illustrate its subsequent development up to the present day."
royal_domain_of_drottningholm,Royal Domain of Drottningholm,559,Cultural,(iv),1,SWE,Europe and North America,Europe,,,1991,1990s,34,False,False,162.429,True,1,Coastal,https://whc.unesco.org/en/list/559,"The Royal Domain of Drottningholm stands on an island in Lake Mälar in a suburb of Stockholm. With its castle, perfectly preserved theatre (built in 1766), Chinese pavilion and gardens, it is the finest example of an 18th-century north European royal residence inspired by the Palace of Versailles."
abbey_of_st_gall,Abbey of St Gall,268,Cultural,(ii)(iv),2,CHE,Europe and North America,Europe,,,1983,1980s,42,False,False,0,True,1,Cultural Landscape,https://whc.unesco.org/en/list/268,"The Convent of St Gall, a perfect example of a great Carolingian monastery, was, from the 8th century to its secularization in 1805, one of the most important in Europe. Its library is one of the richest and oldest in the world and contains precious manuscripts such as the earliest-known architectural plan drawn on parchment. From 1755 to 1768, the conventual area was rebuilt in Baroque style. The cathedral and the library are the main features of this remarkable architectural complex, reflectin"
lavaux_vineyard_terraces,"Lavaux, Vineyard Terraces",1243,Cultural,(iii)(iv)(v),3,CHE,Europe and North America,Europe,,,2007,2000s,18,False,False,898,True,1,Mountain,https://whc.unesco.org/en/list/1243,"The Lavaux Vineyard Terraces, stretching for about 30 km along the south-facing northern shores of Lake Geneva from the Chateau de Chillon to the eastern outskirts of Lausanne in the Vaud region, cover the lower slopes of the mountainside between the villages and the lake. Although there is some evidence that vines were grown in the area in Roman times, the present vine terraces can be traced back to the 11th century, when Benedictine and Cistercian monasteries controlled the area. It is an outs"
three_castles_defensive_wall_and_ramparts_of_the_market_town_of_bellinzona,"Three Castles, Defensive Wall and Ramparts of the Market-Town of Bellinzona",884,Cultural,(iv),1,CHE,Europe and North America,Europe,,,2000,2000s,25,False,False,14.698,True,5,Mountain,https://whc.unesco.org/en/list/884,"The Bellinzona site consists of a group of fortifications grouped around the castle of Castelgrande, which stands on a rocky peak looking out over the entire Ticino valley. Running from the castle, a series of fortified walls protect the ancient town and block the passage through the valley. A second castle (Montebello) forms an integral part of the fortifications, while a third but separate castle (Sasso Corbaro) was built on an isolated rocky promontory south-east of the other fortifications."
swiss_tectonic_arena_sardona,Swiss Tectonic Arena Sardona,1179,Natural,(viii),1,CHE,Europe and North America,Europe,,,2008,2000s,17,False,False,32850,True,1,Mountain,https://whc.unesco.org/en/list/1179,"The Swiss Tectonic Arena Sardona in the north-eastern part of the country covers a mountainous area of 32,850 ha which features seven peaks that rise above 3,000 m. The area displays an exceptional example of mountain building through continental collision and features .excellent geological sections through tectonic thrust, i.e. the process whereby older, deeper rocks are carried onto younger, shallower rocks. The site is distinguished by the clear three-dimensional exposure of the structures an"
swiss_alps_jungfrau_aletsch,Swiss Alps Jungfrau-Aletsch,1037,Natural,(vii)(viii)(ix),3,CHE,Europe and North America,Europe,,,2001,2000s,24,False,False,82400,True,1,Mountain,https://whc.unesco.org/en/list/1037,"The extension of the natural World Heritage property of Jungfrau - Aletsch - Bietschhorn (first inscribed in 2001), expands the site to the east and west, bringing its surface area up to 82,400 ha., up from 53,900. The site provides an outstanding example of the formation of the High Alps, including the most glaciated part of the mountain range and the largest glacier in Eurasia. It features a wide diversity of ecosystems, including successional stages due particularly to the retreat of glaciers"
ancient_city_of_damascus,Ancient City of Damascus,20,Cultural,(i)(ii)(iii)(iv),4,SYR,Arab States,Asia,,,1979,1970s,46,False,True,86.12,True,1,Urban,https://whc.unesco.org/en/list/20,"Founded in the 3rd millennium B.C., Damascus is one of the oldest cities in the Middle East. In the Middle Ages, it was the centre of a flourishing craft industry, specializing in swords and lace. The city has some 125 monuments from different periods of its history – one of the most spectacular is the 8th-century Great Mosque of the Umayyads, built on the site of an Assyrian sanctuary."
site_of_palmyra,Site of Palmyra,23,Cultural,(i)(ii)(iv),3,SYR,Arab States,Asia,,,1980,1980s,45,False,True,1640,True,1,Desert,https://whc.unesco.org/en/list/23,"An oasis in the Syrian desert, north-east of Damascus, Palmyra contains the monumental ruins of a great city that was one of the most important cultural centres of the ancient world. From the 1st to the 2nd century, the art and architecture of Palmyra, standing at the crossroads of several civilizations, married Graeco-Roman techniques with local traditions and Persian influences."
silk_roads_zarafshan_karakum_corridor,Silk Roads: Zarafshan-Karakum Corridor,1675,Cultural,(ii)(iii)(v),3,"TJK, UZB, TKM",Asia and the Pacific,Unknown,,,2023,2020s,2,True,False,669.679,True,34,Mountain,https://whc.unesco.org/en/list/1675,"The Zarafshan-Karakum Corridor is a key section of the Silk Roads in Central Asia that connects other corridors from all directions. Located in rugged mountains, fertile river valleys, and uninhabitable desert, the 866-kilometre corridor runs from east to west along the Zarafshan River and further southwest following the ancient caravan roads crossing the Karakum Desert to the Merv Oasis. Channelling much of the east-west exchange along the Silk Roads from the 2nd century BCE to the 16th century"
kaeng_krachan_forest_complex,Kaeng Krachan Forest Complex,1461,Natural,(x),1,THA,Asia and the Pacific,Unknown,,,2021,2020s,4,False,False,408940,True,1,Mountain,https://whc.unesco.org/en/list/1461,"The site is located along the Thailand side of the Tenasserim mountain range, part of a north-south granite and limestone mountain ridge running down the Malay Peninsula. Located at the cross-roads between the Himalayan, Indochina, and Sumatran faunal and floral realms, the property is home to rich biodiversity. It is dominated by semi-evergreen/dry evergreen and moist evergreen forest with some mixed deciduous forest, montane forest, and deciduous dipterocarp forest. A number of endemic and glo"
thungyai_huai_kha_khaeng_wildlife_sanctuaries,Thungyai-Huai Kha Khaeng Wildlife Sanctuaries,591,Natural,(vii)(ix)(x),3,THA,Asia and the Pacific,Unknown,,,1991,1990s,34,False,False,622200,True,1,Forest,https://whc.unesco.org/en/list/591,"Stretching over more than 600,000 ha along the Myanmar border, the sanctuaries, which are relatively intact, contain examples of almost all the forest types of continental South-East Asia. They are home to a very diverse array of animals, including 77% of the large mammals (especially elephants and tigers), 50% of the large birds and 33% of the land vertebrates to be found in this region."
ichkeul_national_park,Ichkeul National Park,8,Natural,(x),1,TUN,Arab States,Asia,,,1980,1980s,45,False,False,12600,True,1,Natural Landscape,https://whc.unesco.org/en/list/8,"The Ichkeul lake and wetland are a major stopover point for hundreds of thousands of migrating birds, such as ducks, geese, storks and pink flamingoes, who come to feed and nest there. Ichkeul is the last remaining lake in a chain that once extended across North Africa."
medina_of_sousse,Medina of Sousse,498,Cultural,(iii)(iv)(v),3,TUN,Arab States,Asia,,,1988,1980s,37,False,False,31.68,True,1,Coastal,https://whc.unesco.org/en/list/498,"Sousse was an important commercial and military port during the Aghlabid period (800–909) and is a typical example of a town dating from the first centuries of Islam. With its kasbah, ramparts, medina (with the Great Mosque), Bu Ftata Mosque and typical ribat (both a fort and a religious building), Sousse was part of a coastal defence system."
archaeological_site_of_ani,Archaeological Site of Ani,1518,Cultural,(ii)(iii)(iv),3,TUR,Europe and North America,Europe,,,2016,2010s,9,False,False,250.7,True,1,Urban,https://whc.unesco.org/en/list/1518,"This site is located on a secluded plateau of northeast Turkey overlooking a ravine that forms a natural border with Armenia. This medieval city combines residential, religious and military structures, characteristic of a medieval urbanism built up over the centuries by Christian and then Muslim dynasties. The city flourished in the 10th and 11th centuries CE when it became the capital of the medieval Armenian kingdom of the Bagratides and profited from control of one branch of the Silk Road. La"
aphrodisias,Aphrodisias,1519,Cultural,(ii)(iii)(iv),3,TUR,Europe and North America,Europe,,,2017,2010s,8,False,False,152.25,True,2,Urban,https://whc.unesco.org/en/list/1519,"Located in southwestern Turkey, in the upper valley of the Morsynus River, the site consists of two components: the archaeological site of Aphrodisias and the marble quarries northeast of the city. The temple of Aphrodite dates from the 3rd century BC and the city was built one century later. The wealth of Aphrodisias came from the marble quarries and the art produced by its sculptors. The city streets are arranged around several large civic structures, which include temples, a theatre, an agora"
bursa_and_cumalikizik_the_birth_of_the_ottoman_empire,Bursa and Cumalıkızık: the Birth of the Ottoman Empire,1452,Cultural,(i)(ii)(iv),3,TUR,Europe and North America,Europe,,,2014,2010s,11,False,False,27.467,True,8,Urban,https://whc.unesco.org/en/list/1452,"This property is a serial nomination of eight component sites in the City of Bursa and the nearby village of Cumalıkızık, in the southern Marmara region. The site illustrates the creation of an urban and rural system establishing the Ottoman Empire in the early 14th century. The property embodies the key functions of the social and economic organization of the new capital which evolved around a civic centre. These include commercial districts of khans, kulliyes (religious institutions) integrati"
ephesus,Ephesus,1018,Cultural,(iii)(iv),2,TUR,Europe and North America,Europe,,,2015,2010s,10,False,False,662.62,True,4,Coastal,https://whc.unesco.org/en/list/1018,"Located within what was once the estuary of the River Kaystros, Ephesus comprises successive Hellenistic and Roman settlements founded on new locations, which followed the coastline as it retreated westward. Excavations have revealed grand monuments of the Roman Imperial period including the Library of Celsus and the Great Theatre. Little remains of the famous Temple of Artemis, one of the “Seven Wonders of the World,” which drew pilgrims from all around the Mediterranean. Since the 5th century,"
gordion,Gordion,1669,Cultural,(iii),1,TUR,Europe and North America,Europe,,,2023,2020s,2,False,False,1064,True,1,Coastal,https://whc.unesco.org/en/list/1669,"Located in an open rural landscape, the archaeological site of Gordion is a multi-layered ancient settlement, encompassing the remains of the ancient capital of Phrygia, an Iron Age independent kingdom. The key elements of this archaeological site include the Citadel Mound, the Lower Town, the Outer Town and Fortifications, and several burial mounds and tumuli with their surrounding landscape. Archaeological excavations and research have revealed a wealth of remains that document construction te"
goreme_national_park_and_the_rock_sites_of_cappadocia,Göreme National Park and the Rock Sites of Cappadocia,357,Mixed,(i)(iii)(v)(vii),4,TUR,Europe and North America,Europe,,,1985,1980s,40,False,False,9883.81,True,7,Urban,https://whc.unesco.org/en/list/357,"In a spectacular landscape, entirely sculpted by erosion, the Göreme valley and its surroundings contain rock-hewn sanctuaries that provide unique evidence of Byzantine art in the post-Iconoclastic period. Dwellings, troglodyte villages and underground towns – the remains of a traditional human habitat dating back to the 4th century – can also be seen there."
sardis_and_the_lydian_tumuli_of_bin_tepe,Sardis and the Lydian Tumuli of Bin Tepe,1731,Cultural,(iii),1,TUR,Europe and North America,Europe,,,2025,2020s,0,False,False,9244,True,2,Urban,https://whc.unesco.org/en/list/1731,"Sardis was the capital of the Lydians, a powerful Iron Age civilization (8th-6th centuries BCE) known for its wealth and early coinage production. The city had a unique urban structure with fortified walls, terraces, and distinct zones, including settlements, sanctuaries, and cemeteries. The cemetery of Bin Tepe features some of the largest tumulus tombs in the world. The Lydians developed a distinct language and religious system and were widely mentioned in Greek, Roman, and European texts. Aft"
xanthos_letoon,Xanthos-Letoon,484,Cultural,(ii)(iii),2,TUR,Europe and North America,Europe,,,1988,1980s,37,False,False,126.4,True,3,Cultural Landscape,https://whc.unesco.org/en/list/484,"This site, which was the capital of Lycia, illustrates the blending of Lycian traditions and Hellenic influence, especially in its funerary art. The epigraphic inscriptions are crucial for our understanding of the history of the Lycian people and their Indo-European language."
castles_and_town_walls_of_king_edward_in_gwynedd,Castles and Town Walls of King Edward in Gwynedd,374,Cultural,(i)(iii)(iv),3,GBR,Europe and North America,Europe,,,1986,1980s,39,False,False,6,True,4,Cultural Landscape,https://whc.unesco.org/en/list/374,"The castles of Beaumaris and Harlech (largely the work of the greatest military engineer of the time, James of St George) and the fortified complexes of Caernarfon and Conwy are located in the former principality of Gwynedd, in north Wales. These extremely well-preserved monuments are examples of the colonization and defence works carried out throughout the reign of Edward I (1272–1307) and the military architecture of the time."
residence_of_bukovinian_and_dalmatian_metropolitans,Residence of Bukovinian and Dalmatian Metropolitans,1330,Cultural,(ii)(iii)(iv),3,UKR,Europe and North America,Europe,,,2011,2010s,14,False,False,8,True,1,Cultural Landscape,https://whc.unesco.org/en/list/1330,"The Residence of Bukovinian and Dalmatian Metropolitans represents a masterful synergy of architectural styles built by Czech architect Josef Hlavka from 1864 to 1882. The property, an outstanding example of 19th-century historicist architecture, also includes a seminary and monastery and is dominated by the domed, cruciform Seminary Church with a garden and park. The complex expresses architectural and cultural influences from the Byzantine period onward and embodies the powerful presence of th"
l_viv_the_ensemble_of_the_historic_centre,L'viv – the Ensemble of the Historic Centre,865,Cultural,(ii)(v),2,UKR,Europe and North America,Europe,,,1998,1990s,27,False,True,120,True,2,Urban,https://whc.unesco.org/en/list/865,"The city of L''viv, founded in the late Middle Ages, was a flourishing administrative, religious and commercial centre for several centuries. The medieval urban topography has been preserved virtually intact (in particular, there is evidence of the different ethnic communities who lived there), along with many fine Baroque and later buildings."
kyiv_saint_sophia_cathedral_and_related_monastic_buildings_kyiv_pechersk_lavra,"Kyiv: Saint-Sophia Cathedral and Related Monastic Buildings, Kyiv-Pechersk Lavra",527,Cultural,(i)(ii)(iii)(iv),4,UKR,Europe and North America,Europe,,,1990,1990s,35,False,True,28.52,True,3,Cultural Landscape,https://whc.unesco.org/en/list/527,"Designed to rival Hagia Sophia in Constantinople, Kyiv's Saint-Sophia Cathedral symbolizes the 'new Constantinople', capital of the Christian principality of Kyiv, which was created in the 11th century in a region evangelized after the baptism of St Vladimir in 988. The spiritual and intellectual influence of Kyiv-Pechersk Lavra contributed to the spread of Orthodox thought and the Orthodox faith in the Russian world from the 17th to the 19th century."
the_historic_centre_of_odesa,The Historic Centre of Odesa,1703,Cultural,(ii)(iv),2,UKR,Europe and North America,Europe,,,2023,2020s,2,False,True,618.54,True,1,Coastal,https://whc.unesco.org/en/list/1703,"The Historic Center of Odesa, part of the Black Sea port city developed on the site of Khadzhybei, is a densely built-up area, planned according to classicism canons, characterized by two- to four-storey buildings and wide perpendicular streets lined with trees. Historic buildings reflect the rapid economic development of the city in the 19th and early 20th centuries. The site includes theatres, bridges, monuments, religious buildings, schools, private palaces and tenement houses, clubs, hotels,"
cultural_sites_of_al_ain_hafit_hili_bidaa_bint_saud_and_oases_areas,"Cultural Sites of Al Ain (Hafit, Hili, Bidaa Bint Saud and Oases Areas)",1343,Cultural,(iii)(iv)(v),3,ARE,Arab States,Asia,,,2011,2010s,14,False,False,4945.45,True,17,Desert,https://whc.unesco.org/en/list/1343,"The Cultural Sites of Al Ain (Hafit, Hili, Bidaa Bint Saud and Oases Areas) constitute a serial property that testifies to sedentary human occupation of a desert region since the Neolithic period with vestiges of many prehistoric cultures. Remarkable vestiges in the property include circular stone tombs (ca 2500 B.C.), wells and a wide range of adobe constructions: residential buildings, towers, palaces and administrative buildings. Hili moreover features one of the oldest examples of the sophis"
blenheim_palace,Blenheim Palace,425,Cultural,(ii)(iv),2,GBR,Europe and North America,Europe,,,1987,1980s,38,False,False,0,True,1,Cultural Landscape,https://whc.unesco.org/en/list/425,"Blenheim Palace, near Oxford, stands in a romantic park created by the famous landscape gardener 'Capability' Brown. It was presented by the English nation to John Churchill, first Duke of Marlborough, in recognition of his victory in 1704 over French and Bavarian troops. Built between 1705 and 1722 and characterized by an eclectic style and a return to national roots, it is a perfect example of an 18th-century princely dwelling."
cornwall_and_west_devon_mining_landscape,Cornwall and West Devon Mining Landscape,1215,Cultural,(ii)(iii)(iv),3,GBR,Europe and North America,Europe,,,2006,2000s,19,False,False,19719,True,10,Urban,https://whc.unesco.org/en/list/1215,"Much of the landscape of Cornwall and West Devon was transformed in the 18th and early 19th centuries as a result of the rapid growth of pioneering copper and tin mining. Its deep underground mines, engine houses, foundries, new towns, smallholdings, ports and harbours, and their ancillary industries together reflect prolific innovation which, in the early 19th century, enabled the region to produce two-thirds of the world’s supply of copper. The substantial remains are a testimony to the contri"
gough_and_inaccessible_islands,Gough and Inaccessible Islands,740,Natural,(vii)(x),2,GBR,Europe and North America,Europe,,,1995,1990s,30,False,False,397900,True,2,Coastal,https://whc.unesco.org/en/list/740,"The site, located in the south Atlantic, is one of the least-disrupted island and marine ecosystems in the cool temperate zone. The spectacular cliffs of Gough and Inaccessible Islands, towering above the ocean, are free of introduced mammals and home to one of the world’s largest colonies of sea birds. Gough Island is home to two endemic species of land birds, the gallinule and the Gough rowettie, as well as to 12 endemic species of plants, while Inaccessible Island boasts two birds, eight plan"
ironbridge_gorge,Ironbridge Gorge,371,Cultural,(i)(ii)(iv),3,GBR,Europe and North America,Europe,,,1986,1980s,39,False,False,547.9,True,1,Cultural Landscape,https://whc.unesco.org/en/list/371,"Ironbridge is known throughout the world as the symbol of the Industrial Revolution. It contains all the elements of progress that contributed to the rapid development of this industrial region in the 18th century, from the mines themselves to the railway lines. Nearby, the blast furnace of Coalbrookdale, built in 1708, is a reminder of the discovery of coke. The bridge at Ironbridge, the world's first bridge constructed of iron, had a considerable influence on developments in the fields of tech"
maritime_greenwich,Maritime Greenwich,795,Cultural,(i)(ii)(iv),3,GBR,Europe and North America,Europe,,,1997,1990s,28,False,False,109.5,True,1,Cultural Landscape,https://whc.unesco.org/en/list/795,"The ensemble of buildings at Greenwich, an outlying district of London, and the park in which they are set, symbolize English artistic and scientific endeavour in the 17th and 18th centuries. The Queen's House (by Inigo Jones) was the first Palladian building in England, while the complex that was until recently the Royal Naval College was designed by Christopher Wren. The park, laid out on the basis of an original design by André Le Nôtre, contains the Old Royal Observatory, the work of Wren an"
historic_town_of_st_george_and_related_fortifications_bermuda,"Historic Town of St George and Related Fortifications, Bermuda",983,Cultural,(iv),1,GBR,Europe and North America,Europe,,,2000,2000s,25,False,False,257.5,True,24,Urban,https://whc.unesco.org/en/list/983,"The Town of St George, founded in 1612, is an outstanding example of the earliest English urban settlement in the New World. Its associated fortifications graphically illustrate the development of English military engineering from the 17th to the 20th century, being adapted to take account of the development of artillery over this period."
pontcysyllte_aqueduct_and_canal,Pontcysyllte Aqueduct and Canal,1303,Cultural,(i)(ii)(iv),3,GBR,Europe and North America,Europe,,,2009,2000s,16,False,False,105,True,1,Cultural Landscape,https://whc.unesco.org/en/list/1303,"Situated in north-eastern Wales, the 18 kilometre long Pontcysyllte Aqueduct and Canal is a feat of civil engineering of the Industrial Revolution, completed in the early years of the 19th century. Covering a difficult geographical setting, the building of the canal required substantial, bold civil engineering solutions, especially as it was built without using locks. The aqueduct is a pioneering masterpiece of engineering and monumental metal architecture, conceived by the celebrated civil engi"
royal_botanic_gardens_kew,"Royal Botanic Gardens, Kew",1084,Cultural,(ii)(iii)(iv),3,GBR,Europe and North America,Europe,,,2003,2000s,22,False,False,132,True,1,Cultural Landscape,https://whc.unesco.org/en/list/1084,"This historic landscape garden features elements that illustrate significant periods of the art of gardens from the 18th to the 20th centuries. The gardens house botanic collections (conserved plants, living plants and documents) that have been considerably enriched through the centuries. Since their creation in 1759, the gardens have made a significant and uninterrupted contribution to the study of plant diversity and economic botany."
the_english_lake_district,The English Lake District,422,Cultural,(ii)(v),2,GBR,Europe and North America,Europe,,,2017,2010s,8,False,False,229205.19,True,1,Mountain,https://whc.unesco.org/en/list/422,"Located in northwest England, the English Lake District is a mountainous area, whose valleys have been modelled by glaciers in the Ice Age and subsequently shaped by an agro-pastoral land-use system characterized by fields enclosed by walls. The combined work of nature and human activity has produced a harmonious landscape in which the mountains are mirrored in the lakes. Grand houses, gardens and parks have been purposely created to enhance the landscape’s beauty. This landscape was greatly app"
studley_royal_park_including_the_ruins_of_fountains_abbey,Studley Royal Park including the Ruins of Fountains Abbey,372,Cultural,(i)(iv),2,GBR,Europe and North America,Europe,,,1986,1980s,39,False,False,310,True,2,Cultural Landscape,https://whc.unesco.org/en/list/372,"In the 18th century a designed landscape of exceptional beauty was created around the ruins of the Cistercian Fountains Abbey, in Yorkshire. The spectacular ruins of the 12th century abbey and water mill, the Jacobean mansion of Fountains Hall, the Victorian masterpiece St Mary’s Church and one of the most magnificent Georgian water gardens ever created, make this a landscape of outstanding merit."
selous_game_reserve,Selous Game Reserve,199,Natural,(ix)(x),2,TZA,Africa,Africa,,,1982,1980s,43,False,True,5120000,True,1,Natural Landscape,https://whc.unesco.org/en/list/199,"Large numbers of elephants, black rhinoceroses, cheetahs, giraffes, hippopotamuses and crocodiles live in this immense sanctuary, which measures 50,000 km2 and is relatively undisturbed by human impact. The park has a variety of vegetation zones, ranging from dense thickets to open wooded grasslands."
ngorongoro_conservation_area,Ngorongoro Conservation Area,39,Mixed,(iv)(vii)(viii)(ix)(x),5,TZA,Africa,Africa,,,1979,1970s,46,False,False,809440,True,1,Mountain,https://whc.unesco.org/en/list/39,"The Ngorongoro Conservation Area spans vast expanses of highland plains, savanna, savanna woodlands and forests. Established in 1959 as a multiple land use area, with wildlife coexisting with semi-nomadic Maasai pastoralists practicing traditional livestock grazing, it includes the spectacular Ngorongoro Crater, the world’s largest caldera. The property has global importance for biodiversity conservation due to the presence of globally threatened species, the density of wildlife inhabiting the a"
carlsbad_caverns_national_park,Carlsbad Caverns National Park,721,Natural,(vii)(viii),2,USA,Europe and North America,Europe,,,1995,1990s,30,False,False,18926,True,1,Natural Landscape,https://whc.unesco.org/en/list/721,"This karst landscape in the state of New Mexico comprises over 80 recognized caves. They are outstanding not only for their size but also for the profusion, diversity and beauty of their mineral formations. Lechuguilla Cave stands out from the others, providing an underground laboratory where geological and biological processes can be studied in a pristine setting."
hawaii_volcanoes_national_park,Hawaii Volcanoes National Park,409,Natural,(viii),1,USA,Europe and North America,Europe,,,1987,1980s,38,False,False,87940,True,2,Coastal,https://whc.unesco.org/en/list/409,"This site contains two of the most active volcanoes in the world, Mauna Loa (4,170 m high) and Kilauea (1,250 m high), both of which tower over the Pacific Ocean. Volcanic eruptions have created a constantly changing landscape, and the lava flows reveal surprising geological formations. Rare birds and endemic species can be found there, as well as forests of giant ferns."
grand_canyon_national_park,Grand Canyon National Park,75,Natural,(vii)(viii)(ix)(x),4,USA,Europe and North America,Europe,,,1979,1970s,46,False,False,493270,True,1,River/Valley,https://whc.unesco.org/en/list/75,"Carved out by the Colorado River, the Grand Canyon (nearly 1,500 m deep) is the most spectacular gorge in the world. Located in the state of Arizona, it cuts across the Grand Canyon National Park. Its horizontal strata retrace the geological history of the past 2 billion years. There are also prehistoric traces of human adaptation to a particularly harsh environment."
la_fortaleza_and_san_juan_national_historic_site_in_puerto_rico,La Fortaleza and San Juan National Historic Site in Puerto Rico,266,Cultural,,0,USA,Europe and North America,Europe,,,1983,1980s,42,False,False,33.39,True,3,Coastal,https://whc.unesco.org/en/list/266,"Between the 16th and 20th centuries, a series of defensive structures was built at this strategic point in the Caribbean Sea to protect the city and the Bay of San Juan. They represent a fine display of European military architecture adapted to harbour sites on the American continent."
mesa_verde_national_park,Mesa Verde National Park,27,Cultural,(iii),1,USA,Europe and North America,Europe,,,1978,1970s,47,False,False,21043,True,1,Cultural Landscape,https://whc.unesco.org/en/list/27,"A great concentration of ancestral Pueblo Indian dwellings, built from the 6th to the 12th century, can be found on the Mesa Verde plateau in south-west Colorado at an altitude of more than 2,600 m. Some 4,400 sites have been recorded, including villages built on the Mesa top. There are also imposing cliff dwellings, built of stone and comprising more than 100 rooms."
papahanaumokuakea,Papahānaumokuākea,1326,Mixed,(iii)(viii)(ix)(x),4,USA,Europe and North America,Europe,,,2010,2010s,15,False,False,36207499,True,1,Coastal,https://whc.unesco.org/en/list/1326,"Papahānaumokuākea is a vast and isolated linear cluster of small, low lying islands and atolls, with their surrounding ocean, roughly 250 km to the northwest of the main Hawaiian Archipelago and extending over some 1931 km. The area has deep cosmological and traditional significance for living Native Hawaiian culture, as an ancestral environment, as an embodiment of the Hawaiian concept of kinship between people and the natural world, and as the place where it is believed that life originates an"
statue_of_liberty,Statue of Liberty,307,Cultural,(i),1,USA,Europe and North America,Europe,,,1984,1980s,41,False,False,5.95,True,1,Cultural Landscape,https://whc.unesco.org/en/list/307,"Made in Paris by the French sculptor Bartholdi, in collaboration with Gustave Eiffel (who was responsible for the steel framework), this towering monument to liberty was a gift from France on the centenary of American independence. Inaugurated in 1886, the sculpture stands at the entrance to New York Harbour and has welcomed millions of immigrants to the United States ever since."
redwood_national_and_state_parks,Redwood National and State Parks,134,Natural,(vii)(ix),2,USA,Europe and North America,Europe,,,1980,1980s,45,False,False,41571,True,1,Mountain,https://whc.unesco.org/en/list/134,"Redwood National Park comprises a region of coastal mountains bordering the Pacific Ocean north of San Francisco. It is covered with a magnificent forest of coastal redwood trees, the tallest and most impressive trees in the world. The marine and land life are equally remarkable, in particular the sea lions, the bald eagle and the endangered California brown pelican."
yosemite_national_park,Yosemite National Park,308,Natural,(vii)(viii),2,USA,Europe and North America,Europe,,,1984,1980s,41,False,False,307934,True,1,River/Valley,https://whc.unesco.org/en/list/308,"Yosemite National Park lies in the heart of California. With its 'hanging' valleys, many waterfalls, cirque lakes, polished domes, moraines and U-shaped valleys, it provides an excellent overview of all kinds of granite relief fashioned by glaciation. At 600–4,000 m, a great variety of flora and fauna can also be found here."
yellowstone_national_park,Yellowstone National Park,28,Natural,(vii)(viii)(ix)(x),4,USA,Europe and North America,Europe,,,1978,1970s,47,False,False,898349,True,1,Forest,https://whc.unesco.org/en/list/28,"The vast natural forest of Yellowstone National Park covers nearly 9,000 km2 ; 96% of the park lies in Wyoming, 3% in Montana and 1% in Idaho. Yellowstone contains half of all the world's known geothermal features, with more than 10,000 examples. It also has the world's largest concentration of geysers (more than 300 geyers, or two thirds of all those on the planet). Established in 1872, Yellowstone is equally known for its wildlife, such as grizzly bears, wolves, bison and wapitis."
itchan_kala,Itchan Kala,543,Cultural,(iii)(iv)(v),3,UZB,Asia and the Pacific,Unknown,,,1990,1990s,35,False,False,37.5,True,1,Desert,https://whc.unesco.org/en/list/543,"Itchan Kala is the inner town (protected by brick walls some 10 m high) of the old Khiva oasis, which was the last resting-place of caravans before crossing the desert to Iran. Although few very old monuments still remain, it is a coherent and well-preserved example of the Muslim architecture of Central Asia. There are several outstanding structures such as the Djuma Mosque, the mausoleums and the madrasas and the two magnificent palaces built at the beginning of the 19th century by Alla-Kulli-K"
coro_and_its_port,Coro and its Port,658,Cultural,(iv)(v),2,VEN,Latin America and the Caribbean,Americas,,,1993,1990s,32,False,True,18.4,True,2,Urban,https://whc.unesco.org/en/list/658,"With its earthen constructions unique to the Caribbean, Coro is the only surviving example of a rich fusion of local traditions with Spanish Mudéjar and Dutch architectural techniques. One of the first colonial towns (founded in 1527), it has some 602 historic buildings."
hoi_an_ancient_town,Hoi An Ancient Town,948,Cultural,(ii)(v),2,VNM,Asia and the Pacific,Unknown,,,1999,1990s,26,False,False,30,True,1,Urban,https://whc.unesco.org/en/list/948,"Hoi An Ancient Town is an exceptionally well-preserved example of a South-East Asian trading port dating from the 15th to the 19th century. Its buildings and its street plan reflect the influences, both indigenous and foreign, that have combined to produce this unique heritage site."
historic_town_of_zabid,Historic Town of Zabid,611,Cultural,(ii)(iv),2,YEM,Arab States,Asia,,,1993,1990s,32,False,True,,True,1,Urban,https://whc.unesco.org/en/list/611,"Zabid's domestic and military architecture and its urban plan make it an outstanding archaeological and historical site. Besides being the capital of Yemen from the 13th to the 15th century, the city played an important role in the Arab and Muslim world for many centuries because of its Islamic university."
great_zimbabwe_national_monument,Great Zimbabwe National Monument,364,Cultural,(i)(iii),2,ZWE,Africa,Africa,,,1986,1980s,39,False,False,722,True,1,Urban,https://whc.unesco.org/en/list/364,"The ruins of Great Zimbabwe – the capital of the Queen of Sheba, according to an age-old legend – are a unique testimony to the Bantu civilization of the Shona between the 11th and 15th centuries. The city, which covers an area of nearly 80 ha, was an important trading centre and was renowned from the Middle Ages onwards."
old_city_of_sana_a,Old City of Sana'a,385,Cultural,(iv)(v),2,YEM,Arab States,Asia,,,1986,1980s,39,False,True,,True,1,Mountain,https://whc.unesco.org/en/list/385,"Situated in a mountain valley at an altitude of 2,200 m, Sana’a has been inhabited for more than 2,500 years. In the 7th and 8th centuries the city became a major centre for the propagation of Islam. This religious and political heritage can be seen in the 103 mosques, 14 hammams and over 6,000 houses, all built before the 11th century. Sana’a’s many-storeyed tower-houses built of rammed earth (pisé) add to the beauty of the site."
khami_ruins_national_monument,Khami Ruins National Monument,365,Cultural,(iii)(iv),2,ZWE,Africa,Africa,,,1986,1980s,39,False,False,0,True,1,Cultural Landscape,https://whc.unesco.org/en/list/365,"Khami, which developed after the capital of Great Zimbabwe had been abandoned in the mid-16th century, is of great archaeological interest. The discovery of objects from Europe and China shows that Khami was a major centre for trade over a long period of time."
mana_pools_national_park_sapi_and_chewore_safari_areas,"Mana Pools National Park, Sapi and Chewore Safari Areas",302,Natural,(vii)(ix)(x),3,ZWE,Africa,Africa,,,1984,1980s,41,False,False,676600,True,1,River/Valley,https://whc.unesco.org/en/list/302,"On the banks of the Zambezi, great cliffs overhang the river and the floodplains. The area is home to a remarkable concentration of wild animals, including elephants, buffalo, leopards and cheetahs. An important concentration of Nile crocodiles is also be found in the area."
matobo_hills,Matobo Hills,306,Cultural,(iii)(v),2,ZWE,Africa,Africa,,,2003,2000s,22,False,False,205000,True,1,Cultural Landscape,https://whc.unesco.org/en/list/306,"The area exhibits a profusion of distinctive rock landforms rising above the granite shield that covers much of Zimbabwe. The large boulders provide abundant natural shelters and have been associated with human occupation from the early Stone Age right through to early historical times, and intermittently since. They also feature an outstanding collection of rock paintings. The Matobo Hills continue to provide a strong focus for the local community, which still uses shrines and sacred places clo"
