site_key,name,country,category,inscription_year,unesco_url
butrint,Butrint,ALB,Cultural,1992,https://whc.unesco.org/en/list/570
al_qal_a_of_beni_hammad,Al Qal'a of Beni Hammad,DZA,Cultural,1980,https://whc.unesco.org/en/list/102
m_zab_valley,M'Zab Valley,DZA,Cultural,1982,https://whc.unesco.org/en/list/188
kasbah_of_algiers,Kasbah of Algiers,DZA,Cultural,1992,https://whc.unesco.org/en/list/565
timgad,Timgad,DZA,Cultural,1982,https://whc.unesco.org/en/list/194
mbanza_kongo_vestiges_of_the_capital_of_the_former_kingdom_of_kongo,"Mbanza Kongo, Vestiges of the Capital of the former Kingdom of Kongo",AGO,Cultural,2017,https://whc.unesco.org/en/list/1511
esma_museum_and_site_of_memory_former_clandestine_centre_of_detention_torture_and_extermination,"ESMA Museum and Site of Memory – Former Clandestine Centre of Detention, Torture and Extermination",ARG,Cultural,2023,https://whc.unesco.org/en/list/1681
ischigualasto_talampaya_natural_parks,Ischigualasto / Talampaya Natural Parks,ARG,Natural,2000,https://whc.unesco.org/en/list/966
cueva_de_las_manos_rio_pinturas,"Cueva de las Manos, Río Pinturas",ARG,Cultural,1999,https://whc.unesco.org/en/list/936
iguazu_national_park,Iguazu National Park,ARG,Natural,1984,https://whc.unesco.org/en/list/303
monasteries_of_haghpat_and_sanahin,Monasteries of Haghpat and Sanahin,ARM,Cultural,1996,https://whc.unesco.org/en/list/777
greater_blue_mountains_area,Greater Blue Mountains Area,AUS,Natural,2000,https://whc.unesco.org/en/list/917
monastery_of_geghard_and_the_upper_azat_valley,Monastery of Geghard and the Upper Azat Valley,ARM,Cultural,2000,https://whc.unesco.org/en/list/960
australian_fossil_mammal_sites_riversleigh_naracoorte,Australian Fossil Mammal Sites (Riversleigh / Naracoorte),AUS,Natural,1994,https://whc.unesco.org/en/list/698
australian_convict_sites,Australian Convict Sites,AUS,Cultural,2010,https://whc.unesco.org/en/list/1306
kakadu_national_park,Kakadu National Park,AUS,Mixed,1981,https://whc.unesco.org/en/list/147
great_barrier_reef,Great Barrier Reef,AUS,Natural,1981,https://whc.unesco.org/en/list/154
paraty_and_ilha_grande_culture_and_biodiversity,Paraty and Ilha Grande – Culture and Biodiversity,BRA,Mixed,2019,https://whc.unesco.org/en/list/1308
ningaloo_coast,Ningaloo Coast,AUS,Natural,2011,https://whc.unesco.org/en/list/1369
lord_howe_island_group,Lord Howe Island Group,AUS,Natural,1982,https://whc.unesco.org/en/list/186
shark_bay_western_australia,"Shark Bay, Western Australia",AUS,Natural,1991,https://whc.unesco.org/en/list/578
sydney_opera_house,Sydney Opera House,AUS,Cultural,2007,https://whc.unesco.org/en/list/166
royal_exhibition_building_and_carlton_gardens,Royal Exhibition Building and Carlton Gardens,AUS,Cultural,2004,https://whc.unesco.org/en/list/1131
wet_tropics_of_queensland,Wet Tropics of Queensland,AUS,Natural,1988,https://whc.unesco.org/en/list/486
prehistoric_pile_dwellings_around_the_alps,Prehistoric Pile Dwellings around the Alps,ITA,Cultural,2011,https://whc.unesco.org/en/list/1363
wachau_cultural_landscape,Wachau Cultural Landscape,AUT,Cultural,2000,https://whc.unesco.org/en/list/970
cultural_landscape_of_khinalig_people_and_koc_yolu_transhumance_route,Cultural Landscape of Khinalig People and “Köç Yolu” Transhumance Route,AZE,Cultural,2023,https://whc.unesco.org/en/list/1696
pearling_testimony_of_an_island_economy,"Pearling, Testimony of an Island Economy",BHR,Cultural,2012,https://whc.unesco.org/en/list/1364
historic_centre_of_sheki_with_the_khans_palace,Historic Centre of Sheki with the Khan’s Palace,AZE,Cultural,2019,https://whc.unesco.org/en/list/1549
fujian_em_tulou_em,Fujian <em>Tulou</em>,CHN,Cultural,2008,https://whc.unesco.org/en/list/1113
walled_city_of_baku_with_the_shirvanshah_s_palace_and_maiden_tower,Walled City of Baku with the Shirvanshah's Palace and Maiden Tower,AZE,Cultural,2000,https://whc.unesco.org/en/list/958
the_sundarbans,The Sundarbans,BGD,Natural,1997,https://whc.unesco.org/en/list/798
qalat_al_bahrain_ancient_harbour_and_capital_of_dilmun,Qal’at al-Bahrain – Ancient Harbour and Capital of Dilmun,BHR,Cultural,2005,https://whc.unesco.org/en/list/1192
belfries_of_belgium_and_france,Belfries of Belgium and France,FRA,Cultural,1999,https://whc.unesco.org/en/list/943
koutammakou_the_land_of_the_batammariba,"Koutammakou, the Land of the Batammariba",TGO,Cultural,2004,https://whc.unesco.org/en/list/1140
neolithic_flint_mines_at_spiennes_mons,Neolithic Flint Mines at Spiennes (Mons),BEL,Cultural,2000,https://whc.unesco.org/en/list/1006
the_four_lifts_on_the_canal_du_centre_and_their_environs_la_louviere_and_le_roeulx_hainaut,"The Four Lifts on the Canal du Centre and their Environs, La Louvière and Le Roeulx (Hainaut)",BEL,Cultural,1998,https://whc.unesco.org/en/list/856
stoclet_house,Stoclet House,BEL,Cultural,2009,https://whc.unesco.org/en/list/1298
jesuit_missions_of_the_chiquitos,Jesuit Missions of the Chiquitos,BOL,Cultural,1990,https://whc.unesco.org/en/list/529
mehmed_pasa_sokolovic_bridge_in_visegrad,Mehmed Paša Sokolović Bridge in Višegrad,BIH,Cultural,2007,https://whc.unesco.org/en/list/1260
tsodilo,Tsodilo,BWA,Cultural,2001,https://whc.unesco.org/en/list/1021
vjetrenica_cave_ravno,"Vjetrenica Cave, Ravno",BIH,Natural,2024,https://whc.unesco.org/en/list/1673
brasilia,Brasilia,BRA,Cultural,1987,https://whc.unesco.org/en/list/445
brazilian_atlantic_islands_fernando_de_noronha_and_atol_das_rocas_reserves,Brazilian Atlantic Islands: Fernando de Noronha and Atol das Rocas Reserves,BRA,Natural,2001,https://whc.unesco.org/en/list/1000
discovery_coast_atlantic_forest_reserves,Discovery Coast Atlantic Forest Reserves,BRA,Natural,1999,https://whc.unesco.org/en/list/892
historic_centre_of_the_town_of_olinda,Historic Centre of the Town of Olinda,BRA,Cultural,1982,https://whc.unesco.org/en/list/189
historic_centre_of_the_town_of_goias,Historic Centre of the Town of Goiás,BRA,Cultural,2001,https://whc.unesco.org/en/list/993
pantanal_conservation_area,Pantanal Conservation Area,BRA,Natural,2000,https://whc.unesco.org/en/list/999
pampulha_modern_ensemble,Pampulha Modern Ensemble,BRA,Cultural,2016,https://whc.unesco.org/en/list/1493
peruacu_river_canyon,Peruaçu River Canyon,BRA,Natural,2025,https://whc.unesco.org/en/list/1747
rio_de_janeiro_carioca_landscapes_between_the_mountain_and_the_sea,Rio de Janeiro: Carioca Landscapes between the Mountain and the Sea,BRA,Cultural,2012,https://whc.unesco.org/en/list/1100
valongo_wharf_archaeological_site,Valongo Wharf Archaeological Site,BRA,Cultural,2017,https://whc.unesco.org/en/list/1548
sitio_roberto_burle_marx,Sítio Roberto Burle Marx,BRA,Cultural,2021,https://whc.unesco.org/en/list/1620
pirin_national_park,Pirin National Park,BGR,Natural,1983,https://whc.unesco.org/en/list/225
rila_monastery,Rila Monastery,BGR,Cultural,1983,https://whc.unesco.org/en/list/216
cidade_velha_historic_centre_of_ribeira_grande,"Cidade Velha, Historic Centre of Ribeira Grande",CPV,Cultural,2009,https://whc.unesco.org/en/list/1310
kulangsu_a_historic_international_settlement,"Kulangsu, a Historic International Settlement",CHN,Cultural,2017,https://whc.unesco.org/en/list/1541
koh_ker_archaeological_site_of_ancient_lingapura_or_chok_gargyar,Koh Ker: Archaeological Site of Ancient Lingapura or Chok Gargyar,KHM,Cultural,2023,https://whc.unesco.org/en/list/1667
temple_zone_of_sambor_prei_kuk_archaeological_site_of_ancient_ishanapura,"Temple Zone of Sambor Prei Kuk, Archaeological Site of Ancient Ishanapura",KHM,Cultural,2017,https://whc.unesco.org/en/list/1532
diy_gid_biy_cultural_landscape_of_the_mandara_mountains,Diy-Gid-Biy Cultural Landscape of the Mandara Mountains,CMR,Cultural,2025,https://whc.unesco.org/en/list/1745
gros_morne_national_park,Gros Morne National Park,CAN,Natural,1987,https://whc.unesco.org/en/list/419
dinosaur_provincial_park,Dinosaur Provincial Park,CAN,Natural,1979,https://whc.unesco.org/en/list/71
lanse_aux_meadows_national_historic_site,L’Anse aux Meadows National Historic Site,CAN,Cultural,1978,https://whc.unesco.org/en/list/4
mistaken_point,Mistaken Point,CAN,Natural,2016,https://whc.unesco.org/en/list/1497
nahanni_national_park,Nahanni National Park,CAN,Natural,1978,https://whc.unesco.org/en/list/24
red_bay_basque_whaling_station,Red Bay Basque Whaling Station,CAN,Cultural,2013,https://whc.unesco.org/en/list/1412
pimachiowin_aki,Pimachiowin Aki,CAN,Mixed,2018,https://whc.unesco.org/en/list/1415
trondek_klondike,Tr’ondëk-Klondike,CAN,Cultural,2023,https://whc.unesco.org/en/list/1564
writing_on_stone_aisinaipi,Writing-on-Stone / Áísínai’pi,CAN,Cultural,2019,https://whc.unesco.org/en/list/1597
churches_of_chiloe,Churches of Chiloé,CHL,Cultural,2000,https://whc.unesco.org/en/list/971
sewell_mining_town,Sewell Mining Town,CHL,Cultural,2006,https://whc.unesco.org/en/list/1214
beijing_central_axis_a_building_ensemble_exhibiting_the_ideal_order_of_the_chinese_capital,Beijing Central Axis: A Building Ensemble Exhibiting the Ideal Order of the Chinese Capital,CHN,Cultural,2024,https://whc.unesco.org/en/list/1714
archaeological_ruins_of_liangzhu_city,Archaeological Ruins of Liangzhu City,CHN,Cultural,2019,https://whc.unesco.org/en/list/1592
ancient_villages_in_southern_anhui_xidi_and_hongcun,Ancient Villages in Southern Anhui – Xidi and Hongcun,CHN,Cultural,2000,https://whc.unesco.org/en/list/1002
china_danxia,China Danxia,CHN,Natural,2010,https://whc.unesco.org/en/list/1335
chengjiang_fossil_site,Chengjiang Fossil Site,CHN,Natural,2012,https://whc.unesco.org/en/list/1388
capital_cities_and_tombs_of_the_ancient_koguryo_kingdom,Capital Cities and Tombs of the Ancient Koguryo Kingdom,CHN,Cultural,2004,https://whc.unesco.org/en/list/1135
historic_centre_of_macao,Historic Centre of Macao,CHN,Cultural,2005,https://whc.unesco.org/en/list/1110
historic_monuments_of_dengfeng_in_the_centre_of_heaven_and_earth,Historic Monuments of Dengfeng in “The Centre of Heaven and Earth”,CHN,Cultural,2010,https://whc.unesco.org/en/list/1305
huanglong_scenic_and_historic_interest_area,Huanglong Scenic and Historic Interest Area,CHN,Natural,1992,https://whc.unesco.org/en/list/638
imperial_palaces_of_the_ming_and_qing_dynasties_in_beijing_and_shenyang,Imperial Palaces of the Ming and Qing Dynasties in Beijing and Shenyang,CHN,Cultural,1987,https://whc.unesco.org/en/list/439
mausoleum_of_the_first_qin_emperor,Mausoleum of the First Qin Emperor,CHN,Cultural,1987,https://whc.unesco.org/en/list/441
migratory_bird_sanctuaries_along_the_coast_of_yellow_sea_bohai_gulf_of_china,Migratory Bird Sanctuaries along the Coast of Yellow Sea-Bohai Gulf of China,CHN,Natural,2019,https://whc.unesco.org/en/list/1606
lushan_national_park,Lushan National Park,CHN,Cultural,1996,https://whc.unesco.org/en/list/778
mount_huangshan,Mount Huangshan,CHN,Mixed,1990,https://whc.unesco.org/en/list/547
mount_wutai,Mount Wutai,CHN,Cultural,2009,https://whc.unesco.org/en/list/1279
mount_taishan,Mount Taishan,CHN,Mixed,1987,https://whc.unesco.org/en/list/437
peking_man_site_at_zhoukoudian,Peking Man Site at Zhoukoudian,CHN,Cultural,1987,https://whc.unesco.org/en/list/449
south_china_karst,South China Karst,CHN,Natural,2007,https://whc.unesco.org/en/list/1248
quanzhou_emporium_of_the_world_in_song_yuan_china,Quanzhou: Emporium of the World in Song-Yuan China,CHN,Cultural,2021,https://whc.unesco.org/en/list/1561
summer_palace_an_imperial_garden_in_beijing,"Summer Palace, an Imperial Garden in Beijing",CHN,Cultural,1998,https://whc.unesco.org/en/list/880
the_grand_canal,The Grand Canal,CHN,Cultural,2014,https://whc.unesco.org/en/list/1443
temple_of_heaven_an_imperial_sacrificial_altar_in_beijing,Temple of Heaven: an Imperial Sacrificial Altar in Beijing,CHN,Cultural,1998,https://whc.unesco.org/en/list/881
yungang_grottoes,Yungang Grottoes,CHN,Cultural,2001,https://whc.unesco.org/en/list/1039
xixia_imperial_tombs,Xixia Imperial Tombs,CHN,Cultural,2025,https://whc.unesco.org/en/list/1736
zuojiang_huashan_rock_art_cultural_landscape,Zuojiang Huashan Rock Art Cultural Landscape,CHN,Cultural,2016,https://whc.unesco.org/en/list/1508
historic_centre_of_santa_cruz_de_mompox,Historic Centre of Santa Cruz de Mompox,COL,Cultural,1995,https://whc.unesco.org/en/list/742
coffee_cultural_landscape_of_colombia,Coffee Cultural Landscape of Colombia,COL,Cultural,2011,https://whc.unesco.org/en/list/1121
malpelo_fauna_and_flora_sanctuary,Malpelo Fauna and Flora Sanctuary,COL,Natural,2006,https://whc.unesco.org/en/list/1216
cocos_island_national_park,Cocos Island National Park,CRI,Natural,1997,https://whc.unesco.org/en/list/820
historic_town_of_grand_bassam,Historic Town of Grand-Bassam,CIV,Cultural,2012,https://whc.unesco.org/en/list/1322
sudanese_style_mosques_in_northern_cote_divoire,Sudanese style mosques in northern Côte d’Ivoire,CIV,Cultural,2021,https://whc.unesco.org/en/list/1648
historic_city_of_trogir,Historic City of Trogir,HRV,Cultural,1997,https://whc.unesco.org/en/list/810
old_city_of_dubrovnik,Old City of Dubrovnik,HRV,Cultural,1979,https://whc.unesco.org/en/list/95
old_havana_and_its_fortification_system,Old Havana and its Fortification System,CUB,Cultural,1982,https://whc.unesco.org/en/list/204
trinidad_and_the_valley_de_los_ingenios,Trinidad and the Valley de los Ingenios,CUB,Cultural,1988,https://whc.unesco.org/en/list/460
vinales_valley,Viñales Valley,CUB,Cultural,1999,https://whc.unesco.org/en/list/840
paphos,Paphos,CYP,Cultural,1980,https://whc.unesco.org/en/list/79
jewish_quarter_and_st_procopius_basilica_in_trebic,Jewish Quarter and St Procopius' Basilica in Třebíč,CZE,Cultural,2003,https://whc.unesco.org/en/list/1078
lednice_valtice_cultural_landscape,Lednice-Valtice Cultural Landscape,CZE,Cultural,1996,https://whc.unesco.org/en/list/763
pilgrimage_church_of_st_john_of_nepomuk_at_zelena_hora,Pilgrimage Church of St John of Nepomuk at Zelená Hora,CZE,Cultural,1994,https://whc.unesco.org/en/list/690
buddhist_monuments_in_the_horyu_ji_area,Buddhist Monuments in the Horyu-ji Area,JPN,Cultural,1993,https://whc.unesco.org/en/list/660
zatec_and_the_landscape_of_saaz_hops,Žatec and the Landscape of Saaz Hops,CZE,Cultural,2023,https://whc.unesco.org/en/list/1558
complex_of_koguryo_tombs,Complex of Koguryo Tombs,PRK,Cultural,2004,https://whc.unesco.org/en/list/1091
virunga_national_park,Virunga National Park,COD,Natural,1979,https://whc.unesco.org/en/list/63
kronborg_castle,Kronborg Castle,DNK,Cultural,2000,https://whc.unesco.org/en/list/696
ilulissat_icefjord,Ilulissat Icefjord,DNK,Natural,2004,https://whc.unesco.org/en/list/1149
the_par_force_hunting_landscape_in_north_zealand,The par force hunting landscape in North Zealand,DNK,Cultural,2015,https://whc.unesco.org/en/list/1469
stevns_klint,Stevns Klint,DNK,Natural,2014,https://whc.unesco.org/en/list/1416
moravian_church_settlements,Moravian Church Settlements,DNK,Cultural,2015,https://whc.unesco.org/en/list/1468
colonial_city_of_santo_domingo,Colonial City of Santo Domingo,DOM,Cultural,1990,https://whc.unesco.org/en/list/526
viking_age_ring_fortresses,Viking-Age Ring Fortresses,DNK,Cultural,2023,https://whc.unesco.org/en/list/1660
city_of_quito,City of Quito,ECU,Cultural,1978,https://whc.unesco.org/en/list/2
melka_kunture_and_balchit_archaeological_and_palaeontological_sites_in_the_highland_area_of_ethiopia,Melka Kunture and Balchit: Archaeological and Palaeontological Sites in the Highland Area of Ethiopia,ETH,Cultural,2024,https://whc.unesco.org/en/list/13
memphis_and_its_necropolis_the_pyramid_fields_from_giza_to_dahshur,Memphis and its Necropolis – the Pyramid Fields from Giza to Dahshur,EGY,Cultural,1979,https://whc.unesco.org/en/list/86
historic_cairo,Historic Cairo,EGY,Cultural,1979,https://whc.unesco.org/en/list/89
wadi_al_hitan_whale_valley,Wadi Al-Hitan (Whale Valley),EGY,Natural,2005,https://whc.unesco.org/en/list/1186
nubian_monuments_from_abu_simbel_to_philae,Nubian Monuments from Abu Simbel to Philae,EGY,Cultural,1979,https://whc.unesco.org/en/list/88
bale_mountains_national_park,Bale Mountains National Park,ETH,Natural,2023,https://whc.unesco.org/en/list/111
harar_jugol_the_fortified_historic_town,"Harar Jugol, the Fortified Historic Town",ETH,Cultural,2006,https://whc.unesco.org/en/list/1189
tiya,Tiya,ETH,Cultural,1980,https://whc.unesco.org/en/list/12
high_coast_kvarken_archipelago,High Coast / Kvarken Archipelago,SWE,Natural,2000,https://whc.unesco.org/en/list/898
bronze_age_burial_site_of_sammallahdenmaki,Bronze Age Burial Site of Sammallahdenmäki,FIN,Cultural,1999,https://whc.unesco.org/en/list/579
amiens_cathedral,Amiens Cathedral,FRA,Cultural,1981,https://whc.unesco.org/en/list/162
arles_roman_and_romanesque_monuments,"Arles, Roman and Romanesque Monuments",FRA,Cultural,1981,https://whc.unesco.org/en/list/164
cathedral_of_notre_dame_former_abbey_of_saint_remi_and_palace_of_tau_reims,"Cathedral of Notre-Dame, Former Abbey of Saint-Rémi and Palace of Tau, Reims",FRA,Cultural,1991,https://whc.unesco.org/en/list/601
canal_du_midi,Canal du Midi,FRA,Cultural,1996,https://whc.unesco.org/en/list/770
cistercian_abbey_of_fontenay,Cistercian Abbey of Fontenay,FRA,Cultural,1981,https://whc.unesco.org/en/list/165
decorated_cave_of_pont_darc_known_as_grotte_chauvet_pont_darc_ardeche,"Decorated Cave of Pont d’Arc, known as Grotte Chauvet-Pont d’Arc, Ardèche",FRA,Cultural,2014,https://whc.unesco.org/en/list/1426
cordouan_lighthouse,Cordouan Lighthouse,FRA,Cultural,2021,https://whc.unesco.org/en/list/1625
chartres_cathedral,Chartres Cathedral,FRA,Cultural,1979,https://whc.unesco.org/en/list/81
fagus_factory_in_alfeld,Fagus Factory in Alfeld,DEU,Cultural,2011,https://whc.unesco.org/en/list/1368
from_the_great_saltworks_of_salins_les_bains_to_the_royal_saltworks_of_arc_et_senans_the_production_of_open_pan_salt,"From the Great Saltworks of Salins-les-Bains to the Royal Saltworks of Arc-et-Senans, the Production of Open-pan Salt",FRA,Cultural,1982,https://whc.unesco.org/en/list/203
gulf_of_porto_calanche_of_piana_gulf_of_girolata_scandola_reserve,"Gulf of Porto: Calanche of Piana, Gulf of Girolata, Scandola Reserve",FRA,Natural,1983,https://whc.unesco.org/en/list/258
episcopal_city_of_albi,Episcopal City of Albi,FRA,Cultural,2010,https://whc.unesco.org/en/list/1337
historic_site_of_lyon,Historic Site of Lyon,FRA,Cultural,1998,https://whc.unesco.org/en/list/872
historic_centre_of_avignon_papal_palace_episcopal_ensemble_and_avignon_bridge,"Historic Centre of Avignon: Papal Palace, Episcopal Ensemble and Avignon Bridge",FRA,Cultural,1995,https://whc.unesco.org/en/list/228
nice_winter_resort_town_of_the_riviera,"Nice, Winter Resort Town of the Riviera",FRA,Cultural,2021,https://whc.unesco.org/en/list/1635
place_stanislas_place_de_la_carriere_and_place_d_alliance_in_nancy,"Place Stanislas, Place de la Carrière and Place d'Alliance in Nancy",FRA,Cultural,1983,https://whc.unesco.org/en/list/229
pont_du_gard_roman_aqueduct,Pont du Gard (Roman Aqueduct),FRA,Cultural,1985,https://whc.unesco.org/en/list/344
prehistoric_sites_and_decorated_caves_of_the_vezere_valley,Prehistoric Sites and Decorated Caves of the Vézère Valley,FRA,Cultural,1979,https://whc.unesco.org/en/list/85
pyrenees_mont_perdu,Pyrénées - Mont Perdu,ESP,Mixed,1997,https://whc.unesco.org/en/list/773
routes_of_santiago_de_compostela_in_france,Routes of Santiago de Compostela in France,FRA,Cultural,1998,https://whc.unesco.org/en/list/868
te_henua_enata_the_marquesas_islands,Te Henua Enata – The Marquesas Islands,FRA,Mixed,2024,https://whc.unesco.org/en/list/1707
vezelay_church_and_hill,"Vézelay, Church and Hill",FRA,Cultural,1979,https://whc.unesco.org/en/list/84
stone_circles_of_senegambia,Stone Circles of Senegambia,GMB,Cultural,2006,https://whc.unesco.org/en/list/1226
archaeological_border_complex_of_hedeby_and_the_danevirke,Archaeological Border complex of Hedeby and the Danevirke,DEU,Cultural,2018,https://whc.unesco.org/en/list/1553
berlin_modernism_housing_estates,Berlin Modernism Housing Estates,DEU,Cultural,2008,https://whc.unesco.org/en/list/1239
bauhaus_and_its_sites_in_weimar_dessau_and_bernau,"Bauhaus and its Sites in Weimar, Dessau and Bernau",DEU,Cultural,1996,https://whc.unesco.org/en/list/729
caves_and_ice_age_art_in_the_swabian_jura,Caves and Ice Age Art in the Swabian Jura,DEU,Cultural,2017,https://whc.unesco.org/en/list/1527
frontiers_of_the_roman_empire,Frontiers of the Roman Empire,GBR,Cultural,1987,https://whc.unesco.org/en/list/430
historic_centres_of_stralsund_and_wismar,Historic Centres of Stralsund and Wismar,DEU,Cultural,2002,https://whc.unesco.org/en/list/1067
monastic_island_of_reichenau,Monastic Island of Reichenau,DEU,Cultural,2000,https://whc.unesco.org/en/list/974
naumburg_cathedral,Naumburg Cathedral,DEU,Cultural,2018,https://whc.unesco.org/en/list/1470
palaces_and_parks_of_potsdam_and_berlin,Palaces and Parks of Potsdam and Berlin,DEU,Cultural,1990,https://whc.unesco.org/en/list/532
speicherstadt_and_kontorhaus_district_with_chilehaus,Speicherstadt and Kontorhaus District with Chilehaus,DEU,Cultural,2015,https://whc.unesco.org/en/list/1467
roman_monuments_cathedral_of_st_peter_and_church_of_our_lady_in_trier,"Roman Monuments, Cathedral of St Peter and Church of Our Lady in Trier",DEU,Cultural,1986,https://whc.unesco.org/en/list/367
the_palaces_of_king_ludwig_ii_of_bavaria_neuschwanstein_linderhof_schachen_and_herrenchiemsee,"The Palaces of King Ludwig II of Bavaria: Neuschwanstein, Linderhof, Schachen and Herrenchiemsee",DEU,Cultural,2025,https://whc.unesco.org/en/list/1726
st_mary_s_cathedral_and_st_michael_s_church_at_hildesheim,St Mary's Cathedral and St Michael's Church at Hildesheim,DEU,Cultural,1985,https://whc.unesco.org/en/list/187
wartburg_castle,Wartburg Castle,DEU,Cultural,1999,https://whc.unesco.org/en/list/897
zollverein_coal_mine_industrial_complex_in_essen,Zollverein Coal Mine Industrial Complex in Essen,DEU,Cultural,2001,https://whc.unesco.org/en/list/975
archaeological_sites_of_mycenae_and_tiryns,Archaeological Sites of Mycenae and Tiryns,GRC,Cultural,1999,https://whc.unesco.org/en/list/941
meteora,Meteora,GRC,Mixed,1988,https://whc.unesco.org/en/list/455
medieval_city_of_rhodes,Medieval City of Rhodes,GRC,Cultural,1988,https://whc.unesco.org/en/list/493
national_history_park_citadel_sans_souci_ramiers,"National History Park – Citadel, Sans Souci, Ramiers",HTI,Cultural,1982,https://whc.unesco.org/en/list/180
maya_site_of_copan,Maya Site of Copan,HND,Cultural,1980,https://whc.unesco.org/en/list/129
tokaj_wine_region_historic_cultural_landscape,Tokaj Wine Region Historic Cultural Landscape,HUN,Cultural,2002,https://whc.unesco.org/en/list/1063
agra_fort,Agra Fort,IND,Cultural,1983,https://whc.unesco.org/en/list/251
vatnajokull_national_park_dynamic_nature_of_fire_and_ice,Vatnajökull National Park - Dynamic Nature of Fire and Ice,ISL,Natural,2019,https://whc.unesco.org/en/list/1604
elephanta_caves,Elephanta Caves,IND,Cultural,1987,https://whc.unesco.org/en/list/244
group_of_monuments_at_mahabalipuram,Group of Monuments at Mahabalipuram,IND,Cultural,1984,https://whc.unesco.org/en/list/249
jaipur_city_rajasthan,"Jaipur City, Rajasthan",IND,Cultural,2019,https://whc.unesco.org/en/list/1605
moidams_the_mound_burial_system_of_the_ahom_dynasty,Moidams – the Mound-Burial System of the Ahom Dynasty,IND,Cultural,2024,https://whc.unesco.org/en/list/1711
qutb_minar_and_its_monuments_delhi,"Qutb Minar and its Monuments, Delhi",IND,Cultural,1993,https://whc.unesco.org/en/list/233
sacred_ensembles_of_the_hoysalas,Sacred Ensembles of the Hoysalas,IND,Cultural,2023,https://whc.unesco.org/en/list/1670
santiniketan,Santiniketan,IND,Cultural,2023,https://whc.unesco.org/en/list/1375
the_jantar_mantar_jaipur,"The Jantar Mantar, Jaipur",IND,Cultural,2010,https://whc.unesco.org/en/list/1338
sundarbans_national_park,Sundarbans National Park,IND,Natural,1987,https://whc.unesco.org/en/list/452
western_ghats,Western Ghats,IND,Natural,2012,https://whc.unesco.org/en/list/1342
the_cosmological_axis_of_yogyakarta_and_its_historic_landmarks,The Cosmological Axis of Yogyakarta and its Historic Landmarks,IDN,Cultural,2023,https://whc.unesco.org/en/list/1671
sangiran_early_man_site,Sangiran Early Man Site,IDN,Cultural,1996,https://whc.unesco.org/en/list/593
bisotun,Bisotun,IRN,Cultural,2006,https://whc.unesco.org/en/list/1222
bam_and_its_cultural_landscape,Bam and its Cultural Landscape,IRN,Cultural,2004,https://whc.unesco.org/en/list/1208
cultural_landscape_of_maymand,Cultural Landscape of Maymand,IRN,Cultural,2015,https://whc.unesco.org/en/list/1423
golestan_palace,Golestan Palace,IRN,Cultural,2013,https://whc.unesco.org/en/list/1422
tomioka_silk_mill_and_related_sites,Tomioka Silk Mill and Related Sites,JPN,Cultural,2014,https://whc.unesco.org/en/list/1449
hegmataneh,Hegmataneh,IRN,Cultural,2024,https://whc.unesco.org/en/list/1716
masjed_e_jame_of_isfahan,Masjed-e Jāmé of Isfahan,IRN,Cultural,2012,https://whc.unesco.org/en/list/1397
prehistoric_sites_of_the_khorramabad_valley,Prehistoric Sites of the Khorramabad Valley,IRN,Cultural,2025,https://whc.unesco.org/en/list/1744
meidan_emam_esfahan,"Meidan Emam, Esfahan",IRN,Cultural,1979,https://whc.unesco.org/en/list/115
shahr_i_sokhta,Shahr-i Sokhta,IRN,Cultural,2014,https://whc.unesco.org/en/list/1456
soltaniyeh,Soltaniyeh,IRN,Cultural,2005,https://whc.unesco.org/en/list/1188
the_persian_qanat,The Persian Qanat,IRN,Cultural,2016,https://whc.unesco.org/en/list/1506
ashur_qal_at_sherqat,Ashur (Qal'at Sherqat),IRQ,Cultural,2003,https://whc.unesco.org/en/list/1130
the_persian_garden,The Persian Garden,IRN,Cultural,2011,https://whc.unesco.org/en/list/1372
sceilg_mhichil,Sceilg Mhichíl,IRL,Cultural,1996,https://whc.unesco.org/en/list/757
i_sacri_monti_i_of_piedmont_and_lombardy,<I>Sacri Monti</I> of Piedmont and Lombardy,ITA,Cultural,2003,https://whc.unesco.org/en/list/1068
archaeological_areas_of_pompei_herculaneum_and_torre_annunziata,"Archaeological Areas of Pompei, Herculaneum and Torre Annunziata",ITA,Cultural,1997,https://whc.unesco.org/en/list/829
church_and_dominican_convent_of_santa_maria_delle_grazie_with_the_last_supper_by_leonardo_da_vinci,Church and Dominican Convent of Santa Maria delle Grazie with “The Last Supper” by Leonardo da Vinci,ITA,Cultural,1980,https://whc.unesco.org/en/list/93
cilento_and_vallo_di_diano_national_park_with_the_archeological_sites_of_paestum_and_velia_and_the_certosa_di_padula,"Cilento and Vallo di Diano National Park with the Archeological Sites of Paestum and Velia, and the Certosa di Padula",ITA,Cultural,1998,https://whc.unesco.org/en/list/842
city_of_verona,City of Verona,ITA,Cultural,2000,https://whc.unesco.org/en/list/797
etruscan_necropolises_of_cerveteri_and_tarquinia,Etruscan Necropolises of Cerveteri and Tarquinia,ITA,Cultural,2004,https://whc.unesco.org/en/list/1158
crespi_d_adda,Crespi d'Adda,ITA,Cultural,1995,https://whc.unesco.org/en/list/730
historic_centre_of_naples,Historic Centre of Naples,ITA,Cultural,1995,https://whc.unesco.org/en/list/726
historic_centre_of_san_gimignano,Historic Centre of San Gimignano,ITA,Cultural,1990,https://whc.unesco.org/en/list/550
genoa_i_le_strade_nuove_i_and_the_system_of_the_i_palazzi_dei_rolli_i,Genoa: <i>Le Strade Nuove</i> and the system of the<i> Palazzi dei Rolli</i>,ITA,Cultural,2006,https://whc.unesco.org/en/list/1211
isole_eolie_aeolian_islands,Isole Eolie (Aeolian Islands),ITA,Natural,2000,https://whc.unesco.org/en/list/908
ivrea_industrial_city_of_the_20th_century,"Ivrea, industrial city of the 20th century",ITA,Cultural,2018,https://whc.unesco.org/en/list/1538
mantua_and_sabbioneta,Mantua and Sabbioneta,ITA,Cultural,2008,https://whc.unesco.org/en/list/1287
mount_etna,Mount Etna,ITA,Natural,2013,https://whc.unesco.org/en/list/1427
piazza_del_duomo_pisa,"Piazza del Duomo, Pisa",ITA,Cultural,1987,https://whc.unesco.org/en/list/395
portovenere_cinque_terre_and_the_islands_palmaria_tino_and_tinetto,"Portovenere, Cinque Terre, and the Islands (Palmaria, Tino and Tinetto)",ITA,Cultural,1997,https://whc.unesco.org/en/list/826
rock_drawings_in_valcamonica,Rock Drawings in Valcamonica,ITA,Cultural,1979,https://whc.unesco.org/en/list/94
the_i_trulli_i_of_alberobello,The <I>Trulli</I> of Alberobello,ITA,Cultural,1996,https://whc.unesco.org/en/list/787
val_d_orcia,Val d'Orcia,ITA,Cultural,2004,https://whc.unesco.org/en/list/1026
venice_and_its_lagoon,Venice and its Lagoon,ITA,Cultural,1987,https://whc.unesco.org/en/list/394
the_archaeological_ensemble_of_17th_century_port_royal,The Archaeological Ensemble of 17th Century Port Royal,JAM,Cultural,2025,https://whc.unesco.org/en/list/1595
hiroshima_peace_memorial_genbaku_dome,Hiroshima Peace Memorial (Genbaku Dome),JPN,Cultural,1996,https://whc.unesco.org/en/list/775
itsukushima_shinto_shrine,Itsukushima Shinto Shrine,JPN,Cultural,1996,https://whc.unesco.org/en/list/776
historic_monuments_of_ancient_nara,Historic Monuments of Ancient Nara,JPN,Cultural,1998,https://whc.unesco.org/en/list/870
mozu_furuichi_kofun_group_mounded_tombs_of_ancient_japan,Mozu-Furuichi Kofun Group: Mounded Tombs of Ancient Japan,JPN,Cultural,2019,https://whc.unesco.org/en/list/1593
sacred_island_of_okinoshima_and_associated_sites_in_the_munakata_region,Sacred Island of Okinoshima and Associated Sites in the Munakata Region,JPN,Cultural,2017,https://whc.unesco.org/en/list/1535
jomon_prehistoric_sites_in_northern_japan,Jomon Prehistoric Sites in Northern Japan,JPN,Cultural,2021,https://whc.unesco.org/en/list/1632
camino_real_de_tierra_adentro,Camino Real de Tierra Adentro,MEX,Cultural,2010,https://whc.unesco.org/en/list/1351
ogasawara_islands,Ogasawara Islands,JPN,Natural,2011,https://whc.unesco.org/en/list/1362
shirakami_sanchi,Shirakami-Sanchi,JPN,Natural,1993,https://whc.unesco.org/en/list/663
sado_island_gold_mines,Sado Island Gold Mines,JPN,Cultural,2024,https://whc.unesco.org/en/list/1698
shrines_and_temples_of_nikko,Shrines and Temples of Nikko,JPN,Cultural,1999,https://whc.unesco.org/en/list/913
shiretoko,Shiretoko,JPN,Natural,2005,https://whc.unesco.org/en/list/1193
yakushima,Yakushima,JPN,Natural,1993,https://whc.unesco.org/en/list/662
cold_winter_deserts_of_turan,Cold Winter Deserts of Turan,KAZ,Natural,2023,https://whc.unesco.org/en/list/1693
western_tien_shan,Western Tien-Shan,KGZ,Natural,2016,https://whc.unesco.org/en/list/1490
lake_turkana_national_parks,Lake Turkana National Parks,KEN,Natural,1997,https://whc.unesco.org/en/list/801
lamu_old_town,Lamu Old Town,KEN,Cultural,2001,https://whc.unesco.org/en/list/1055
the_historic_town_and_archaeological_site_of_gedi,The Historic Town and Archaeological Site of Gedi,KEN,Cultural,2024,https://whc.unesco.org/en/list/1720
phong_nha_ke_bang_national_park_and_hin_nam_no_national_park,Phong Nha-Ke Bang National Park and Hin Nam No National Park,VNM,Natural,2003,https://whc.unesco.org/en/list/951
sulaiman_too_sacred_mountain,Sulaiman-Too Sacred Mountain,KGZ,Cultural,2009,https://whc.unesco.org/en/list/1230
town_of_luang_prabang,Town of Luang Prabang,LAO,Cultural,1995,https://whc.unesco.org/en/list/479
old_town_of_kuldiga,Old town of Kuldīga,LVA,Cultural,2023,https://whc.unesco.org/en/list/1658
anjar,Anjar,LBN,Cultural,1984,https://whc.unesco.org/en/list/293
baalbek,Baalbek,LBN,Cultural,1984,https://whc.unesco.org/en/list/294
byblos,Byblos,LBN,Cultural,1984,https://whc.unesco.org/en/list/295
archaeological_site_of_cyrene,Archaeological Site of Cyrene,LBY,Cultural,1982,https://whc.unesco.org/en/list/190
ouadi_qadisha_the_holy_valley_and_the_forest_of_the_cedars_of_god_horsh_arz_el_rab,Ouadi Qadisha (the Holy Valley) and the Forest of the Cedars of God (Horsh Arz el-Rab),LBN,Cultural,1998,https://whc.unesco.org/en/list/850
rock_art_sites_of_tadrart_acacus,Rock-Art Sites of Tadrart Acacus,LBY,Cultural,1985,https://whc.unesco.org/en/list/287
curonian_spit,Curonian Spit,LTU,Cultural,2000,https://whc.unesco.org/en/list/994
vilnius_historic_centre,Vilnius Historic Centre,LTU,Cultural,1994,https://whc.unesco.org/en/list/541
mount_mulanje_cultural_landscape,Mount Mulanje Cultural Landscape,MWI,Cultural,2025,https://whc.unesco.org/en/list/1201
archaeological_heritage_of_the_lenggong_valley,Archaeological Heritage of the Lenggong Valley,MYS,Cultural,2012,https://whc.unesco.org/en/list/1396
tomb_of_askia,Tomb of Askia,MLI,Cultural,2004,https://whc.unesco.org/en/list/1139
megalithic_temples_of_malta,Megalithic Temples of Malta,MLT,Cultural,1980,https://whc.unesco.org/en/list/132
ancient_maya_city_and_protected_tropical_forests_of_calakmul_campeche,"Ancient Maya City and Protected Tropical Forests of Calakmul, Campeche",MEX,Mixed,2002,https://whc.unesco.org/en/list/1061
banc_d_arguin_national_park,Banc d'Arguin National Park,MRT,Natural,1989,https://whc.unesco.org/en/list/506
archaeological_monuments_zone_of_xochicalco,Archaeological Monuments Zone of Xochicalco,MEX,Cultural,1999,https://whc.unesco.org/en/list/939
aqueduct_of_padre_tembleque_hydraulic_system,Aqueduct of Padre Tembleque Hydraulic System,MEX,Cultural,2015,https://whc.unesco.org/en/list/1463
historic_centre_of_morelia,Historic Centre of Morelia,MEX,Cultural,1991,https://whc.unesco.org/en/list/585
historic_fortified_town_of_campeche,Historic Fortified Town of Campeche,MEX,Cultural,1999,https://whc.unesco.org/en/list/895
pre_hispanic_town_of_uxmal,Pre-Hispanic Town of Uxmal,MEX,Cultural,1996,https://whc.unesco.org/en/list/791
whale_sanctuary_of_el_vizcaino,Whale Sanctuary of El Vizcaino,MEX,Natural,1993,https://whc.unesco.org/en/list/554
landscapes_of_dauria,Landscapes of Dauria,MNG,Natural,2017,https://whc.unesco.org/en/list/1448
petroglyphic_complexes_of_the_mongolian_altai,Petroglyphic Complexes of the Mongolian Altai,MNG,Cultural,2011,https://whc.unesco.org/en/list/1382
orkhon_valley_cultural_landscape,Orkhon Valley Cultural Landscape,MNG,Cultural,2004,https://whc.unesco.org/en/list/1081
historic_city_of_meknes,Historic City of Meknes,MAR,Cultural,1996,https://whc.unesco.org/en/list/793
ksar_of_ait_ben_haddou,Ksar of Ait-Ben-Haddou,MAR,Cultural,1987,https://whc.unesco.org/en/list/444
medina_of_tetouan_formerly_known_as_titawin,Medina of Tétouan (formerly known as Titawin),MAR,Cultural,1997,https://whc.unesco.org/en/list/837
portuguese_city_of_mazagan_el_jadida,Portuguese City of Mazagan (El Jadida),MAR,Cultural,2004,https://whc.unesco.org/en/list/1058
twyfelfontein_or_ui_aes,Twyfelfontein or /Ui-//aes,NAM,Cultural,2007,https://whc.unesco.org/en/list/1255
namib_sand_sea,Namib Sand Sea,NAM,Natural,2013,https://whc.unesco.org/en/list/1430
eisinga_planetarium_in_franeker,Eisinga Planetarium in Franeker,NLD,Cultural,2023,https://whc.unesco.org/en/list/1683
te_wahipounamu_south_west_new_zealand,Te Wahipounamu – South West New Zealand,NZL,Natural,1990,https://whc.unesco.org/en/list/551
new_zealand_sub_antarctic_islands,New Zealand Sub-Antarctic Islands,NZL,Natural,1998,https://whc.unesco.org/en/list/877
van_nellefabriek,Van Nellefabriek,NLD,Cultural,2014,https://whc.unesco.org/en/list/1441
ruins_of_leon_viejo,Ruins of León Viejo,NIC,Cultural,2000,https://whc.unesco.org/en/list/613
sukur_cultural_landscape,Sukur Cultural Landscape,NGA,Cultural,1999,https://whc.unesco.org/en/list/938
urnes_stave_church,Urnes Stave Church,NOR,Cultural,1979,https://whc.unesco.org/en/list/58
vegaoyan_the_vega_archipelago,Vegaøyan – The Vega Archipelago,NOR,Cultural,2004,https://whc.unesco.org/en/list/1143
west_norwegian_fjords_geirangerfjord_and_naeroyfjord,West Norwegian Fjords – Geirangerfjord and Nærøyfjord,NOR,Natural,2005,https://whc.unesco.org/en/list/1195
buddhist_ruins_of_takht_i_bahi_and_neighbouring_city_remains_at_sahr_i_bahlol,Buddhist Ruins of Takht-i-Bahi and Neighbouring City Remains at Sahr-i-Bahlol,PAK,Cultural,1980,https://whc.unesco.org/en/list/140
rohtas_fort,Rohtas Fort,PAK,Cultural,1997,https://whc.unesco.org/en/list/586
taxila,Taxila,PAK,Cultural,1980,https://whc.unesco.org/en/list/139
historical_monuments_at_makli_thatta,"Historical Monuments at Makli, Thatta",PAK,Cultural,1981,https://whc.unesco.org/en/list/143
fort_and_shalamar_gardens_in_lahore,Fort and Shalamar Gardens in Lahore,PAK,Cultural,1981,https://whc.unesco.org/en/list/171
darien_national_park,Darien National Park,PAN,Natural,1981,https://whc.unesco.org/en/list/159
coiba_national_park_and_its_special_zone_of_marine_protection,Coiba National Park and its Special Zone of Marine Protection,PAN,Natural,2005,https://whc.unesco.org/en/list/1138
jesuit_missions_of_la_santisima_trinidad_de_parana_and_jesus_de_tavarangue,Jesuit Missions of La Santísima Trinidad de Paraná and Jesús de Tavarangue,PRY,Cultural,1993,https://whc.unesco.org/en/list/648
chan_chan_archaeological_zone,Chan Chan Archaeological Zone,PER,Cultural,1986,https://whc.unesco.org/en/list/366
huascaran_national_park,Huascarán National Park,PER,Natural,1985,https://whc.unesco.org/en/list/333
rio_abiseo_national_park,Río Abiseo National Park,PER,Mixed,1990,https://whc.unesco.org/en/list/548
manu_national_park,Manú National Park,PER,Natural,1987,https://whc.unesco.org/en/list/402
historic_city_of_vigan,Historic City of Vigan,PHL,Cultural,1999,https://whc.unesco.org/en/list/502
rice_terraces_of_the_philippine_cordilleras,Rice Terraces of the Philippine Cordilleras,PHL,Cultural,1995,https://whc.unesco.org/en/list/722
churches_of_peace_in_jawor_and_swidnica,Churches of Peace in Jawor and Świdnica,POL,Cultural,2001,https://whc.unesco.org/en/list/1054
centennial_hall_in_wroclaw,Centennial Hall in Wrocław,POL,Cultural,2006,https://whc.unesco.org/en/list/1165
historic_centre_of_krakow,Historic Centre of Kraków,POL,Cultural,1978,https://whc.unesco.org/en/list/29
historic_centre_of_warsaw,Historic Centre of Warsaw,POL,Cultural,1980,https://whc.unesco.org/en/list/30
tarnowskie_gory_lead_silver_zinc_mine_and_its_underground_water_management_system,Tarnowskie Góry Lead-Silver-Zinc Mine and its Underground Water Management System,POL,Cultural,2017,https://whc.unesco.org/en/list/1539
krzemionki_prehistoric_striped_flint_mining_region,Krzemionki Prehistoric Striped Flint Mining Region,POL,Cultural,2019,https://whc.unesco.org/en/list/1599
medieval_town_of_torun,Medieval Town of Toruń,POL,Cultural,1997,https://whc.unesco.org/en/list/835
wooden_churches_of_southern_malopolska,Wooden Churches of Southern Małopolska,POL,Cultural,2003,https://whc.unesco.org/en/list/1053
wieliczka_and_bochnia_royal_salt_mines,Wieliczka and Bochnia Royal Salt Mines,POL,Cultural,1978,https://whc.unesco.org/en/list/32
central_zone_of_the_town_of_angra_do_heroismo_in_the_azores,Central Zone of the Town of Angra do Heroismo in the Azores,PRT,Cultural,1983,https://whc.unesco.org/en/list/206
alto_douro_wine_region,Alto Douro Wine Region,PRT,Cultural,2001,https://whc.unesco.org/en/list/1046
cultural_landscape_of_sintra,Cultural Landscape of Sintra,PRT,Cultural,1995,https://whc.unesco.org/en/list/723
garrison_border_town_of_elvas_and_its_fortifications,Garrison Border Town of Elvas and its Fortifications,PRT,Cultural,2012,https://whc.unesco.org/en/list/1367
historic_centre_of_guimaraes_and_couros_zone,Historic Centre of Guimarães and Couros Zone,PRT,Cultural,2001,https://whc.unesco.org/en/list/1031
laurisilva_of_madeira,Laurisilva of Madeira,PRT,Natural,1999,https://whc.unesco.org/en/list/934
monastery_of_batalha,Monastery of Batalha,PRT,Cultural,1983,https://whc.unesco.org/en/list/264
prehistoric_rock_art_sites_in_the_coa_valley_and_siega_verde,Prehistoric Rock Art Sites in the Côa Valley and Siega Verde,ESP,Cultural,1998,https://whc.unesco.org/en/list/866
al_zubarah_archaeological_site,Al Zubarah Archaeological Site,QAT,Cultural,2013,https://whc.unesco.org/en/list/1402
gyeongju_historic_areas,Gyeongju Historic Areas,KOR,Cultural,2000,https://whc.unesco.org/en/list/976
historic_villages_of_korea_hahoe_and_yangdong,Historic Villages of Korea: Hahoe and Yangdong,KOR,Cultural,2010,https://whc.unesco.org/en/list/1324
haeinsa_temple_janggyeong_panjeon_the_depositories_for_the_i_tripitaka_koreana_i_woodblocks,"Haeinsa Temple Janggyeong Panjeon, the Depositories for the <I>Tripitaka Koreana</I> Woodblocks",KOR,Cultural,1995,https://whc.unesco.org/en/list/737
namhansanseong,Namhansanseong,KOR,Cultural,2014,https://whc.unesco.org/en/list/1439
churches_of_moldavia,Churches of Moldavia,ROU,Cultural,1993,https://whc.unesco.org/en/list/598
dacian_fortresses_of_the_orastie_mountains,Dacian Fortresses of the Orastie Mountains,ROU,Cultural,1999,https://whc.unesco.org/en/list/906
danube_delta,Danube Delta,ROU,Natural,1991,https://whc.unesco.org/en/list/588
frontiers_of_the_roman_empire_dacia,Frontiers of the Roman Empire – Dacia,ROU,Cultural,2024,https://whc.unesco.org/en/list/1718
central_sikhote_alin,Central Sikhote-Alin,RUS,Natural,2001,https://whc.unesco.org/en/list/766
bolgar_historical_and_archaeological_complex,Bolgar Historical and Archaeological Complex,RUS,Cultural,2014,https://whc.unesco.org/en/list/981
astronomical_observatories_of_kazan_federal_university,Astronomical Observatories of Kazan Federal University,RUS,Cultural,2023,https://whc.unesco.org/en/list/1678
ensemble_of_the_novodevichy_convent,Ensemble of the Novodevichy Convent,RUS,Cultural,2004,https://whc.unesco.org/en/list/1097
golden_mountains_of_altai,Golden Mountains of Altai,RUS,Natural,1998,https://whc.unesco.org/en/list/768
historic_monuments_of_novgorod_and_surroundings,Historic Monuments of Novgorod and Surroundings,RUS,Cultural,1992,https://whc.unesco.org/en/list/604
historical_centre_of_the_city_of_yaroslavl,Historical Centre of the City of Yaroslavl,RUS,Cultural,2005,https://whc.unesco.org/en/list/1170
historic_centre_of_saint_petersburg_and_related_groups_of_monuments,Historic Centre of Saint Petersburg and Related Groups of Monuments,RUS,Cultural,1990,https://whc.unesco.org/en/list/540
kremlin_and_red_square_moscow,"Kremlin and Red Square, Moscow",RUS,Cultural,1990,https://whc.unesco.org/en/list/545
lena_pillars_nature_park,Lena Pillars Nature Park,RUS,Natural,2012,https://whc.unesco.org/en/list/1299
natural_system_of_wrangel_island_reserve,Natural System of Wrangel Island Reserve,RUS,Natural,2004,https://whc.unesco.org/en/list/1023
volcanoes_of_kamchatka,Volcanoes of Kamchatka,RUS,Natural,1996,https://whc.unesco.org/en/list/765
putorana_plateau,Putorana Plateau,RUS,Natural,2010,https://whc.unesco.org/en/list/1234
uruq_bani_maarid,‘Uruq Bani Ma’arid,SAU,Natural,2023,https://whc.unesco.org/en/list/1699
san_marino_historic_centre_and_mount_titano,San Marino Historic Centre and Mount Titano,SMR,Cultural,2008,https://whc.unesco.org/en/list/1245
rock_art_in_the_hail_region_of_saudi_arabia,Rock Art in the Hail Region of Saudi Arabia,SAU,Cultural,2015,https://whc.unesco.org/en/list/1472
island_of_saint_louis,Island of Saint-Louis,SEN,Cultural,2000,https://whc.unesco.org/en/list/956
stari_ras_and_sopocani,Stari Ras and Sopoćani,SRB,Cultural,1979,https://whc.unesco.org/en/list/96
bardejov_town_conservation_reserve,Bardejov Town Conservation Reserve,SVK,Cultural,2000,https://whc.unesco.org/en/list/973
the_emergence_of_modern_human_behaviour_the_pleistocene_occupation_sites_of_south_africa,The Emergence of Modern Human Behaviour: The Pleistocene Occupation Sites of South Africa,ZAF,Cultural,2024,https://whc.unesco.org/en/list/1723
barberton_makhonjwa_mountains,Barberton Makhonjwa Mountains,ZAF,Natural,2018,https://whc.unesco.org/en/list/1575
the_works_of_joze_plecnik_in_ljubljana_human_centred_urban_design,The works of Jože Plečnik in Ljubljana – Human Centred Urban Design,SVN,Cultural,2021,https://whc.unesco.org/en/list/1643
fossil_hominid_sites_of_south_africa,Fossil Hominid Sites of South Africa,ZAF,Cultural,1999,https://whc.unesco.org/en/list/915
robben_island,Robben Island,ZAF,Cultural,1999,https://whc.unesco.org/en/list/916
mapungubwe_cultural_landscape,Mapungubwe Cultural Landscape,ZAF,Cultural,2003,https://whc.unesco.org/en/list/1099
khomani_cultural_landscape,ǂKhomani Cultural Landscape,ZAF,Cultural,2017,https://whc.unesco.org/en/list/1545
cave_of_altamira_and_paleolithic_cave_art_of_northern_spain,Cave of Altamira and Paleolithic Cave Art of Northern Spain,ESP,Cultural,1985,https://whc.unesco.org/en/list/310
catalan_romanesque_churches_of_the_vall_de_boi,Catalan Romanesque Churches of the Vall de Boí,ESP,Cultural,2000,https://whc.unesco.org/en/list/988
garajonay_national_park,Garajonay National Park,ESP,Natural,1986,https://whc.unesco.org/en/list/380
historic_city_of_toledo,Historic City of Toledo,ESP,Cultural,1986,https://whc.unesco.org/en/list/379
historic_walled_town_of_cuenca,Historic Walled Town of Cuenca,ESP,Cultural,1996,https://whc.unesco.org/en/list/781
renaissance_monumental_ensembles_of_ubeda_and_baeza,Renaissance Monumental Ensembles of Úbeda and Baeza,ESP,Cultural,2003,https://whc.unesco.org/en/list/522
risco_caido_and_the_sacred_mountains_of_gran_canaria_cultural_landscape,Risco Caido and the Sacred Mountains of Gran Canaria Cultural Landscape,ESP,Cultural,2019,https://whc.unesco.org/en/list/1578
royal_monastery_of_santa_maria_de_guadalupe,Royal Monastery of Santa María de Guadalupe,ESP,Cultural,1993,https://whc.unesco.org/en/list/665
routes_of_santiago_de_compostela_i_camino_frances_i_and_routes_of_northern_spain,Routes of Santiago de Compostela: <i>Camino Francés</i> and Routes of Northern Spain,ESP,Cultural,1993,https://whc.unesco.org/en/list/669
teide_national_park,Teide National Park,ESP,Natural,2007,https://whc.unesco.org/en/list/1258
talayotic_menorca,Talayotic Menorca,ESP,Cultural,2023,https://whc.unesco.org/en/list/1528
santiago_de_compostela_old_town,Santiago de Compostela (Old Town),ESP,Cultural,1985,https://whc.unesco.org/en/list/347
tower_of_hercules,Tower of Hercules,ESP,Cultural,2009,https://whc.unesco.org/en/list/1312
works_of_antoni_gaudi,Works of Antoni Gaudí,ESP,Cultural,1984,https://whc.unesco.org/en/list/320
vizcaya_bridge,Vizcaya Bridge,ESP,Cultural,2006,https://whc.unesco.org/en/list/1217
ancient_city_of_sigiriya,Ancient City of Sigiriya,LKA,Cultural,1982,https://whc.unesco.org/en/list/202
sacred_city_of_anuradhapura,Sacred City of Anuradhapura,LKA,Cultural,1982,https://whc.unesco.org/en/list/200
birthplace_of_jesus_church_of_the_nativity_and_the_pilgrimage_route_bethlehem,"Birthplace of Jesus: Church of the Nativity and the Pilgrimage Route, Bethlehem",PSE,Cultural,2012,https://whc.unesco.org/en/list/1433
sacred_city_of_kandy,Sacred City of Kandy,LKA,Cultural,1988,https://whc.unesco.org/en/list/450
saint_hilarion_monastery_tell_umm_amer,Saint Hilarion Monastery/ Tell Umm Amer,PSE,Cultural,2024,https://whc.unesco.org/en/list/1749
archaeological_sites_of_the_island_of_meroe,Archaeological Sites of the Island of Meroe,SDN,Cultural,2011,https://whc.unesco.org/en/list/1336
sanganeb_marine_national_park_and_dungonab_bay_mukkawar_island_marine_national_park,Sanganeb Marine National Park and Dungonab Bay – Mukkawar Island Marine National Park,SDN,Natural,2016,https://whc.unesco.org/en/list/262
birka_and_hovgarden,Birka and Hovgården,SWE,Cultural,1993,https://whc.unesco.org/en/list/555
agricultural_landscape_of_southern_oland,Agricultural Landscape of Southern Öland,SWE,Cultural,2000,https://whc.unesco.org/en/list/968
skogskyrkogarden,Skogskyrkogården,SWE,Cultural,1994,https://whc.unesco.org/en/list/558
old_city_of_berne,Old City of Berne,CHE,Cultural,1983,https://whc.unesco.org/en/list/267
ancient_city_of_aleppo,Ancient City of Aleppo,SYR,Cultural,1986,https://whc.unesco.org/en/list/21
cultural_heritage_sites_of_ancient_khuttal,Cultural Heritage Sites of Ancient Khuttal,TJK,Cultural,2025,https://whc.unesco.org/en/list/1627
proto_urban_site_of_sarazm,Proto-urban Site of Sarazm,TJK,Cultural,2010,https://whc.unesco.org/en/list/1141
amphitheatre_of_el_jem,Amphitheatre of El Jem,TUN,Cultural,1979,https://whc.unesco.org/en/list/38
archaeological_site_of_carthage,Archaeological Site of Carthage,TUN,Cultural,1979,https://whc.unesco.org/en/list/37
djerba_testimony_to_a_settlement_pattern_in_an_island_territory,Djerba: Testimony to a settlement pattern in an island territory,TUN,Cultural,2023,https://whc.unesco.org/en/list/1640
medina_of_tunis,Medina of Tunis,TUN,Cultural,1979,https://whc.unesco.org/en/list/36
punic_town_of_kerkuane_and_its_necropolis,Punic Town of Kerkuane and its Necropolis,TUN,Cultural,1985,https://whc.unesco.org/en/list/332
great_mosque_and_hospital_of_divrigi,Great Mosque and Hospital of Divriği,TUR,Cultural,1985,https://whc.unesco.org/en/list/358
gobekli_tepe,Göbekli Tepe,TUR,Cultural,2018,https://whc.unesco.org/en/list/1572
pergamon_and_its_multi_layered_cultural_landscape,Pergamon and its Multi-Layered Cultural Landscape,TUR,Cultural,2014,https://whc.unesco.org/en/list/1457
historic_areas_of_istanbul,Historic Areas of Istanbul,TUR,Cultural,1985,https://whc.unesco.org/en/list/356
rwenzori_mountains_national_park,Rwenzori Mountains National Park,UGA,Natural,1994,https://whc.unesco.org/en/list/684
state_historical_and_cultural_park_ancient_merv,State Historical and Cultural Park “Ancient Merv”,TKM,Cultural,1999,https://whc.unesco.org/en/list/886
tombs_of_buganda_kings_at_kasubi,Tombs of Buganda Kings at Kasubi,UGA,Cultural,2001,https://whc.unesco.org/en/list/1022
bwindi_impenetrable_national_park,Bwindi Impenetrable National Park,UGA,Natural,1994,https://whc.unesco.org/en/list/682
ancient_city_of_tauric_chersonese_and_its_chora,Ancient City of Tauric Chersonese and its Chora,UKR,Cultural,2013,https://whc.unesco.org/en/list/1411
faya_palaeolandscape,Faya Palaeolandscape,ARE,Cultural,2025,https://whc.unesco.org/en/list/1735
city_of_bath,City of Bath,GBR,Cultural,1987,https://whc.unesco.org/en/list/428
derwent_valley_mills,Derwent Valley Mills,GBR,Cultural,2001,https://whc.unesco.org/en/list/1030
dorset_and_east_devon_coast,Dorset and East Devon Coast,GBR,Natural,2001,https://whc.unesco.org/en/list/1029
henderson_island,Henderson Island,GBR,Natural,1988,https://whc.unesco.org/en/list/487
stonehenge_avebury_and_associated_sites,"Stonehenge, Avebury and Associated Sites",GBR,Cultural,1986,https://whc.unesco.org/en/list/373
st_kilda,St Kilda,GBR,Mixed,1986,https://whc.unesco.org/en/list/387
the_flow_country,The Flow Country,GBR,Natural,2024,https://whc.unesco.org/en/list/1722
serengeti_national_park,Serengeti National Park,TZA,Natural,1981,https://whc.unesco.org/en/list/156
ruins_of_kilwa_kisiwani_and_ruins_of_songo_mnara,Ruins of Kilwa Kisiwani and Ruins of Songo Mnara,TZA,Cultural,1981,https://whc.unesco.org/en/list/144
chaco_culture,Chaco Culture,USA,Cultural,1987,https://whc.unesco.org/en/list/353
everglades_national_park,Everglades National Park,USA,Natural,1979,https://whc.unesco.org/en/list/76
stone_town_of_zanzibar,Stone Town of Zanzibar,TZA,Cultural,2000,https://whc.unesco.org/en/list/173
hopewell_ceremonial_earthworks,Hopewell Ceremonial Earthworks,USA,Cultural,2023,https://whc.unesco.org/en/list/1689
great_smoky_mountains_national_park,Great Smoky Mountains National Park,USA,Natural,1983,https://whc.unesco.org/en/list/259
mammoth_cave_national_park,Mammoth Cave National Park,USA,Natural,1981,https://whc.unesco.org/en/list/150
monticello_and_the_university_of_virginia_in_charlottesville,Monticello and the University of Virginia in Charlottesville,USA,Cultural,1987,https://whc.unesco.org/en/list/442
olympic_national_park,Olympic National Park,USA,Natural,1981,https://whc.unesco.org/en/list/151
taos_pueblo,Taos Pueblo,USA,Cultural,1992,https://whc.unesco.org/en/list/492
fray_bentos_industrial_landscape,Fray Bentos Industrial Landscape,URY,Cultural,2015,https://whc.unesco.org/en/list/1464
the_work_of_engineer_eladio_dieste_church_of_atlantida,The work of engineer Eladio Dieste: Church of Atlántida,URY,Cultural,2021,https://whc.unesco.org/en/list/1612
historic_quarter_of_the_city_of_colonia_del_sacramento,Historic Quarter of the City of Colonia del Sacramento,URY,Cultural,1995,https://whc.unesco.org/en/list/747
historic_centre_of_bukhara,Historic Centre of Bukhara,UZB,Cultural,1993,https://whc.unesco.org/en/list/602
canaima_national_park,Canaima National Park,VEN,Natural,1994,https://whc.unesco.org/en/list/701
chief_roi_matas_domain,Chief Roi Mata’s Domain,VUT,Cultural,2008,https://whc.unesco.org/en/list/1280
ciudad_universitaria_de_caracas,Ciudad Universitaria de Caracas,VEN,Cultural,2000,https://whc.unesco.org/en/list/986
samarkand_crossroad_of_cultures,Samarkand – Crossroad of Cultures,UZB,Cultural,2001,https://whc.unesco.org/en/list/603
citadel_of_the_ho_dynasty,Citadel of the Ho Dynasty,VNM,Cultural,2011,https://whc.unesco.org/en/list/1358
central_sector_of_the_imperial_citadel_of_thang_long_hanoi,Central Sector of the Imperial Citadel of Thang Long - Hanoi,VNM,Cultural,2010,https://whc.unesco.org/en/list/1328
ha_long_bay_cat_ba_archipelago,Ha Long Bay - Cat Ba Archipelago,VNM,Natural,1994,https://whc.unesco.org/en/list/672
my_son_sanctuary,My Son Sanctuary,VNM,Cultural,1999,https://whc.unesco.org/en/list/949
trang_an_landscape_complex,Trang An Landscape Complex,VNM,Mixed,2014,https://whc.unesco.org/en/list/1438
mosi_oa_tunya_victoria_falls,Mosi-oa-Tunya / Victoria Falls,ZMB,Natural,1989,https://whc.unesco.org/en/list/509
socotra_archipelago,Socotra Archipelago,YEM,Natural,2008,https://whc.unesco.org/en/list/1263
natural_and_cultural_heritage_of_the_ohrid_region,Natural and Cultural Heritage of the Ohrid region,MKD,Mixed,1979,https://whc.unesco.org/en/list/99
tipasa,Tipasa,DZA,Cultural,1982,https://whc.unesco.org/en/list/193
antigua_naval_dockyard_and_related_archaeological_sites,Antigua Naval Dockyard and Related Archaeological Sites,ATG,Cultural,2016,https://whc.unesco.org/en/list/1499
jesuit_block_and_estancias_of_cordoba,Jesuit Block and Estancias of Córdoba,ARG,Cultural,2000,https://whc.unesco.org/en/list/995
the_architectural_work_of_le_corbusier_an_outstanding_contribution_to_the_modern_movement,"The Architectural Work of Le Corbusier, an Outstanding Contribution to the Modern Movement",IND,Cultural,2016,https://whc.unesco.org/en/list/1321
cathedral_and_churches_of_echmiatsin_and_the_archaeological_site_of_zvartnots,Cathedral and Churches of Echmiatsin and the Archaeological Site of Zvartnots,ARM,Cultural,2000,https://whc.unesco.org/en/list/1011
qhapaq_nan_andean_road_system,"Qhapaq Ñan, Andean Road System",PER,Cultural,2014,https://whc.unesco.org/en/list/1459
kgari,K’gari,AUS,Natural,1992,https://whc.unesco.org/en/list/630
tasmanian_wilderness,Tasmanian Wilderness,AUS,Mixed,1982,https://whc.unesco.org/en/list/181
ulu_u_r_u_u_kata_tju_u_t_u_a_national_park,Ulu<U>r</U>u-Kata Tju<U>t</U>a National Park,AUS,Mixed,1987,https://whc.unesco.org/en/list/447
ferto_neusiedlersee_cultural_landscape,Fertö / Neusiedlersee Cultural Landscape,AUT,Cultural,2001,https://whc.unesco.org/en/list/772
city_of_graz_historic_centre_and_schloss_eggenberg,City of Graz – Historic Centre and Schloss Eggenberg,AUT,Cultural,1999,https://whc.unesco.org/en/list/931
historic_centre_of_the_city_of_salzburg,Historic Centre of the City of Salzburg,AUT,Cultural,1996,https://whc.unesco.org/en/list/784
hallstatt_dachstein_salzkammergut_cultural_landscape,Hallstatt-Dachstein / Salzkammergut Cultural Landscape,AUT,Cultural,1997,https://whc.unesco.org/en/list/806
semmering_railway,Semmering Railway,AUT,Cultural,1998,https://whc.unesco.org/en/list/785
the_great_spa_towns_of_europe,The Great Spa Towns of Europe,ITA,Cultural,2021,https://whc.unesco.org/en/list/1613
dilmun_burial_mounds,Dilmun Burial Mounds,BHR,Cultural,2019,https://whc.unesco.org/en/list/1542
historic_mosque_city_of_bagerhat,Historic Mosque City of Bagerhat,BGD,Cultural,1985,https://whc.unesco.org/en/list/321
historic_bridgetown_and_its_garrison,Historic Bridgetown and its Garrison,BRB,Cultural,2011,https://whc.unesco.org/en/list/1376
ruins_of_the_buddhist_vihara_at_paharpur,Ruins of the Buddhist Vihara at Paharpur,BGD,Cultural,1985,https://whc.unesco.org/en/list/322
bialowieza_forest,Białowieża Forest,POL,Natural,1979,https://whc.unesco.org/en/list/33
struve_geodetic_arc,Struve Geodetic Arc,LVA,Cultural,2005,https://whc.unesco.org/en/list/1187
historic_centre_of_brugge,Historic Centre of Brugge,BEL,Cultural,2000,https://whc.unesco.org/en/list/996
flemish_beguinages,Flemish Béguinages,BEL,Cultural,1998,https://whc.unesco.org/en/list/855
colonies_of_benevolence,Colonies of Benevolence,BEL,Cultural,2021,https://whc.unesco.org/en/list/1555
belize_barrier_reef_reserve_system,Belize Barrier Reef Reserve System,BLZ,Natural,1996,https://whc.unesco.org/en/list/764
fuerte_de_samaipata,Fuerte de Samaipata,BOL,Cultural,1998,https://whc.unesco.org/en/list/883
w_arly_pendjari_complex,W-Arly-Pendjari Complex,BEN,Natural,1996,https://whc.unesco.org/en/list/749
city_of_potosi,City of Potosí,BOL,Cultural,1987,https://whc.unesco.org/en/list/420
historic_city_of_sucre,Historic City of Sucre,BOL,Cultural,1991,https://whc.unesco.org/en/list/566
stecci_medieval_tombstone_graveyards,Stećci Medieval Tombstone Graveyards,SRB,Cultural,2016,https://whc.unesco.org/en/list/1504
historic_centre_of_salvador_de_bahia,Historic Centre of Salvador de Bahia,BRA,Cultural,1985,https://whc.unesco.org/en/list/309
historic_centre_of_sao_luis,Historic Centre of São Luís,BRA,Cultural,1997,https://whc.unesco.org/en/list/821
historic_centre_of_the_town_of_diamantina,Historic Centre of the Town of Diamantina,BRA,Cultural,1999,https://whc.unesco.org/en/list/890
historic_town_of_ouro_preto,Historic Town of Ouro Preto,BRA,Cultural,1980,https://whc.unesco.org/en/list/124
lencois_maranhenses_national_park,Lençóis Maranhenses National Park,BRA,Natural,2024,https://whc.unesco.org/en/list/1611
iguacu_national_park,Iguaçu National Park,BRA,Natural,1986,https://whc.unesco.org/en/list/355
sao_francisco_square_in_the_town_of_sao_cristovao,São Francisco Square in the Town of São Cristóvão,BRA,Cultural,2010,https://whc.unesco.org/en/list/1272
madara_rider,Madara Rider,BGR,Cultural,1979,https://whc.unesco.org/en/list/43
boyana_church,Boyana Church,BGR,Cultural,1979,https://whc.unesco.org/en/list/42
thracian_tomb_of_sveshtari,Thracian Tomb of Sveshtari,BGR,Cultural,1985,https://whc.unesco.org/en/list/359
royal_court_of_tiebele,Royal Court of Tiébélé,BFA,Cultural,2024,https://whc.unesco.org/en/list/1713
ancient_ferrous_metallurgy_sites_of_burkina_faso,Ancient Ferrous Metallurgy Sites of Burkina Faso,BFA,Cultural,2019,https://whc.unesco.org/en/list/1602
ruins_of_loropeni,Ruins of Loropéni,BFA,Cultural,2009,https://whc.unesco.org/en/list/1225
cambodian_memorial_sites_from_centres_of_repression_to_places_of_peace_and_reflection,Cambodian Memorial Sites: From centres of repression to places of peace and reflection,KHM,Cultural,2025,https://whc.unesco.org/en/list/1748
angkor,Angkor,KHM,Cultural,1992,https://whc.unesco.org/en/list/668
sangha_trinational,Sangha Trinational,COG,Natural,2012,https://whc.unesco.org/en/list/1380
canadian_rocky_mountain_parks,Canadian Rocky Mountain Parks,CAN,Natural,1984,https://whc.unesco.org/en/list/304
head_smashed_in_buffalo_jump,Head-Smashed-In Buffalo Jump,CAN,Cultural,1981,https://whc.unesco.org/en/list/158
joggins_fossil_cliffs,Joggins Fossil Cliffs,CAN,Natural,2008,https://whc.unesco.org/en/list/1285
historic_district_of_old_quebec,Historic District of Old Québec,CAN,Cultural,1985,https://whc.unesco.org/en/list/300
landscape_of_grand_pre,Landscape of Grand Pré,CAN,Cultural,2012,https://whc.unesco.org/en/list/1404
rideau_canal,Rideau Canal,CAN,Cultural,2007,https://whc.unesco.org/en/list/1221
waterton_glacier_international_peace_park,Waterton Glacier International Peace Park,CAN,Natural,1995,https://whc.unesco.org/en/list/354
ennedi_massif_natural_and_cultural_landscape,Ennedi Massif: Natural and Cultural Landscape,TCD,Mixed,2016,https://whc.unesco.org/en/list/1475
manovo_gounda_st_floris_national_park,Manovo-Gounda St Floris National Park,CAF,Natural,1988,https://whc.unesco.org/en/list/475
rapa_nui_national_park,Rapa Nui National Park,CHL,Cultural,1995,https://whc.unesco.org/en/list/715
settlement_and_artificial_mummification_of_the_chinchorro_culture_in_the_arica_and_parinacota_region,Settlement and Artificial Mummification of the Chinchorro Culture in the Arica and Parinacota Region,CHL,Cultural,2021,https://whc.unesco.org/en/list/1634
humberstone_and_santa_laura_saltpeter_works,Humberstone and Santa Laura Saltpeter Works,CHL,Cultural,2005,https://whc.unesco.org/en/list/1178
badain_jaran_desert_towers_of_sand_and_lakes,Badain Jaran Desert - Towers of Sand and Lakes,CHN,Natural,2024,https://whc.unesco.org/en/list/1638
ancient_city_of_ping_yao,Ancient City of Ping Yao,CHN,Cultural,1997,https://whc.unesco.org/en/list/812
cultural_landscape_of_honghe_hani_rice_terraces,Cultural Landscape of Honghe Hani Rice Terraces,CHN,Cultural,2013,https://whc.unesco.org/en/list/1111
fanjingshan,Fanjingshan,CHN,Natural,2018,https://whc.unesco.org/en/list/1559
hubei_shennongjia,Hubei Shennongjia,CHN,Natural,2016,https://whc.unesco.org/en/list/1509
historic_ensemble_of_the_potala_palace_lhasa,"Historic Ensemble of the Potala Palace, Lhasa",CHN,Cultural,1994,https://whc.unesco.org/en/list/707
kaiping_diaolou_and_villages,Kaiping Diaolou and Villages,CHN,Cultural,2007,https://whc.unesco.org/en/list/1112
mogao_caves,Mogao Caves,CHN,Cultural,1987,https://whc.unesco.org/en/list/440
mount_emei_scenic_area_including_leshan_giant_buddha_scenic_area,"Mount Emei Scenic Area, including Leshan Giant Buddha Scenic Area",CHN,Mixed,1996,https://whc.unesco.org/en/list/779
qinghai_hoh_xil,Qinghai Hoh Xil,CHN,Natural,2017,https://whc.unesco.org/en/list/1540
site_of_xanadu,Site of Xanadu,CHN,Cultural,2012,https://whc.unesco.org/en/list/1389
sichuan_giant_panda_sanctuaries_wolong_mt_siguniang_and_jiajin_mountains,"Sichuan Giant Panda Sanctuaries - Wolong, Mt Siguniang and Jiajin Mountains",CHN,Natural,2006,https://whc.unesco.org/en/list/1213
silk_roads_the_routes_network_of_chang_an_tianshan_corridor,Silk Roads: the Routes Network of Chang'an-Tianshan Corridor,CHN,Cultural,2014,https://whc.unesco.org/en/list/1442
temple_and_cemetery_of_confucius_and_the_kong_family_mansion_in_qufu,Temple and Cemetery of Confucius and the Kong Family Mansion in Qufu,CHN,Cultural,1994,https://whc.unesco.org/en/list/704
the_great_wall,The Great Wall,CHN,Cultural,1987,https://whc.unesco.org/en/list/438
xinjiang_tianshan,Xinjiang Tianshan,CHN,Natural,2013,https://whc.unesco.org/en/list/1414
wulingyuan_scenic_and_historic_interest_area,Wulingyuan Scenic and Historic Interest Area,CHN,Natural,1992,https://whc.unesco.org/en/list/640
national_archeological_park_of_tierradentro,National Archeological Park of Tierradentro,COL,Cultural,1995,https://whc.unesco.org/en/list/743
los_katios_national_park,Los Katíos National Park,COL,Natural,1994,https://whc.unesco.org/en/list/711
area_de_conservacion_guanacaste,Area de Conservación Guanacaste,CRI,Natural,1999,https://whc.unesco.org/en/list/928
mount_nimba_strict_nature_reserve,Mount Nimba Strict Nature Reserve,GIN,Natural,1981,https://whc.unesco.org/en/list/155
tai_national_park,Taï National Park,CIV,Natural,1982,https://whc.unesco.org/en/list/195
historical_complex_of_split_with_the_palace_of_diocletian,Historical Complex of Split with the Palace of Diocletian,HRV,Cultural,1979,https://whc.unesco.org/en/list/97
episcopal_complex_of_the_euphrasian_basilica_in_the_historic_centre_of_porec,Episcopal Complex of the Euphrasian Basilica in the Historic Centre of Poreč,HRV,Cultural,1997,https://whc.unesco.org/en/list/809
cultural_landscape_of_bali_province_the_em_subak_em_system_as_a_manifestation_of_the_em_tri_hita_karana_em_philosophy,Cultural Landscape of Bali Province: the <em>Subak</em> System as a Manifestation of the <em>Tri Hita Karana</em> Philosophy,IDN,Cultural,2012,https://whc.unesco.org/en/list/1194
the_cathedral_of_st_james_in_sibenik,The Cathedral of St James in Šibenik,HRV,Cultural,2000,https://whc.unesco.org/en/list/963
stari_grad_plain,Stari Grad Plain,HRV,Cultural,2008,https://whc.unesco.org/en/list/1240
desembarco_del_granma_national_park,Desembarco del Granma National Park,CUB,Natural,1999,https://whc.unesco.org/en/list/889
archaeological_landscape_of_the_first_coffee_plantations_in_the_south_east_of_cuba,Archaeological Landscape of the First Coffee Plantations in the South-East of Cuba,CUB,Cultural,2000,https://whc.unesco.org/en/list/1008
san_pedro_de_la_roca_castle_santiago_de_cuba,"San Pedro de la Roca Castle, Santiago de Cuba",CUB,Cultural,1997,https://whc.unesco.org/en/list/841
urban_historic_centre_of_cienfuegos,Urban Historic Centre of Cienfuegos,CUB,Cultural,2005,https://whc.unesco.org/en/list/1202
choirokoitia,Choirokoitia,CYP,Cultural,1998,https://whc.unesco.org/en/list/848
gardens_and_castle_at_kromeriz,Gardens and Castle at Kroměříž,CZE,Cultural,1998,https://whc.unesco.org/en/list/860
historic_centre_of_cesky_krumlov,Historic Centre of Český Krumlov,CZE,Cultural,1992,https://whc.unesco.org/en/list/617
erzgebirge_krusnohori_mining_region,Erzgebirge/Krušnohoří Mining Region,DEU,Cultural,2019,https://whc.unesco.org/en/list/1478
historic_centre_of_telc,Historic Centre of Telč,CZE,Cultural,1992,https://whc.unesco.org/en/list/621
historic_centre_of_prague,Historic Centre of Prague,CZE,Cultural,1992,https://whc.unesco.org/en/list/616
litomysl_castle,Litomyšl Castle,CZE,Cultural,1999,https://whc.unesco.org/en/list/901
landscape_for_breeding_and_training_of_ceremonial_carriage_horses_at_kladruby_nad_labem,Landscape for Breeding and Training of Ceremonial Carriage Horses at Kladruby nad Labem,CZE,Cultural,2019,https://whc.unesco.org/en/list/1589
historic_monuments_and_sites_in_kaesong,Historic Monuments and Sites in Kaesong,PRK,Cultural,2013,https://whc.unesco.org/en/list/1278
tugendhat_villa_in_brno,Tugendhat Villa in Brno,CZE,Cultural,2001,https://whc.unesco.org/en/list/1052
mount_kumgang_diamond_mountain_from_the_sea,Mount Kumgang – Diamond Mountain from the Sea,PRK,Mixed,2025,https://whc.unesco.org/en/list/1642
garamba_national_park,Garamba National Park,COD,Natural,1980,https://whc.unesco.org/en/list/136
okapi_wildlife_reserve,Okapi Wildlife Reserve,COD,Natural,1996,https://whc.unesco.org/en/list/718
salonga_national_park,Salonga National Park,COD,Natural,1984,https://whc.unesco.org/en/list/280
jelling_mounds_runic_stones_and_church,"Jelling Mounds, Runic Stones and Church",DNK,Cultural,1994,https://whc.unesco.org/en/list/697
kujataa_greenland_norse_and_inuit_farming_at_the_edge_of_the_ice_cap,Kujataa Greenland: Norse and Inuit Farming at the Edge of the Ice Cap,DNK,Cultural,2017,https://whc.unesco.org/en/list/1536
aasivissuit_nipisat_inuit_hunting_ground_between_ice_and_sea,Aasivissuit – Nipisat. Inuit Hunting Ground between Ice and Sea,DNK,Cultural,2018,https://whc.unesco.org/en/list/1557
mons_klint,Møns Klint,DNK,Natural,2025,https://whc.unesco.org/en/list/1728
historic_centre_of_santa_ana_de_los_rios_de_cuenca,Historic Centre of Santa Ana de los Ríos de Cuenca,ECU,Cultural,1999,https://whc.unesco.org/en/list/863
saint_catherine_area,Saint Catherine Area,EGY,Cultural,2002,https://whc.unesco.org/en/list/954
joya_de_ceren_archaeological_site,Joya de Cerén Archaeological Site,SLV,Cultural,1993,https://whc.unesco.org/en/list/675
asmara_a_modernist_african_city,Asmara: A Modernist African City,ERI,Cultural,2017,https://whc.unesco.org/en/list/1550
lower_valley_of_the_omo,Lower Valley of the Omo,ETH,Cultural,1980,https://whc.unesco.org/en/list/17
rock_hewn_churches_lalibela,"Rock-Hewn Churches, Lalibela",ETH,Cultural,1978,https://whc.unesco.org/en/list/18
abbey_church_of_saint_savin_sur_gartempe,Abbey Church of Saint-Savin sur Gartempe,FRA,Cultural,1983,https://whc.unesco.org/en/list/230
petajavesi_old_church,Petäjävesi Old Church,FIN,Cultural,1994,https://whc.unesco.org/en/list/584
verla_groundwood_and_board_mill,Verla Groundwood and Board Mill,FIN,Cultural,1996,https://whc.unesco.org/en/list/751
bordeaux_port_of_the_moon,"Bordeaux, Port of the Moon",FRA,Cultural,2007,https://whc.unesco.org/en/list/1256
bourges_cathedral,Bourges Cathedral,FRA,Cultural,1992,https://whc.unesco.org/en/list/635
chaine_des_puys_limagne_fault_tectonic_arena,Chaîne des Puys - Limagne fault tectonic arena,FRA,Natural,2018,https://whc.unesco.org/en/list/1434
champagne_hillsides_houses_and_cellars,"Champagne Hillsides, Houses and Cellars",FRA,Cultural,2015,https://whc.unesco.org/en/list/1465
fortifications_of_vauban,Fortifications of Vauban,FRA,Cultural,2008,https://whc.unesco.org/en/list/1283
french_austral_lands_and_seas,French Austral Lands and Seas,FRA,Natural,2019,https://whc.unesco.org/en/list/1603
lagoons_of_new_caledonia_reef_diversity_and_associated_ecosystems,Lagoons of New Caledonia: Reef Diversity and Associated Ecosystems,FRA,Natural,2008,https://whc.unesco.org/en/list/1115
jurisdiction_of_saint_emilion,Jurisdiction of Saint-Emilion,FRA,Cultural,1999,https://whc.unesco.org/en/list/932
le_havre_the_city_rebuilt_by_auguste_perret,"Le Havre, the City Rebuilt by Auguste Perret",FRA,Cultural,2005,https://whc.unesco.org/en/list/1181
palace_and_park_of_versailles,Palace and Park of Versailles,FRA,Cultural,1979,https://whc.unesco.org/en/list/83
paris_banks_of_the_seine,"Paris, Banks of the Seine",FRA,Cultural,1991,https://whc.unesco.org/en/list/600
roman_theatre_and_its_surroundings_and_the_triumphal_arch_of_orange,Roman Theatre and its Surroundings and the Triumphal Arch of Orange,FRA,Cultural,1981,https://whc.unesco.org/en/list/163
the_maison_carree_of_nimes,The Maison Carrée of Nîmes,FRA,Cultural,2023,https://whc.unesco.org/en/list/1569
kunta_kinteh_island_and_related_sites,Kunta Kinteh Island and Related Sites,GMB,Cultural,2003,https://whc.unesco.org/en/list/761
aachen_cathedral,Aachen Cathedral,DEU,Cultural,1978,https://whc.unesco.org/en/list/3
historical_monuments_of_mtskheta,Historical Monuments of Mtskheta,GEO,Cultural,1994,https://whc.unesco.org/en/list/708
carolingian_westwork_and_civitas_corvey,Carolingian Westwork and Civitas Corvey,DEU,Cultural,2014,https://whc.unesco.org/en/list/1447
castles_of_augustusburg_and_falkenlust_at_bruhl,Castles of Augustusburg and Falkenlust at Brühl,DEU,Cultural,1984,https://whc.unesco.org/en/list/288
frontiers_of_the_roman_empire_the_lower_german_limes,Frontiers of the Roman Empire – The Lower German Limes,NLD,Cultural,2021,https://whc.unesco.org/en/list/1631
hanseatic_city_of_lubeck,Hanseatic City of Lübeck,DEU,Cultural,1987,https://whc.unesco.org/en/list/272
luther_memorials_in_eisleben_and_wittenberg,Luther Memorials in Eisleben and Wittenberg,DEU,Cultural,1996,https://whc.unesco.org/en/list/783
mathildenhohe_darmstadt,Mathildenhöhe Darmstadt,DEU,Cultural,2021,https://whc.unesco.org/en/list/1614
maulbronn_monastery_complex,Maulbronn Monastery Complex,DEU,Cultural,1993,https://whc.unesco.org/en/list/546
mines_of_rammelsberg_historic_town_of_goslar_and_upper_harz_water_management_system,"Mines of Rammelsberg, Historic Town of Goslar and Upper Harz Water Management System",DEU,Cultural,1992,https://whc.unesco.org/en/list/623
old_town_of_regensburg_with_stadtamhof,Old town of Regensburg with Stadtamhof,DEU,Cultural,2006,https://whc.unesco.org/en/list/1155
muskauer_park_park_muzakowski,Muskauer Park / Park Mużakowski,POL,Cultural,2004,https://whc.unesco.org/en/list/1127
shum_sites_of_speyer_worms_and_mainz,"ShUM Sites of Speyer, Worms and Mainz",DEU,Cultural,2021,https://whc.unesco.org/en/list/1636
town_hall_and_roland_on_the_marketplace_of_bremen,Town Hall and Roland on the Marketplace of Bremen,DEU,Cultural,2004,https://whc.unesco.org/en/list/1087
upper_middle_rhine_valley,Upper Middle Rhine Valley,DEU,Cultural,2002,https://whc.unesco.org/en/list/1066
water_management_system_of_augsburg,Water Management System of Augsburg,DEU,Cultural,2019,https://whc.unesco.org/en/list/1580
wurzburg_residence_with_the_court_gardens_and_residence_square,Würzburg Residence with the Court Gardens and Residence Square,DEU,Cultural,1981,https://whc.unesco.org/en/list/169
volklingen_ironworks,Völklingen Ironworks,DEU,Cultural,1994,https://whc.unesco.org/en/list/687
forts_and_castles_volta_greater_accra_central_and_western_regions,"Forts and Castles, Volta, Greater Accra, Central and Western Regions",GHA,Cultural,1979,https://whc.unesco.org/en/list/34
archaeological_site_of_philippi,Archaeological Site of Philippi,GRC,Cultural,2016,https://whc.unesco.org/en/list/1517
delos,Delos,GRC,Cultural,1990,https://whc.unesco.org/en/list/530
mount_athos,Mount Athos,GRC,Mixed,1988,https://whc.unesco.org/en/list/454
pythagoreion_and_heraion_of_samos,Pythagoreion and Heraion of Samos,GRC,Cultural,1992,https://whc.unesco.org/en/list/595
temple_of_apollo_epicurius_at_bassae,Temple of Apollo Epicurius at Bassae,GRC,Cultural,1986,https://whc.unesco.org/en/list/392
the_historic_centre_chora_with_the_monastery_of_saint_john_the_theologian_and_the_cave_of_the_apocalypse_on_the_island_of_patmos,The Historic Centre (Chorá) with the Monastery of Saint-John the Theologian and the Cave of the Apocalypse on the Island of Pátmos,GRC,Cultural,1999,https://whc.unesco.org/en/list/942
archaeological_park_and_ruins_of_quirigua,Archaeological Park and Ruins of Quirigua,GTM,Cultural,1981,https://whc.unesco.org/en/list/149
zagori_cultural_landscape,Zagori Cultural Landscape,GRC,Cultural,2023,https://whc.unesco.org/en/list/1695
coastal_and_marine_ecosystems_of_the_bijagos_archipelago_omati_minho,Coastal and Marine Ecosystems of the Bijagós Archipelago – Omatí Minhô,GNB,Natural,2025,https://whc.unesco.org/en/list/1431
tikal_national_park,Tikal National Park,GTM,Mixed,1979,https://whc.unesco.org/en/list/64
rio_platano_biosphere_reserve,Río Plátano Biosphere Reserve,HND,Natural,1982,https://whc.unesco.org/en/list/196
millenary_benedictine_abbey_of_pannonhalma_and_its_natural_environment,Millenary Benedictine Abbey of Pannonhalma and its Natural Environment,HUN,Cultural,1996,https://whc.unesco.org/en/list/758
thingvellir_national_park,Þingvellir National Park,ISL,Cultural,2004,https://whc.unesco.org/en/list/1152
chhatrapati_shivaji_terminus_formerly_victoria_terminus,Chhatrapati Shivaji Terminus (formerly Victoria Terminus),IND,Cultural,2004,https://whc.unesco.org/en/list/945
champaner_pavagadh_archaeological_park,Champaner-Pavagadh Archaeological Park,IND,Cultural,2004,https://whc.unesco.org/en/list/1101
ellora_caves,Ellora Caves,IND,Cultural,1983,https://whc.unesco.org/en/list/243
hill_forts_of_rajasthan,Hill Forts of Rajasthan,IND,Cultural,2013,https://whc.unesco.org/en/list/247
group_of_monuments_at_pattadakal,Group of Monuments at Pattadakal,IND,Cultural,1987,https://whc.unesco.org/en/list/239
historic_city_of_ahmadabad,Historic City of Ahmadabad,IND,Cultural,2017,https://whc.unesco.org/en/list/1551
keoladeo_national_park,Keoladeo National Park,IND,Natural,1985,https://whc.unesco.org/en/list/340
kakatiya_rudreshwara_ramappa_temple_telangana,"Kakatiya Rudreshwara (Ramappa) Temple, Telangana",IND,Cultural,2021,https://whc.unesco.org/en/list/1570
kaziranga_national_park,Kaziranga National Park,IND,Natural,1985,https://whc.unesco.org/en/list/337
hidden_christian_sites_in_the_nagasaki_region,Hidden Christian Sites in the Nagasaki Region,JPN,Cultural,2018,https://whc.unesco.org/en/list/1495
manas_wildlife_sanctuary,Manas Wildlife Sanctuary,IND,Natural,1985,https://whc.unesco.org/en/list/338
mahabodhi_temple_complex_at_bodh_gaya,Mahabodhi Temple Complex at Bodh Gaya,IND,Cultural,2002,https://whc.unesco.org/en/list/1056
mountain_railways_of_india,Mountain Railways of India,IND,Cultural,1999,https://whc.unesco.org/en/list/944
rani_ki_vav_the_queens_stepwell_at_patan_gujarat,"Rani-ki-Vav (the Queen’s Stepwell) at Patan, Gujarat",IND,Cultural,2014,https://whc.unesco.org/en/list/922
nanda_devi_and_valley_of_flowers_national_parks,Nanda Devi and Valley of Flowers National Parks,IND,Natural,1988,https://whc.unesco.org/en/list/335
red_fort_complex,Red Fort Complex,IND,Cultural,2007,https://whc.unesco.org/en/list/231
sun_temple_konarak,"Sun Temple, Konârak",IND,Cultural,1984,https://whc.unesco.org/en/list/246
rock_shelters_of_bhimbetka,Rock Shelters of Bhimbetka,IND,Cultural,2003,https://whc.unesco.org/en/list/925
taj_mahal,Taj Mahal,IND,Cultural,1983,https://whc.unesco.org/en/list/252
ombilin_coal_mining_heritage_of_sawahlunto,Ombilin Coal Mining Heritage of Sawahlunto,IDN,Cultural,2019,https://whc.unesco.org/en/list/1610
komodo_national_park,Komodo National Park,IDN,Natural,1991,https://whc.unesco.org/en/list/609
prambanan_temple_compounds,Prambanan Temple Compounds,IDN,Cultural,1991,https://whc.unesco.org/en/list/642
tropical_rainforest_heritage_of_sumatra,Tropical Rainforest Heritage of Sumatra,IDN,Natural,2004,https://whc.unesco.org/en/list/1167
cultural_landscape_of_hawraman_uramanat,Cultural Landscape of Hawraman/Uramanat,IRN,Cultural,2021,https://whc.unesco.org/en/list/1647
armenian_monastic_ensembles_of_iran,Armenian Monastic Ensembles of Iran,IRN,Cultural,2008,https://whc.unesco.org/en/list/1262
lut_desert,Lut Desert,IRN,Natural,2016,https://whc.unesco.org/en/list/1505
gonbad_e_qabus,Gonbad-e Qābus,IRN,Cultural,2012,https://whc.unesco.org/en/list/1398
pasargadae,Pasargadae,IRN,Cultural,2004,https://whc.unesco.org/en/list/1106
sheikh_safi_al_din_khanegah_and_shrine_ensemble_in_ardabil,Sheikh Safi al-din Khānegāh and Shrine Ensemble in Ardabil,IRN,Cultural,2010,https://whc.unesco.org/en/list/1345
tabriz_historic_bazaar_complex,Tabriz Historic Bazaar Complex,IRN,Cultural,2010,https://whc.unesco.org/en/list/1346
the_persian_caravanserai,The Persian Caravanserai,IRN,Cultural,2023,https://whc.unesco.org/en/list/1668
trans_iranian_railway,Trans-Iranian Railway,IRN,Cultural,2021,https://whc.unesco.org/en/list/1585
hatra,Hatra,IRQ,Cultural,1985,https://whc.unesco.org/en/list/277
samarra_archaeological_city,Samarra Archaeological City,IRQ,Cultural,2007,https://whc.unesco.org/en/list/276
the_ahwar_of_southern_iraq_refuge_of_biodiversity_and_the_relict_landscape_of_the_mesopotamian_cities,The Ahwar of Southern Iraq: Refuge of Biodiversity and the Relict Landscape of the Mesopotamian Cities,IRQ,Mixed,2016,https://whc.unesco.org/en/list/1481
biblical_tels_megiddo_hazor_beer_sheba,"Biblical Tels - Megiddo, Hazor, Beer Sheba",ISR,Cultural,2005,https://whc.unesco.org/en/list/1108
incense_route_desert_cities_in_the_negev,Incense Route - Desert Cities in the Negev,ISR,Cultural,2005,https://whc.unesco.org/en/list/1107
caves_of_maresha_and_bet_guvrin_in_the_judean_lowlands_as_a_microcosm_of_the_land_of_the_caves,Caves of Maresha and Bet-Guvrin in the Judean Lowlands as a Microcosm of the Land of the Caves,ISR,Cultural,2014,https://whc.unesco.org/en/list/1370
white_city_of_tel_aviv_the_modern_movement,White City of Tel-Aviv – the Modern Movement,ISR,Cultural,2003,https://whc.unesco.org/en/list/1096
necropolis_of_bet_shearim_a_landmark_of_jewish_renewal,Necropolis of Bet She’arim: A Landmark of Jewish Renewal,ISR,Cultural,2015,https://whc.unesco.org/en/list/1471
18th_century_royal_palace_at_caserta_with_the_park_the_aqueduct_of_vanvitelli_and_the_san_leucio_complex,"18th-Century Royal Palace at Caserta with the Park, the Aqueduct of Vanvitelli, and the San Leucio Complex",ITA,Cultural,1997,https://whc.unesco.org/en/list/549
botanical_garden_orto_botanico_padua,"Botanical Garden (Orto Botanico), Padua",ITA,Cultural,1997,https://whc.unesco.org/en/list/824
cathedral_torre_civica_and_piazza_grande_modena,"Cathedral, Torre Civica and Piazza Grande, Modena",ITA,Cultural,1997,https://whc.unesco.org/en/list/827
costiera_amalfitana,Costiera Amalfitana,ITA,Cultural,1997,https://whc.unesco.org/en/list/830
ferrara_city_of_the_renaissance_and_its_po_delta,"Ferrara, City of the Renaissance, and its Po Delta",ITA,Cultural,1995,https://whc.unesco.org/en/list/733
funerary_tradition_in_the_prehistory_of_sardinia_em_the_domus_de_janas_em,Funerary Tradition in the Prehistory of Sardinia – <em>The domus de janas</em>,ITA,Cultural,2025,https://whc.unesco.org/en/list/1730
historic_centre_of_florence,Historic Centre of Florence,ITA,Cultural,1982,https://whc.unesco.org/en/list/174
historic_centre_of_urbino,Historic Centre of Urbino,ITA,Cultural,1998,https://whc.unesco.org/en/list/828
historic_centre_of_the_city_of_pienza,Historic Centre of the City of Pienza,ITA,Cultural,1996,https://whc.unesco.org/en/list/789
le_colline_del_prosecco_di_conegliano_e_valdobbiadene,Le Colline del Prosecco di Conegliano e Valdobbiadene,ITA,Cultural,2019,https://whc.unesco.org/en/list/1571
longobards_in_italy_places_of_the_power_568_774_a_d,Longobards in Italy. Places of the Power (568-774 A.D.),ITA,Cultural,2011,https://whc.unesco.org/en/list/1318
late_baroque_towns_of_the_val_di_noto_south_eastern_sicily,Late Baroque Towns of the Val di Noto (South-Eastern Sicily),ITA,Cultural,2002,https://whc.unesco.org/en/list/1024
medici_villas_and_gardens_in_tuscany,Medici Villas and Gardens in Tuscany,ITA,Cultural,2013,https://whc.unesco.org/en/list/175
syracuse_and_the_rocky_necropolis_of_pantalica,Syracuse and the Rocky Necropolis of Pantalica,ITA,Cultural,2005,https://whc.unesco.org/en/list/1200
residences_of_the_royal_house_of_savoy,Residences of the Royal House of Savoy,ITA,Cultural,1997,https://whc.unesco.org/en/list/823
su_nuraxi_di_barumini,Su Nuraxi di Barumini,ITA,Cultural,1997,https://whc.unesco.org/en/list/833
the_dolomites,The Dolomites,ITA,Natural,2009,https://whc.unesco.org/en/list/1237
villa_d_este_tivoli,"Villa d'Este, Tivoli",ITA,Cultural,2001,https://whc.unesco.org/en/list/1025
via_appia_em_regina_viarum_em,Via Appia. <em>Regina Viarum</em>,ITA,Cultural,2024,https://whc.unesco.org/en/list/1708
fujisan_sacred_place_and_source_of_artistic_inspiration,"Fujisan, sacred place and source of artistic inspiration",JPN,Cultural,2013,https://whc.unesco.org/en/list/1418
himeji_jo,Himeji-jo,JPN,Cultural,1993,https://whc.unesco.org/en/list/661
gusuku_sites_and_related_properties_of_the_kingdom_of_ryukyu,Gusuku Sites and Related Properties of the Kingdom of Ryukyu,JPN,Cultural,2000,https://whc.unesco.org/en/list/972
historic_monuments_of_ancient_kyoto_kyoto_uji_and_otsu_cities,"Historic Monuments of Ancient Kyoto (Kyoto, Uji and Otsu Cities)",JPN,Cultural,1994,https://whc.unesco.org/en/list/688
iwami_ginzan_silver_mine_and_its_cultural_landscape,Iwami Ginzan Silver Mine and its Cultural Landscape,JPN,Cultural,2007,https://whc.unesco.org/en/list/1246
sites_of_japans_meiji_industrial_revolution_iron_and_steel_shipbuilding_and_coal_mining,"Sites of Japan’s Meiji Industrial Revolution: Iron and Steel, Shipbuilding and Coal Mining",JPN,Cultural,2015,https://whc.unesco.org/en/list/1484
as_salt_the_place_of_tolerance_and_urban_hospitality,As-Salt - The Place of Tolerance and Urban Hospitality,JOR,Cultural,2021,https://whc.unesco.org/en/list/689
um_er_rasas_kastrom_mefa_a,Um er-Rasas (Kastrom Mefa'a),JOR,Cultural,2004,https://whc.unesco.org/en/list/1093
baptism_site_bethany_beyond_the_jordan_al_maghtas,Baptism Site “Bethany Beyond the Jordan” (Al-Maghtas),JOR,Cultural,2015,https://whc.unesco.org/en/list/1446
quseir_amra,Quseir Amra,JOR,Cultural,1985,https://whc.unesco.org/en/list/327
umm_al_jimal,Umm Al-Jimāl,JOR,Cultural,2024,https://whc.unesco.org/en/list/1721
wadi_rum_protected_area,Wadi Rum Protected Area,JOR,Mixed,2011,https://whc.unesco.org/en/list/1377
fort_jesus_mombasa,"Fort Jesus, Mombasa",KEN,Cultural,2011,https://whc.unesco.org/en/list/1295
kenya_lake_system_in_the_great_rift_valley,Kenya Lake System in the Great Rift Valley,KEN,Natural,2011,https://whc.unesco.org/en/list/1060
thimlich_ohinga_archaeological_site,Thimlich Ohinga Archaeological Site,KEN,Cultural,2018,https://whc.unesco.org/en/list/1450
mount_kenya_national_park_natural_forest,Mount Kenya National Park/Natural Forest,KEN,Natural,1997,https://whc.unesco.org/en/list/800
leon_cathedral,León Cathedral,NIC,Cultural,2011,https://whc.unesco.org/en/list/1236
vat_phou_and_associated_ancient_settlements_within_the_champasak_cultural_landscape,Vat Phou and Associated Ancient Settlements within the Champasak Cultural Landscape,LAO,Cultural,2001,https://whc.unesco.org/en/list/481
historic_centre_of_riga,Historic Centre of Riga,LVA,Cultural,1997,https://whc.unesco.org/en/list/852
rachid_karami_international_fair_tripoli,Rachid Karami International Fair-Tripoli,LBN,Cultural,2023,https://whc.unesco.org/en/list/1702
old_town_of_ghadames,Old Town of Ghadamès,LBY,Cultural,1986,https://whc.unesco.org/en/list/362
modernist_kaunas_architecture_of_optimism_1919_1939,"Modernist Kaunas: Architecture of Optimism, 1919-1939",LTU,Cultural,2023,https://whc.unesco.org/en/list/1661
city_of_luxembourg_its_old_quarters_and_fortifications,City of Luxembourg: its Old Quarters and Fortifications,LUX,Cultural,1994,https://whc.unesco.org/en/list/699
royal_hill_of_ambohimanga,Royal Hill of Ambohimanga,MDG,Cultural,2001,https://whc.unesco.org/en/list/950
rainforests_of_the_atsinanana,Rainforests of the Atsinanana,MDG,Natural,2007,https://whc.unesco.org/en/list/1257
gunung_mulu_national_park,Gunung Mulu National Park,MYS,Natural,2000,https://whc.unesco.org/en/list/1013
the_archaeological_heritage_of_niah_national_parks_caves_complex,The Archaeological Heritage of Niah National Park’s Caves Complex,MYS,Cultural,2024,https://whc.unesco.org/en/list/1014
timbuktu,Timbuktu,MLI,Cultural,1988,https://whc.unesco.org/en/list/119
ancient_i_ksour_i_of_ouadane_chinguetti_tichitt_and_oualata,"Ancient <I>Ksour</I> of Ouadane, Chinguetti, Tichitt and Oualata",MRT,Cultural,1996,https://whc.unesco.org/en/list/750
le_morne_cultural_landscape,Le Morne Cultural Landscape,MUS,Cultural,2008,https://whc.unesco.org/en/list/1259
franciscan_missions_in_the_sierra_gorda_of_queretaro,Franciscan Missions in the Sierra Gorda of Querétaro,MEX,Cultural,2003,https://whc.unesco.org/en/list/1079
central_university_city_campus_of_the_i_universidad_nacional_autonoma_de_mexico_i_unam,Central University City Campus of the <i>Universidad Nacional Autónoma de México</i> (UNAM),MEX,Cultural,2007,https://whc.unesco.org/en/list/1250
el_tajin_pre_hispanic_city,"El Tajin, Pre-Hispanic City",MEX,Cultural,1992,https://whc.unesco.org/en/list/631
earliest_16th_century_monasteries_on_the_slopes_of_popocatepetl,Earliest 16th-Century Monasteries on the Slopes of Popocatepetl,MEX,Cultural,1994,https://whc.unesco.org/en/list/702
historic_centre_of_oaxaca_and_archaeological_site_of_monte_alban,Historic Centre of Oaxaca and Archaeological Site of Monte Albán,MEX,Cultural,1987,https://whc.unesco.org/en/list/415
hospicio_cabanas_guadalajara,"Hospicio Cabañas, Guadalajara",MEX,Cultural,1997,https://whc.unesco.org/en/list/815
historic_monuments_zone_of_queretaro,Historic Monuments Zone of Querétaro,MEX,Cultural,1996,https://whc.unesco.org/en/list/792
luis_barragan_house_and_studio,Luis Barragán House and Studio,MEX,Cultural,2004,https://whc.unesco.org/en/list/1136
monarch_butterfly_biosphere_reserve,Monarch Butterfly Biosphere Reserve,MEX,Natural,2008,https://whc.unesco.org/en/list/1290
rock_paintings_of_the_sierra_de_san_francisco,Rock Paintings of the Sierra de San Francisco,MEX,Cultural,1993,https://whc.unesco.org/en/list/714
paseo_del_prado_and_buen_retiro_a_landscape_of_arts_and_sciences,"Paseo del Prado and Buen Retiro, a landscape of Arts and Sciences",ESP,Cultural,2021,https://whc.unesco.org/en/list/1618
pre_hispanic_city_of_teotihuacan,Pre-Hispanic City of Teotihuacan,MEX,Cultural,1987,https://whc.unesco.org/en/list/414
prehistoric_caves_of_yagul_and_mitla_in_the_central_valley_of_oaxaca,Prehistoric Caves of Yagul and Mitla in the Central Valley of Oaxaca,MEX,Cultural,2010,https://whc.unesco.org/en/list/1352
nan_madol_ceremonial_centre_of_eastern_micronesia,Nan Madol: Ceremonial Centre of Eastern Micronesia,FSM,Cultural,2016,https://whc.unesco.org/en/list/1503
tehuacan_cuicatlan_valley_originary_habitat_of_mesoamerica,Tehuacán-Cuicatlán Valley: originary habitat of Mesoamerica,MEX,Mixed,2018,https://whc.unesco.org/en/list/1534
sian_ka_an,Sian Ka'an,MEX,Natural,1987,https://whc.unesco.org/en/list/410
great_burkhan_khaldun_mountain_and_its_surrounding_sacred_landscape,Great Burkhan Khaldun Mountain and its surrounding sacred landscape,MNG,Cultural,2015,https://whc.unesco.org/en/list/1440
durmitor_national_park,Durmitor National Park,MNE,Natural,1980,https://whc.unesco.org/en/list/100
medina_of_fez,Medina of Fez,MAR,Cultural,1981,https://whc.unesco.org/en/list/170
medina_of_essaouira_formerly_mogador,Medina of Essaouira (formerly Mogador),MAR,Cultural,2001,https://whc.unesco.org/en/list/753
isimangaliso_wetland_park_maputo_national_park,iSimangaliso Wetland Park – Maputo National Park,MOZ,Natural,1999,https://whc.unesco.org/en/list/914
bagan,Bagan,MMR,Cultural,2019,https://whc.unesco.org/en/list/1588
island_of_mozambique,Island of Mozambique,MOZ,Cultural,1991,https://whc.unesco.org/en/list/599
rabat_modern_capital_and_historic_city_a_shared_heritage,"Rabat, Modern Capital and Historic City: a Shared Heritage",MAR,Cultural,2012,https://whc.unesco.org/en/list/1401
pyu_ancient_cities,Pyu Ancient Cities,MMR,Cultural,2014,https://whc.unesco.org/en/list/1444
dutch_water_defence_lines,Dutch Water Defence Lines,NLD,Cultural,1996,https://whc.unesco.org/en/list/759
kathmandu_valley,Kathmandu Valley,NPL,Cultural,1979,https://whc.unesco.org/en/list/121
lumbini_the_birthplace_of_the_lord_buddha,"Lumbini, the Birthplace of the Lord Buddha",NPL,Cultural,1997,https://whc.unesco.org/en/list/666
sagarmatha_national_park,Sagarmatha National Park,NPL,Natural,1979,https://whc.unesco.org/en/list/120
droogmakerij_de_beemster_beemster_polder,Droogmakerij de Beemster (Beemster Polder),NLD,Cultural,1999,https://whc.unesco.org/en/list/899
mill_network_at_kinderdijk_elshout,Mill Network at Kinderdijk-Elshout,NLD,Cultural,1997,https://whc.unesco.org/en/list/818
rietveld_schroderhuis_rietveld_schroder_house,Rietveld Schröderhuis (Rietveld Schröder House),NLD,Cultural,2000,https://whc.unesco.org/en/list/965
historic_area_of_willemstad_inner_city_and_harbour_curacao,"Historic Area of Willemstad, Inner City and Harbour, Curaçao",NLD,Cultural,1997,https://whc.unesco.org/en/list/819
ir_d_f_woudagemaal_d_f_wouda_steam_pumping_station,Ir.D.F. Woudagemaal (D.F. Wouda Steam Pumping Station),NLD,Cultural,1998,https://whc.unesco.org/en/list/867
tongariro_national_park,Tongariro National Park,NZL,Mixed,1990,https://whc.unesco.org/en/list/421
seventeenth_century_canal_ring_area_of_amsterdam_inside_the_singelgracht,Seventeenth-Century Canal Ring Area of Amsterdam inside the Singelgracht,NLD,Cultural,2010,https://whc.unesco.org/en/list/1349
air_and_tenere_natural_reserves,Air and Ténéré Natural Reserves,NER,Natural,1991,https://whc.unesco.org/en/list/573
osun_osogbo_sacred_grove,Osun-Osogbo Sacred Grove,NGA,Cultural,2005,https://whc.unesco.org/en/list/1118
historic_centre_of_agadez,Historic Centre of Agadez,NER,Cultural,2013,https://whc.unesco.org/en/list/1268
i_aflaj_i_irrigation_systems_of_oman,<i>Aflaj</i> Irrigation Systems of Oman,OMN,Cultural,2006,https://whc.unesco.org/en/list/1207
archaeological_sites_of_bat_al_khutm_and_al_ayn,"Archaeological Sites of Bat, Al-Khutm and Al-Ayn",OMN,Cultural,1988,https://whc.unesco.org/en/list/434
archaeological_ruins_at_moenjodaro,Archaeological Ruins at Moenjodaro,PAK,Cultural,1980,https://whc.unesco.org/en/list/138
rock_islands_southern_lagoon,Rock Islands Southern Lagoon,PLW,Mixed,2012,https://whc.unesco.org/en/list/1386
kuk_early_agricultural_site,Kuk Early Agricultural Site,PNG,Cultural,2008,https://whc.unesco.org/en/list/887
city_of_cuzco,City of Cuzco,PER,Cultural,1983,https://whc.unesco.org/en/list/273
lines_and_geoglyphs_of_nasca_and_palpa,Lines and Geoglyphs of Nasca and Palpa,PER,Cultural,1994,https://whc.unesco.org/en/list/700
historic_sanctuary_of_machu_picchu,Historic Sanctuary of Machu Picchu,PER,Mixed,1983,https://whc.unesco.org/en/list/274
historic_centre_of_lima,Historic Centre of Lima,PER,Cultural,1988,https://whc.unesco.org/en/list/500
historical_centre_of_the_city_of_arequipa,Historical Centre of the City of Arequipa,PER,Cultural,2000,https://whc.unesco.org/en/list/1016
sacred_city_of_caral_supe,Sacred City of Caral-Supe,PER,Cultural,2009,https://whc.unesco.org/en/list/1269
auschwitz_birkenau_br_small_german_nazi_concentration_and_extermination_camp_1940_1945_small,Auschwitz Birkenau <br /><small>German Nazi Concentration and Extermination Camp (1940-1945)</small>,POL,Cultural,1979,https://whc.unesco.org/en/list/31
tubbataha_reefs_natural_park,Tubbataha Reefs Natural Park,PHL,Natural,1993,https://whc.unesco.org/en/list/653
old_city_of_zamosc,Old City of Zamość,POL,Cultural,1992,https://whc.unesco.org/en/list/564
convent_of_christ_in_tomar,Convent of Christ in Tomar,PRT,Cultural,1983,https://whc.unesco.org/en/list/265
monastery_of_alcobaca,Monastery of Alcobaça,PRT,Cultural,1989,https://whc.unesco.org/en/list/505
historic_centre_of_oporto_luiz_i_bridge_and_monastery_of_serra_do_pilar,"Historic Centre of Oporto, Luiz I Bridge and Monastery of Serra do Pilar",PRT,Cultural,1996,https://whc.unesco.org/en/list/755
monastery_of_the_hieronymites_and_tower_of_belem_in_lisbon,Monastery of the Hieronymites and Tower of Belém in Lisbon,PRT,Cultural,1983,https://whc.unesco.org/en/list/263
royal_building_of_i_mafra_i_palace_basilica_convent_i_cerco_i_garden_and_hunting_park_i_tapada_i,"Royal Building of <i>Mafra</i> – Palace, Basilica, Convent, <i>Cerco</i> Garden and Hunting Park (<i>Tapada</i>)",PRT,Cultural,2019,https://whc.unesco.org/en/list/1573
gaya_tumuli,Gaya Tumuli,KOR,Cultural,2023,https://whc.unesco.org/en/list/1666
baekje_historic_areas,Baekje Historic Areas,KOR,Cultural,2015,https://whc.unesco.org/en/list/1477
getbol_korean_tidal_flats,"Getbol, Korean Tidal Flats",KOR,Natural,2021,https://whc.unesco.org/en/list/1591
changdeokgung_palace_complex,Changdeokgung Palace Complex,KOR,Cultural,1997,https://whc.unesco.org/en/list/816
hwaseong_fortress,Hwaseong Fortress,KOR,Cultural,1997,https://whc.unesco.org/en/list/817
royal_tombs_of_the_joseon_dynasty,Royal Tombs of the Joseon Dynasty,KOR,Cultural,2009,https://whc.unesco.org/en/list/1319
jongmyo_shrine,Jongmyo Shrine,KOR,Cultural,1995,https://whc.unesco.org/en/list/738
sansa_buddhist_mountain_monasteries_in_korea,"Sansa, Buddhist Mountain Monasteries in Korea",KOR,Cultural,2018,https://whc.unesco.org/en/list/1562
brancusi_monumental_ensemble_of_targu_jiu,Brâncuși Monumental Ensemble of Târgu Jiu,ROU,Cultural,2024,https://whc.unesco.org/en/list/1473
historic_centre_of_sighisoara,Historic Centre of Sighişoara,ROU,Cultural,1999,https://whc.unesco.org/en/list/902
assumption_cathedral_and_monastery_of_the_town_island_of_sviyazhsk,Assumption Cathedral and Monastery of the town-island of Sviyazhsk,RUS,Cultural,2017,https://whc.unesco.org/en/list/1525
wooden_churches_of_maramures,Wooden Churches of Maramureş,ROU,Cultural,1999,https://whc.unesco.org/en/list/904
villages_with_fortified_churches_in_transylvania,Villages with Fortified Churches in Transylvania,ROU,Cultural,1993,https://whc.unesco.org/en/list/596
architectural_ensemble_of_the_trinity_sergius_lavra_in_sergiev_posad,Architectural Ensemble of the Trinity Sergius Lavra in Sergiev Posad,RUS,Cultural,1993,https://whc.unesco.org/en/list/657
cultural_landscape_of_kenozero_lake,Cultural Landscape of Kenozero Lake,RUS,Cultural,2024,https://whc.unesco.org/en/list/1688
ensemble_of_the_ferapontov_monastery,Ensemble of the Ferapontov Monastery,RUS,Cultural,2000,https://whc.unesco.org/en/list/982
kizhi_pogost,Kizhi Pogost,RUS,Cultural,1990,https://whc.unesco.org/en/list/544
nyungwe_national_park,Nyungwe National Park,RWA,Natural,2023,https://whc.unesco.org/en/list/1697
western_caucasus,Western Caucasus,RUS,Natural,1999,https://whc.unesco.org/en/list/900
memorial_sites_of_the_genocide_nyamata_murambi_gisozi_and_bisesero,"Memorial sites of the Genocide: Nyamata, Murambi, Gisozi and Bisesero",RWA,Cultural,2023,https://whc.unesco.org/en/list/1586
pitons_management_area,Pitons Management Area,LCA,Natural,2004,https://whc.unesco.org/en/list/1161
at_turaif_district_in_ad_dir_iyah,At-Turaif District in ad-Dir'iyah,SAU,Cultural,2010,https://whc.unesco.org/en/list/1329
the_cultural_landscape_of_al_faw_archaeological_area,The Cultural Landscape of Al-Faw Archaeological Area,SAU,Cultural,2024,https://whc.unesco.org/en/list/1712
hegra_archaeological_site_al_hijr_mada_in_salih,Hegra Archaeological Site (al-Hijr / Madā ͐ in Ṣāliḥ),SAU,Cultural,2008,https://whc.unesco.org/en/list/1293
hima_cultural_area,Ḥimā Cultural Area,SAU,Cultural,2021,https://whc.unesco.org/en/list/1619
historic_jeddah_the_gate_to_makkah,"Historic Jeddah, the Gate to Makkah",SAU,Cultural,2014,https://whc.unesco.org/en/list/1361
djoudj_national_bird_sanctuary,Djoudj National Bird Sanctuary,SEN,Natural,1981,https://whc.unesco.org/en/list/25
niokolo_koba_national_park,Niokolo-Koba National Park,SEN,Natural,1981,https://whc.unesco.org/en/list/153
island_of_goree,Island of Gorée,SEN,Cultural,1978,https://whc.unesco.org/en/list/26
studenica_monastery,Studenica Monastery,SRB,Cultural,1986,https://whc.unesco.org/en/list/389
saloum_delta,Saloum Delta,SEN,Cultural,2011,https://whc.unesco.org/en/list/1359
heritage_of_mercury_almaden_and_idrija,Heritage of Mercury. Almadén and Idrija,ESP,Cultural,2012,https://whc.unesco.org/en/list/1313
historic_town_of_banska_stiavnica_and_the_technical_monuments_in_its_vicinity,Historic Town of Banská Štiavnica and the Technical Monuments in its Vicinity,SVK,Cultural,1993,https://whc.unesco.org/en/list/618
skocjan_caves,Škocjan Caves,SVN,Natural,1986,https://whc.unesco.org/en/list/390
vredefort_dome,Vredefort Dome,ZAF,Natural,2005,https://whc.unesco.org/en/list/1162
alhambra_generalife_and_albayzin_granada,"Alhambra, Generalife and Albayzín, Granada",ESP,Cultural,1984,https://whc.unesco.org/en/list/314
burgos_cathedral,Burgos Cathedral,ESP,Cultural,1984,https://whc.unesco.org/en/list/316
caliphate_city_of_medina_azahara,Caliphate City of Medina Azahara,ESP,Cultural,2018,https://whc.unesco.org/en/list/1560
cathedral_alcazar_and_archivo_de_indias_in_seville,"Cathedral, Alcázar and Archivo de Indias in Seville",ESP,Cultural,1987,https://whc.unesco.org/en/list/383
donana_national_park,Doñana National Park,ESP,Natural,1994,https://whc.unesco.org/en/list/685
historic_centre_of_cordoba,Historic Centre of Cordoba,ESP,Cultural,1984,https://whc.unesco.org/en/list/313
la_lonja_de_la_seda_de_valencia,La Lonja de la Seda de Valencia,ESP,Cultural,1996,https://whc.unesco.org/en/list/782
monastery_and_site_of_the_escurial_madrid,"Monastery and Site of the Escurial, Madrid",ESP,Cultural,1984,https://whc.unesco.org/en/list/318
monuments_of_oviedo_and_the_kingdom_of_the_asturias,Monuments of Oviedo and the Kingdom of the Asturias,ESP,Cultural,1985,https://whc.unesco.org/en/list/312
old_town_of_segovia_and_its_aqueduct,Old Town of Segovia and its Aqueduct,ESP,Cultural,1985,https://whc.unesco.org/en/list/311
palmeral_of_elche,Palmeral of Elche,ESP,Cultural,2000,https://whc.unesco.org/en/list/930
poblet_monastery,Poblet Monastery,ESP,Cultural,1991,https://whc.unesco.org/en/list/518
roman_walls_of_lugo,Roman Walls of Lugo,ESP,Cultural,2000,https://whc.unesco.org/en/list/987
rock_art_of_the_mediterranean_basin_on_the_iberian_peninsula,Rock Art of the Mediterranean Basin on the Iberian Peninsula,ESP,Cultural,1998,https://whc.unesco.org/en/list/874
san_millan_yuso_and_suso_monasteries,San Millán Yuso and Suso Monasteries,ESP,Cultural,1997,https://whc.unesco.org/en/list/805
old_town_of_galle_and_its_fortifications,Old Town of Galle and its Fortifications,LKA,Cultural,1988,https://whc.unesco.org/en/list/451
sinharaja_forest_reserve,Sinharaja Forest Reserve,LKA,Natural,1988,https://whc.unesco.org/en/list/405
ancient_jericho_tell_es_sultan,Ancient Jericho/Tell es-Sultan,PSE,Cultural,2023,https://whc.unesco.org/en/list/1687
gebel_barkal_and_the_sites_of_the_napatan_region,Gebel Barkal and the Sites of the Napatan Region,SDN,Cultural,2003,https://whc.unesco.org/en/list/1073
historic_inner_city_of_paramaribo,Historic Inner City of Paramaribo,SUR,Cultural,2002,https://whc.unesco.org/en/list/940
central_suriname_nature_reserve,Central Suriname Nature Reserve,SUR,Natural,2000,https://whc.unesco.org/en/list/1017
engelsberg_ironworks,Engelsberg Ironworks,SWE,Cultural,1993,https://whc.unesco.org/en/list/556
hanseatic_town_of_visby,Hanseatic Town of Visby,SWE,Cultural,1995,https://whc.unesco.org/en/list/731
mining_area_of_the_great_copper_mountain_in_falun,Mining Area of the Great Copper Mountain in Falun,SWE,Cultural,2001,https://whc.unesco.org/en/list/1027
rock_carvings_in_tanum,Rock Carvings in Tanum,SWE,Cultural,1994,https://whc.unesco.org/en/list/557
laponian_area,Laponian Area,SWE,Mixed,1996,https://whc.unesco.org/en/list/774
la_chaux_de_fonds_le_locle_watchmaking_town_planning,"La Chaux-de-Fonds / Le Locle, Watchmaking Town Planning",CHE,Cultural,2009,https://whc.unesco.org/en/list/1302
benedictine_convent_of_st_john_at_mustair,Benedictine Convent of St John at Müstair,CHE,Cultural,1983,https://whc.unesco.org/en/list/269
ancient_villages_of_northern_syria,Ancient Villages of Northern Syria,SYR,Cultural,2011,https://whc.unesco.org/en/list/1348
ancient_city_of_bosra,Ancient City of Bosra,SYR,Cultural,1980,https://whc.unesco.org/en/list/22
tajik_national_park_mountains_of_the_pamirs,Tajik National Park (Mountains of the Pamirs),TJK,Natural,2013,https://whc.unesco.org/en/list/1252
tugay_forests_of_the_tigrovaya_balka_nature_reserve,Tugay forests of the Tigrovaya Balka Nature Reserve,TJK,Natural,2023,https://whc.unesco.org/en/list/1685
ban_chiang_archaeological_site,Ban Chiang Archaeological Site,THA,Cultural,1992,https://whc.unesco.org/en/list/575
dong_phayayen_khao_yai_forest_complex,Dong Phayayen-Khao Yai Forest Complex,THA,Natural,2005,https://whc.unesco.org/en/list/590
historic_town_of_sukhothai_and_associated_historic_towns,Historic Town of Sukhothai and Associated Historic Towns,THA,Cultural,1991,https://whc.unesco.org/en/list/574
historic_city_of_ayutthaya,Historic City of Ayutthaya,THA,Cultural,1991,https://whc.unesco.org/en/list/576
the_ancient_town_of_si_thep_and_its_associated_dvaravati_monuments,The Ancient Town of Si Thep and its Associated Dvaravati Monuments,THA,Cultural,2023,https://whc.unesco.org/en/list/1662
dougga_thugga,Dougga / Thugga,TUN,Cultural,1997,https://whc.unesco.org/en/list/794
kairouan,Kairouan,TUN,Cultural,1988,https://whc.unesco.org/en/list/499
archaeological_site_of_troy,Archaeological Site of Troy,TUR,Cultural,1998,https://whc.unesco.org/en/list/849
arslantepe_mound,Arslantepe Mound,TUR,Cultural,2021,https://whc.unesco.org/en/list/1622
diyarbakir_fortress_and_hevsel_gardens_cultural_landscape,Diyarbakır Fortress and Hevsel Gardens Cultural Landscape,TUR,Cultural,2015,https://whc.unesco.org/en/list/1488
city_of_safranbolu,City of Safranbolu,TUR,Cultural,1994,https://whc.unesco.org/en/list/614
hattusha_the_hittite_capital,Hattusha: the Hittite Capital,TUR,Cultural,1986,https://whc.unesco.org/en/list/377
nemrut_dag,Nemrut Dağ,TUR,Cultural,1987,https://whc.unesco.org/en/list/448
hierapolis_pamukkale,Hierapolis-Pamukkale,TUR,Mixed,1988,https://whc.unesco.org/en/list/485
neolithic_site_of_catalhoyuk,Neolithic Site of Çatalhöyük,TUR,Cultural,2012,https://whc.unesco.org/en/list/1405
wooden_hypostyle_mosques_of_medieval_anatolia,Wooden Hypostyle Mosques of Medieval Anatolia,TUR,Cultural,2023,https://whc.unesco.org/en/list/1694
selimiye_mosque_and_its_social_complex,Selimiye Mosque and its Social Complex,TUR,Cultural,2011,https://whc.unesco.org/en/list/1366
kunya_urgench,Kunya-Urgench,TKM,Cultural,2005,https://whc.unesco.org/en/list/1199
parthian_fortresses_of_nisa,Parthian Fortresses of Nisa,TKM,Cultural,2007,https://whc.unesco.org/en/list/1242
blaenavon_industrial_landscape,Blaenavon Industrial Landscape,GBR,Cultural,2000,https://whc.unesco.org/en/list/984
canterbury_cathedral_st_augustine_s_abbey_and_st_martin_s_church,"Canterbury Cathedral, St Augustine's Abbey, and St Martin's Church",GBR,Cultural,1988,https://whc.unesco.org/en/list/496
giant_s_causeway_and_causeway_coast,Giant's Causeway and Causeway Coast,GBR,Natural,1986,https://whc.unesco.org/en/list/369
heart_of_neolithic_orkney,Heart of Neolithic Orkney,GBR,Cultural,1999,https://whc.unesco.org/en/list/514
durham_castle_and_cathedral,Durham Castle and Cathedral,GBR,Cultural,1986,https://whc.unesco.org/en/list/370
gorham_s_cave_complex,Gorham's Cave Complex,GBR,Cultural,2016,https://whc.unesco.org/en/list/1500
jodrell_bank_observatory,Jodrell Bank Observatory,GBR,Cultural,2019,https://whc.unesco.org/en/list/1594
new_lanark,New Lanark,GBR,Cultural,2001,https://whc.unesco.org/en/list/429
old_and_new_towns_of_edinburgh,Old and New Towns of Edinburgh,GBR,Cultural,1995,https://whc.unesco.org/en/list/728
palace_of_westminster_and_westminster_abbey_including_saint_margarets_church,Palace of Westminster and Westminster Abbey including Saint Margaret’s Church,GBR,Cultural,1987,https://whc.unesco.org/en/list/426
saltaire,Saltaire,GBR,Cultural,2001,https://whc.unesco.org/en/list/1028
the_slate_landscape_of_northwest_wales,The Slate Landscape of Northwest Wales,GBR,Cultural,2021,https://whc.unesco.org/en/list/1633
kilimanjaro_national_park,Kilimanjaro National Park,TZA,Natural,1987,https://whc.unesco.org/en/list/403
the_20th_century_architecture_of_frank_lloyd_wright,The 20th-Century Architecture of Frank Lloyd Wright,USA,Cultural,2019,https://whc.unesco.org/en/list/1496
the_forth_bridge,The Forth Bridge,GBR,Cultural,2015,https://whc.unesco.org/en/list/1485
tower_of_london,Tower of London,GBR,Cultural,1988,https://whc.unesco.org/en/list/488
kondoa_rock_art_sites,Kondoa Rock-Art Sites,TZA,Cultural,2006,https://whc.unesco.org/en/list/1183
cahokia_mounds_state_historic_site,Cahokia Mounds State Historic Site,USA,Cultural,1982,https://whc.unesco.org/en/list/198
independence_hall,Independence Hall,USA,Cultural,1979,https://whc.unesco.org/en/list/78
monumental_earthworks_of_poverty_point,Monumental Earthworks of Poverty Point,USA,Cultural,2014,https://whc.unesco.org/en/list/1435
san_antonio_missions,San Antonio Missions,USA,Cultural,2015,https://whc.unesco.org/en/list/1466
historic_centre_of_shakhrisyabz,Historic Centre of Shakhrisyabz,UZB,Cultural,2000,https://whc.unesco.org/en/list/885
complex_of_hue_monuments,Complex of Hué Monuments,VNM,Cultural,1993,https://whc.unesco.org/en/list/678
yen_tu_vinh_nghiem_con_son_kiep_bac_complex_of_monuments_and_landscapes,"Yen Tu-Vinh Nghiem-Con Son, Kiep Bac Complex of Monuments and Landscapes",VNM,Cultural,2025,https://whc.unesco.org/en/list/1732
landmarks_of_the_ancient_kingdom_of_saba_marib,"Landmarks of the Ancient Kingdom of Saba, Marib",YEM,Cultural,2023,https://whc.unesco.org/en/list/1700
old_walled_city_of_shibam,Old Walled City of Shibam,YEM,Cultural,1982,https://whc.unesco.org/en/list/192
historic_centres_of_berat_and_gjirokastra,Historic Centres of Berat and Gjirokastra,ALB,Cultural,2005,https://whc.unesco.org/en/list/569
cultural_landscape_and_archaeological_remains_of_the_bamiyan_valley,Cultural Landscape and Archaeological Remains of the Bamiyan Valley,AFG,Cultural,2003,https://whc.unesco.org/en/list/208
minaret_and_archaeological_remains_of_jam,Minaret and Archaeological Remains of Jam,AFG,Cultural,2002,https://whc.unesco.org/en/list/211
ancient_and_primeval_beech_forests_of_the_carpathians_and_other_regions_of_europe,Ancient and Primeval Beech Forests of the Carpathians and Other Regions of Europe,MKD,Natural,2007,https://whc.unesco.org/en/list/1133
djemila,Djémila,DZA,Cultural,1982,https://whc.unesco.org/en/list/191
tassili_n_ajjer,Tassili n'Ajjer,DZA,Mixed,1982,https://whc.unesco.org/en/list/179
madriu_perafita_claror_valley,Madriu-Perafita-Claror Valley,AND,Cultural,2004,https://whc.unesco.org/en/list/1160
los_glaciares_national_park,Los Glaciares National Park,ARG,Natural,1981,https://whc.unesco.org/en/list/145
los_alerces_national_park,Los Alerces National Park,ARG,Natural,2017,https://whc.unesco.org/en/list/1526
peninsula_valdes,Península Valdés,ARG,Natural,1999,https://whc.unesco.org/en/list/937
jesuit_missions_of_the_guaranis_san_ignacio_mini_santa_ana_nuestra_senora_de_loreto_and_santa_maria_mayor_argentina_ruins_of_sao_miguel_das_missoes_brazil,"Jesuit Missions of the Guaranis: San Ignacio Mini, Santa Ana, Nuestra Señora de Loreto and Santa Maria Mayor (Argentina), Ruins of Sao Miguel das Missoes (Brazil)",BRA,Cultural,1983,https://whc.unesco.org/en/list/275
quebrada_de_humahuaca,Quebrada de Humahuaca,ARG,Cultural,2003,https://whc.unesco.org/en/list/1116
gondwana_rainforests_of_australia,Gondwana Rainforests of Australia,AUS,Natural,1986,https://whc.unesco.org/en/list/368
budj_bim_cultural_landscape,Budj Bim Cultural Landscape,AUS,Cultural,2019,https://whc.unesco.org/en/list/1577
heard_and_mcdonald_islands,Heard and McDonald Islands,AUS,Natural,1997,https://whc.unesco.org/en/list/577
murujuga_cultural_landscape,Murujuga Cultural Landscape,AUS,Cultural,2025,https://whc.unesco.org/en/list/1709
purnululu_national_park,Purnululu National Park,AUS,Natural,2003,https://whc.unesco.org/en/list/1094
macquarie_island,Macquarie Island,AUS,Natural,1997,https://whc.unesco.org/en/list/629
willandra_lakes_region,Willandra Lakes Region,AUS,Mixed,1981,https://whc.unesco.org/en/list/167
frontiers_of_the_roman_empire_the_danube_limes_western_segment,Frontiers of the Roman Empire – The Danube Limes (Western Segment),AUT,Cultural,2021,https://whc.unesco.org/en/list/1608
historic_centre_of_vienna,Historic Centre of Vienna,AUT,Cultural,2001,https://whc.unesco.org/en/list/1033
palace_and_gardens_of_schonbrunn,Palace and Gardens of Schönbrunn,AUT,Cultural,1996,https://whc.unesco.org/en/list/786
gobustan_rock_art_cultural_landscape,Gobustan Rock Art Cultural Landscape,AZE,Cultural,2007,https://whc.unesco.org/en/list/1076
hyrcanian_forests,Hyrcanian Forests,AZE,Natural,2019,https://whc.unesco.org/en/list/1584
mir_castle_complex,Mir Castle Complex,BLR,Cultural,2000,https://whc.unesco.org/en/list/625
architectural_residential_and_cultural_complex_of_the_radziwill_family_at_nesvizh,"Architectural, Residential and Cultural Complex of the Radziwill Family at Nesvizh",BLR,Cultural,2005,https://whc.unesco.org/en/list/1196
funerary_and_memory_sites_of_the_first_world_war_western_front,Funerary and memory sites of the First World War (Western Front),FRA,Cultural,2023,https://whc.unesco.org/en/list/1567
la_grand_place_brussels,"La Grand-Place, Brussels",BEL,Cultural,1998,https://whc.unesco.org/en/list/857
major_town_houses_of_the_architect_victor_horta_brussels,Major Town Houses of the Architect Victor Horta (Brussels),BEL,Cultural,2000,https://whc.unesco.org/en/list/1005
major_mining_sites_of_wallonia,Major Mining Sites of Wallonia,BEL,Cultural,2012,https://whc.unesco.org/en/list/1344
notre_dame_cathedral_in_tournai,Notre-Dame Cathedral in Tournai,BEL,Cultural,2000,https://whc.unesco.org/en/list/1009
plantin_moretus_house_workshops_museum_complex,Plantin-Moretus House-Workshops-Museum Complex,BEL,Cultural,2005,https://whc.unesco.org/en/list/1185
royal_palaces_of_abomey,Royal Palaces of Abomey,BEN,Cultural,1985,https://whc.unesco.org/en/list/323
tiwanaku_spiritual_and_political_centre_of_the_tiwanaku_culture,Tiwanaku: Spiritual and Political Centre of the Tiwanaku Culture,BOL,Cultural,2000,https://whc.unesco.org/en/list/567
old_bridge_area_of_the_old_city_of_mostar,Old Bridge Area of the Old City of Mostar,BIH,Cultural,2005,https://whc.unesco.org/en/list/946
noel_kempff_mercado_national_park,Noel Kempff Mercado National Park,BOL,Natural,2000,https://whc.unesco.org/en/list/967
atlantic_forest_south_east_reserves,Atlantic Forest South-East Reserves,BRA,Natural,1999,https://whc.unesco.org/en/list/893
okavango_delta,Okavango Delta,BWA,Natural,2014,https://whc.unesco.org/en/list/1432
central_amazon_conservation_complex,Central Amazon Conservation Complex,BRA,Natural,2000,https://whc.unesco.org/en/list/998
cerrado_protected_areas_chapada_dos_veadeiros_and_emas_national_parks,Cerrado Protected Areas: Chapada dos Veadeiros and Emas National Parks,BRA,Natural,2001,https://whc.unesco.org/en/list/1035
serra_da_capivara_national_park,Serra da Capivara National Park,BRA,Cultural,1991,https://whc.unesco.org/en/list/606
sanctuary_of_bom_jesus_do_congonhas,Sanctuary of Bom Jesus do Congonhas,BRA,Cultural,1985,https://whc.unesco.org/en/list/334
ancient_city_of_nessebar,Ancient City of Nessebar,BGR,Cultural,1983,https://whc.unesco.org/en/list/217
srebarna_nature_reserve,Srebarna Nature Reserve,BGR,Natural,1983,https://whc.unesco.org/en/list/219
thracian_tomb_of_kazanlak,Thracian Tomb of Kazanlak,BGR,Cultural,1979,https://whc.unesco.org/en/list/44
rock_hewn_churches_of_ivanovo,Rock-Hewn Churches of Ivanovo,BGR,Cultural,1979,https://whc.unesco.org/en/list/45
temple_of_preah_vihear,Temple of Preah Vihear,KHM,Cultural,2008,https://whc.unesco.org/en/list/1224
anticosti,Anticosti,CAN,Natural,2023,https://whc.unesco.org/en/list/1686
the_gedeo_cultural_landscape,The Gedeo Cultural Landscape,ETH,Cultural,2023,https://whc.unesco.org/en/list/1641
dja_faunal_reserve,Dja Faunal Reserve,CMR,Natural,1987,https://whc.unesco.org/en/list/407
miguasha_national_park,Miguasha National Park,CAN,Natural,1999,https://whc.unesco.org/en/list/686
kluane_wrangell_st_elias_glacier_bay_tatshenshini_alsek,Kluane / Wrangell-St. Elias / Glacier Bay / Tatshenshini-Alsek,CAN,Natural,1979,https://whc.unesco.org/en/list/72
old_town_lunenburg,Old Town Lunenburg,CAN,Cultural,1995,https://whc.unesco.org/en/list/741
wood_buffalo_national_park,Wood Buffalo National Park,CAN,Natural,1983,https://whc.unesco.org/en/list/256
s_u_g_u_ang_gwaay,S<U>G</U>ang Gwaay,CAN,Cultural,1981,https://whc.unesco.org/en/list/157
lakes_of_ounianga,Lakes of Ounianga,TCD,Natural,2012,https://whc.unesco.org/en/list/1400
historic_quarter_of_the_seaport_city_of_valparaiso,Historic Quarter of the Seaport City of Valparaíso,CHL,Cultural,2003,https://whc.unesco.org/en/list/959
ancient_building_complex_in_the_wudang_mountains,Ancient Building Complex in the Wudang Mountains,CHN,Cultural,1994,https://whc.unesco.org/en/list/705
classical_gardens_of_suzhou,Classical Gardens of Suzhou,CHN,Cultural,1997,https://whc.unesco.org/en/list/813
dazu_rock_carvings,Dazu Rock Carvings,CHN,Cultural,1999,https://whc.unesco.org/en/list/912
cultural_landscape_of_old_tea_forests_of_the_jingmai_mountain_in_puer,Cultural Landscape of Old Tea Forests of the Jingmai Mountain in Pu’er,CHN,Cultural,2023,https://whc.unesco.org/en/list/1665
great_himalayan_national_park_conservation_area,Great Himalayan National Park Conservation Area,IND,Natural,2014,https://whc.unesco.org/en/list/1406
imperial_tombs_of_the_ming_and_qing_dynasties,Imperial Tombs of the Ming and Qing Dynasties,CHN,Cultural,2000,https://whc.unesco.org/en/list/1004
longmen_grottoes,Longmen Grottoes,CHN,Cultural,2000,https://whc.unesco.org/en/list/1003
jiuzhaigou_valley_scenic_and_historic_interest_area,Jiuzhaigou Valley Scenic and Historic Interest Area,CHN,Natural,1992,https://whc.unesco.org/en/list/637
mount_sanqingshan_national_park,Mount Sanqingshan National Park,CHN,Natural,2008,https://whc.unesco.org/en/list/1292
mount_qingcheng_and_the_dujiangyan_irrigation_system,Mount Qingcheng and the Dujiangyan Irrigation System,CHN,Cultural,2000,https://whc.unesco.org/en/list/1001
mount_wuyi,Mount Wuyi,CHN,Mixed,1999,https://whc.unesco.org/en/list/911
mountain_resort_and_its_outlying_temples_chengde,"Mountain Resort and its Outlying Temples, Chengde",CHN,Cultural,1994,https://whc.unesco.org/en/list/703
old_town_of_lijiang,Old Town of Lijiang,CHN,Cultural,1997,https://whc.unesco.org/en/list/811
three_parallel_rivers_of_yunnan_protected_areas,Three Parallel Rivers of Yunnan Protected Areas,CHN,Natural,2003,https://whc.unesco.org/en/list/1083
tusi_sites,Tusi Sites,CHN,Cultural,2015,https://whc.unesco.org/en/list/1474
west_lake_cultural_landscape_of_hangzhou,West Lake Cultural Landscape of Hangzhou,CHN,Cultural,2011,https://whc.unesco.org/en/list/1334
yin_xu,Yin Xu,CHN,Cultural,2006,https://whc.unesco.org/en/list/1114
chiribiquete_national_park_the_maloca_of_the_jaguar,Chiribiquete National Park – “The Maloca of the Jaguar”,COL,Mixed,2018,https://whc.unesco.org/en/list/1174
san_agustin_archaeological_park,San Agustín Archaeological Park,COL,Cultural,1995,https://whc.unesco.org/en/list/744
port_fortresses_and_group_of_monuments_cartagena,"Port, Fortresses and Group of Monuments, Cartagena",COL,Cultural,1984,https://whc.unesco.org/en/list/285
forest_massif_of_odzala_kokoua,Forest Massif of Odzala-Kokoua,COG,Natural,2023,https://whc.unesco.org/en/list/692
precolumbian_chiefdom_settlements_with_stone_spheres_of_the_diquis,Precolumbian Chiefdom Settlements with Stone Spheres of the Diquís,CRI,Cultural,2014,https://whc.unesco.org/en/list/1453
talamanca_range_la_amistad_reserves_la_amistad_national_park,Talamanca Range-La Amistad Reserves / La Amistad National Park,PAN,Natural,1983,https://whc.unesco.org/en/list/205
comoe_national_park,Comoé National Park,CIV,Natural,1983,https://whc.unesco.org/en/list/227
plitvice_lakes_national_park,Plitvice Lakes National Park,HRV,Natural,1979,https://whc.unesco.org/en/list/98
venetian_works_of_defence_between_the_16th_and_17th_centuries_em_stato_da_terra_em_western_em_stato_da_mar_em,Venetian Works of Defence between the 16th and 17th Centuries: <em>Stato da Terra</em> – Western <em>Stato da Mar</em>,ITA,Cultural,2017,https://whc.unesco.org/en/list/1533
alejandro_de_humboldt_national_park,Alejandro de Humboldt National Park,CUB,Natural,2001,https://whc.unesco.org/en/list/839
historic_centre_of_camaguey,Historic Centre of Camagüey,CUB,Cultural,2008,https://whc.unesco.org/en/list/1270
painted_churches_in_the_troodos_region,Painted Churches in the Troodos Region,CYP,Cultural,1985,https://whc.unesco.org/en/list/351
holasovice_historic_village,Holašovice Historic Village,CZE,Cultural,1998,https://whc.unesco.org/en/list/861
holy_trinity_column_in_olomouc,Holy Trinity Column in Olomouc,CZE,Cultural,2000,https://whc.unesco.org/en/list/859
kutna_hora_historical_town_centre_with_the_church_of_st_barbara_and_the_cathedral_of_our_lady_at_sedlec,Kutná Hora: Historical Town Centre with the Church of St Barbara and the Cathedral of Our Lady at Sedlec,CZE,Cultural,1995,https://whc.unesco.org/en/list/732
vineyard_landscape_of_piedmont_langhe_roero_and_monferrato,Vineyard Landscape of Piedmont: Langhe-Roero and Monferrato,ITA,Cultural,2014,https://whc.unesco.org/en/list/1390
kahuzi_biega_national_park,Kahuzi-Biega National Park,COD,Natural,1980,https://whc.unesco.org/en/list/137
roskilde_cathedral,Roskilde Cathedral,DNK,Cultural,1995,https://whc.unesco.org/en/list/695
morne_trois_pitons_national_park,Morne Trois Pitons National Park,DMA,Natural,1997,https://whc.unesco.org/en/list/814
wadden_sea,Wadden Sea,DNK,Natural,2009,https://whc.unesco.org/en/list/1314
abu_mena,Abu Mena,EGY,Cultural,1979,https://whc.unesco.org/en/list/90
sangay_national_park,Sangay National Park,ECU,Natural,1983,https://whc.unesco.org/en/list/260
ancient_thebes_with_its_necropolis,Ancient Thebes with its Necropolis,EGY,Cultural,1979,https://whc.unesco.org/en/list/87
galapagos_islands,Galápagos Islands,ECU,Natural,1978,https://whc.unesco.org/en/list/1
historic_centre_old_town_of_tallinn,Historic Centre (Old Town) of Tallinn,EST,Cultural,1997,https://whc.unesco.org/en/list/822
aksum,Aksum,ETH,Cultural,1980,https://whc.unesco.org/en/list/15
fasil_ghebbi_gondar_region,"Fasil Ghebbi, Gondar Region",ETH,Cultural,1979,https://whc.unesco.org/en/list/19
lower_valley_of_the_awash,Lower Valley of the Awash,ETH,Cultural,1980,https://whc.unesco.org/en/list/10
konso_cultural_landscape,Konso Cultural Landscape,ETH,Cultural,2011,https://whc.unesco.org/en/list/1333
simien_national_park,Simien National Park,ETH,Natural,1978,https://whc.unesco.org/en/list/9
levuka_historical_port_town,Levuka Historical Port Town,FJI,Cultural,2013,https://whc.unesco.org/en/list/1399
fortress_of_suomenlinna,Fortress of Suomenlinna,FIN,Cultural,1991,https://whc.unesco.org/en/list/583
old_rauma,Old Rauma,FIN,Cultural,1991,https://whc.unesco.org/en/list/582
historic_fortified_city_of_carcassonne,Historic Fortified City of Carcassonne,FRA,Cultural,1997,https://whc.unesco.org/en/list/345
mont_saint_michel_and_its_bay,Mont-Saint-Michel and its Bay,FRA,Cultural,1979,https://whc.unesco.org/en/list/80
megaliths_of_carnac_and_of_the_shores_of_morbihan,Megaliths of Carnac and of the shores of Morbihan,FRA,Cultural,2025,https://whc.unesco.org/en/list/1725
nord_pas_de_calais_mining_basin,Nord-Pas de Calais Mining Basin,FRA,Cultural,2012,https://whc.unesco.org/en/list/1360
palace_and_park_of_fontainebleau,Palace and Park of Fontainebleau,FRA,Cultural,1981,https://whc.unesco.org/en/list/160
pitons_cirques_and_remparts_of_reunion_island,"Pitons, cirques and remparts of Reunion Island",FRA,Natural,2010,https://whc.unesco.org/en/list/1317
provins_town_of_medieval_fairs,"Provins, Town of Medieval Fairs",FRA,Cultural,2001,https://whc.unesco.org/en/list/873
the_causses_and_the_cevennes_mediterranean_agro_pastoral_cultural_landscape,"The Causses and the Cévennes, Mediterranean agro-pastoral Cultural Landscape",FRA,Cultural,2011,https://whc.unesco.org/en/list/1153
strasbourg_grande_ile_and_em_neustadt_em,"Strasbourg, Grande-Île and <em>Neustadt</em>",FRA,Cultural,1988,https://whc.unesco.org/en/list/495
taputapuatea,Taputapuātea,FRA,Cultural,2017,https://whc.unesco.org/en/list/1529
the_climats_terroirs_of_burgundy,"The Climats, terroirs of Burgundy",FRA,Cultural,2015,https://whc.unesco.org/en/list/1425
the_loire_valley_between_sully_sur_loire_and_chalonnes,The Loire Valley between Sully-sur-Loire and Chalonnes,FRA,Cultural,2000,https://whc.unesco.org/en/list/933
volcanoes_and_forests_of_mount_pelee_and_the_pitons_of_northern_martinique,Volcanoes and Forests of Mount Pelée and the Pitons of Northern Martinique,FRA,Natural,2023,https://whc.unesco.org/en/list/1657
colchic_rainforests_and_wetlands,Colchic Rainforests and Wetlands,GEO,Natural,2021,https://whc.unesco.org/en/list/1616
ivindo_national_park,Ivindo National Park,GAB,Natural,2021,https://whc.unesco.org/en/list/1653
ecosystem_and_relict_cultural_landscape_of_lope_okanda,Ecosystem and Relict Cultural Landscape of Lopé-Okanda,GAB,Mixed,2007,https://whc.unesco.org/en/list/1147
upper_svaneti,Upper Svaneti,GEO,Cultural,1996,https://whc.unesco.org/en/list/709
abbey_and_altenmunster_of_lorsch,Abbey and Altenmünster of Lorsch,DEU,Cultural,1991,https://whc.unesco.org/en/list/515
gelati_monastery,Gelati Monastery,GEO,Cultural,1994,https://whc.unesco.org/en/list/710
bergpark_wilhelmshohe,Bergpark Wilhelmshöhe,DEU,Cultural,2013,https://whc.unesco.org/en/list/1413
classical_weimar,Classical Weimar,DEU,Cultural,1998,https://whc.unesco.org/en/list/846
cologne_cathedral,Cologne Cathedral,DEU,Cultural,1996,https://whc.unesco.org/en/list/292
collegiate_church_castle_and_old_town_of_quedlinburg,"Collegiate Church, Castle and Old Town of Quedlinburg",DEU,Cultural,1994,https://whc.unesco.org/en/list/535
garden_kingdom_of_dessau_worlitz,Garden Kingdom of Dessau-Wörlitz,DEU,Cultural,2000,https://whc.unesco.org/en/list/534
jewish_medieval_heritage_of_erfurt,Jewish-Medieval Heritage of Erfurt,DEU,Cultural,2023,https://whc.unesco.org/en/list/1656
margravial_opera_house_bayreuth,Margravial Opera House Bayreuth,DEU,Cultural,2012,https://whc.unesco.org/en/list/1379
messel_pit_fossil_site,Messel Pit Fossil Site,DEU,Natural,1995,https://whc.unesco.org/en/list/720
museumsinsel_museum_island_berlin,"Museumsinsel (Museum Island), Berlin",DEU,Cultural,1999,https://whc.unesco.org/en/list/896
pilgrimage_church_of_wies,Pilgrimage Church of Wies,DEU,Cultural,1983,https://whc.unesco.org/en/list/271
speyer_cathedral,Speyer Cathedral,DEU,Cultural,1981,https://whc.unesco.org/en/list/168
schwerin_residence_ensemble,Schwerin Residence Ensemble,DEU,Cultural,2024,https://whc.unesco.org/en/list/1705
town_of_bamberg,Town of Bamberg,DEU,Cultural,1993,https://whc.unesco.org/en/list/624
archaeological_site_of_aigai_modern_name_vergina,Archaeological Site of Aigai (modern name Vergina),GRC,Cultural,1996,https://whc.unesco.org/en/list/780
archaeological_site_of_delphi,Archaeological Site of Delphi,GRC,Cultural,1987,https://whc.unesco.org/en/list/393
acropolis_athens,"Acropolis, Athens",GRC,Cultural,1987,https://whc.unesco.org/en/list/404
asante_traditional_buildings,Asante Traditional Buildings,GHA,Cultural,1980,https://whc.unesco.org/en/list/35
archaeological_site_of_mystras,Archaeological Site of Mystras,GRC,Cultural,1989,https://whc.unesco.org/en/list/511
archaeological_site_of_olympia,Archaeological Site of Olympia,GRC,Cultural,1989,https://whc.unesco.org/en/list/517
minoan_palatial_centres,Minoan Palatial Centres,GRC,Cultural,2025,https://whc.unesco.org/en/list/1733
monasteries_of_daphni_hosios_loukas_and_nea_moni_of_chios,"Monasteries of Daphni, Hosios Loukas and Nea Moni of Chios",GRC,Cultural,1990,https://whc.unesco.org/en/list/537
sanctuary_of_asklepios_at_epidaurus,Sanctuary of Asklepios at Epidaurus,GRC,Cultural,1988,https://whc.unesco.org/en/list/491
paleochristian_and_byzantine_monuments_of_thessalonika,Paleochristian and Byzantine Monuments of Thessalonika,GRC,Cultural,1988,https://whc.unesco.org/en/list/456
old_town_of_corfu,Old Town of Corfu,GRC,Cultural,2007,https://whc.unesco.org/en/list/978
national_archaeological_park_takalik_abaj,National Archaeological Park Tak’alik Ab’aj,GTM,Cultural,2023,https://whc.unesco.org/en/list/1663
antigua_guatemala,Antigua Guatemala,GTM,Cultural,1979,https://whc.unesco.org/en/list/65
vatican_city,Vatican City,VAT,Cultural,1984,https://whc.unesco.org/en/list/286
historic_centre_of_rome_the_properties_of_the_holy_see_in_that_city_enjoying_extraterritorial_rights_and_san_paolo_fuori_le_mura,"Historic Centre of Rome, the Properties of the Holy See in that City Enjoying Extraterritorial Rights and San Paolo Fuori le Mura",ITA,Cultural,1980,https://whc.unesco.org/en/list/91
early_christian_necropolis_of_pecs_sopianae,Early Christian Necropolis of Pécs (Sopianae),HUN,Cultural,2000,https://whc.unesco.org/en/list/853
caves_of_aggtelek_karst_and_slovak_karst,Caves of Aggtelek Karst and Slovak Karst,HUN,Natural,1995,https://whc.unesco.org/en/list/725
budapest_including_the_banks_of_the_danube_the_buda_castle_quarter_and_andrassy_avenue,"Budapest, including the Banks of the Danube, the Buda Castle Quarter and Andrássy Avenue",HUN,Cultural,1987,https://whc.unesco.org/en/list/400
old_village_of_holloko_and_its_surroundings,Old Village of Hollókő and its Surroundings,HUN,Cultural,1987,https://whc.unesco.org/en/list/401
hortobagy_national_park_the_i_puszta_i,Hortobágy National Park - the <i>Puszta</i>,HUN,Cultural,1999,https://whc.unesco.org/en/list/474
surtsey,Surtsey,ISL,Natural,2008,https://whc.unesco.org/en/list/1267
ajanta_caves,Ajanta Caves,IND,Cultural,1983,https://whc.unesco.org/en/list/242
archaeological_site_of_nalanda_mahavihara_at_nalanda_bihar,"Archaeological Site of Nalanda Mahavihara at Nalanda, Bihar",IND,Cultural,2016,https://whc.unesco.org/en/list/1502
buddhist_monuments_at_sanchi,Buddhist Monuments at Sanchi,IND,Cultural,1989,https://whc.unesco.org/en/list/524
churches_and_convents_of_goa,Churches and Convents of Goa,IND,Cultural,1986,https://whc.unesco.org/en/list/234
dholavira_a_harappan_city,Dholavira: a Harappan City,IND,Cultural,2021,https://whc.unesco.org/en/list/1645
great_living_chola_temples,Great Living Chola Temples,IND,Cultural,1987,https://whc.unesco.org/en/list/250
fatehpur_sikri,Fatehpur Sikri,IND,Cultural,1986,https://whc.unesco.org/en/list/255
group_of_monuments_at_hampi,Group of Monuments at Hampi,IND,Cultural,1986,https://whc.unesco.org/en/list/241
humayun_s_tomb_delhi,"Humayun's Tomb, Delhi",IND,Cultural,1993,https://whc.unesco.org/en/list/232
khajuraho_group_of_monuments,Khajuraho Group of Monuments,IND,Cultural,1986,https://whc.unesco.org/en/list/240
maratha_military_landscapes_of_india,Maratha Military Landscapes of India,IND,Cultural,2025,https://whc.unesco.org/en/list/1739
khangchendzonga_national_park,Khangchendzonga National Park,IND,Mixed,2016,https://whc.unesco.org/en/list/1513
victorian_gothic_and_art_deco_ensembles_of_mumbai,Victorian Gothic and Art Deco Ensembles of Mumbai,IND,Cultural,2018,https://whc.unesco.org/en/list/1480
borobudur_temple_compounds,Borobudur Temple Compounds,IDN,Cultural,1991,https://whc.unesco.org/en/list/592
lorentz_national_park,Lorentz National Park,IDN,Natural,1999,https://whc.unesco.org/en/list/955
ujung_kulon_national_park,Ujung Kulon National Park,IDN,Natural,1991,https://whc.unesco.org/en/list/608
historic_city_of_yazd,Historic City of Yazd,IRN,Cultural,2017,https://whc.unesco.org/en/list/1544
persepolis,Persepolis,IRN,Cultural,1979,https://whc.unesco.org/en/list/114
shushtar_historical_hydraulic_system,Shushtar Historical Hydraulic System,IRN,Cultural,2009,https://whc.unesco.org/en/list/1315
sassanid_archaeological_landscape_of_fars_region,Sassanid Archaeological Landscape of Fars Region,IRN,Cultural,2018,https://whc.unesco.org/en/list/1568
susa,Susa,IRN,Cultural,2015,https://whc.unesco.org/en/list/1455
tchogha_zanbil,Tchogha Zanbil,IRN,Cultural,1979,https://whc.unesco.org/en/list/113
takht_e_soleyman,Takht-e Soleyman,IRN,Cultural,2003,https://whc.unesco.org/en/list/1077
babylon,Babylon,IRQ,Cultural,2019,https://whc.unesco.org/en/list/278
erbil_citadel,Erbil Citadel,IRQ,Cultural,2014,https://whc.unesco.org/en/list/1437
bru_na_boinne_archaeological_ensemble_of_the_bend_of_the_boyne,Brú na Bóinne - Archaeological Ensemble of the Bend of the Boyne,IRL,Cultural,1993,https://whc.unesco.org/en/list/659
bahai_holy_places_in_haifa_and_the_western_galilee,Bahá’i Holy Places in Haifa and the Western Galilee,ISR,Cultural,2008,https://whc.unesco.org/en/list/1220
masada,Masada,ISR,Cultural,2001,https://whc.unesco.org/en/list/1040
sites_of_human_evolution_at_mount_carmel_the_nahal_mearot_wadi_el_mughara_caves,Sites of Human Evolution at Mount Carmel: The Nahal Me’arot / Wadi el-Mughara Caves,ISR,Cultural,2012,https://whc.unesco.org/en/list/1393
old_city_of_acre,Old City of Acre,ISR,Cultural,2001,https://whc.unesco.org/en/list/1042
arab_norman_palermo_and_the_cathedral_churches_of_cefalu_and_monreale,Arab-Norman Palermo and the Cathedral Churches of Cefalú and Monreale,ITA,Cultural,2015,https://whc.unesco.org/en/list/1487
archaeological_area_and_the_patriarchal_basilica_of_aquileia,Archaeological Area and the Patriarchal Basilica of Aquileia,ITA,Cultural,1998,https://whc.unesco.org/en/list/825
the_porticoes_of_bologna,The Porticoes of Bologna,ITA,Cultural,2021,https://whc.unesco.org/en/list/1650
archaeological_area_of_agrigento,Archaeological Area of Agrigento,ITA,Cultural,1997,https://whc.unesco.org/en/list/831
castel_del_monte,Castel del Monte,ITA,Cultural,1996,https://whc.unesco.org/en/list/398
assisi_the_basilica_of_san_francesco_and_other_franciscan_sites,"Assisi, the Basilica of San Francesco and Other Franciscan Sites",ITA,Cultural,2000,https://whc.unesco.org/en/list/990
city_of_vicenza_and_the_palladian_villas_of_the_veneto,City of Vicenza and the Palladian Villas of the Veneto,ITA,Cultural,1994,https://whc.unesco.org/en/list/712
evaporitic_karst_and_caves_of_northern_apennines,Evaporitic Karst and Caves of Northern Apennines,ITA,Natural,2023,https://whc.unesco.org/en/list/1692
early_christian_monuments_of_ravenna,Early Christian Monuments of Ravenna,ITA,Cultural,1996,https://whc.unesco.org/en/list/788
historic_centre_of_siena,Historic Centre of Siena,ITA,Cultural,1995,https://whc.unesco.org/en/list/717
paduas_fourteenth_century_fresco_cycles,Padua’s fourteenth-century fresco cycles,ITA,Cultural,2021,https://whc.unesco.org/en/list/1623
monte_san_giorgio,Monte San Giorgio,ITA,Natural,2003,https://whc.unesco.org/en/list/1090
rhaetian_railway_in_the_albula_bernina_landscapes,Rhaetian Railway in the Albula / Bernina Landscapes,ITA,Cultural,2008,https://whc.unesco.org/en/list/1276
the_sassi_and_the_park_of_the_rupestrian_churches_of_matera,The Sassi and the Park of the Rupestrian Churches of Matera,ITA,Cultural,1993,https://whc.unesco.org/en/list/670
villa_romana_del_casale,Villa Romana del Casale,ITA,Cultural,1997,https://whc.unesco.org/en/list/832
villa_adriana_tivoli,Villa Adriana (Tivoli),ITA,Cultural,1999,https://whc.unesco.org/en/list/907
amami_oshima_island_tokunoshima_island_northern_part_of_okinawa_island_and_iriomote_island,"Amami-Oshima Island, Tokunoshima Island, Northern part of Okinawa Island, and Iriomote Island",JPN,Natural,2021,https://whc.unesco.org/en/list/1574
blue_and_john_crow_mountains,Blue and John Crow Mountains,JAM,Mixed,2015,https://whc.unesco.org/en/list/1356
hiraizumi_temples_gardens_and_archaeological_sites_representing_the_buddhist_pure_land,"Hiraizumi – Temples, Gardens and Archaeological Sites Representing the Buddhist Pure Land",JPN,Cultural,2011,https://whc.unesco.org/en/list/1277
historic_villages_of_shirakawa_go_and_gokayama,Historic Villages of Shirakawa-go and Gokayama,JPN,Cultural,1995,https://whc.unesco.org/en/list/734
sacred_sites_and_pilgrimage_routes_in_the_kii_mountain_range,Sacred Sites and Pilgrimage Routes in the Kii Mountain Range,JPN,Cultural,2004,https://whc.unesco.org/en/list/1142
petra,Petra,JOR,Cultural,1985,https://whc.unesco.org/en/list/326
mausoleum_of_khoja_ahmed_yasawi,Mausoleum of Khoja Ahmed Yasawi,KAZ,Cultural,2003,https://whc.unesco.org/en/list/1103
saryarka_steppe_and_lakes_of_northern_kazakhstan,Saryarka – Steppe and Lakes of Northern Kazakhstan,KAZ,Natural,2008,https://whc.unesco.org/en/list/1102
petroglyphs_of_the_archaeological_landscape_of_tanbaly,Petroglyphs of the Archaeological Landscape of Tanbaly,KAZ,Cultural,2004,https://whc.unesco.org/en/list/1145
phoenix_islands_protected_area,Phoenix Islands Protected Area,KIR,Natural,2010,https://whc.unesco.org/en/list/1325
sacred_mijikenda_kaya_forests,Sacred Mijikenda Kaya Forests,KEN,Cultural,2008,https://whc.unesco.org/en/list/1231
megalithic_jar_sites_in_xiengkhuang_plain_of_jars,Megalithic Jar Sites in Xiengkhuang – Plain of Jars,LAO,Cultural,2019,https://whc.unesco.org/en/list/1587
maloti_drakensberg_park,Maloti-Drakensberg Park,LSO,Mixed,2000,https://whc.unesco.org/en/list/985
tyre,Tyre,LBN,Cultural,1984,https://whc.unesco.org/en/list/299
archaeological_site_of_sabratha,Archaeological Site of Sabratha,LBY,Cultural,1982,https://whc.unesco.org/en/list/184
archaeological_site_of_leptis_magna,Archaeological Site of Leptis Magna,LBY,Cultural,1982,https://whc.unesco.org/en/list/183
andrefana_dry_forests,Andrefana Dry Forests,MDG,Natural,1990,https://whc.unesco.org/en/list/494
kernave_archaeological_site_cultural_reserve_of_kernave,Kernavė Archaeological Site (Cultural Reserve of Kernavė),LTU,Cultural,2004,https://whc.unesco.org/en/list/1137
chongoni_rock_art_area,Chongoni Rock-Art Area,MWI,Cultural,2006,https://whc.unesco.org/en/list/476
lake_malawi_national_park,Lake Malawi National Park,MWI,Natural,1984,https://whc.unesco.org/en/list/289
forest_research_institute_malaysia_forest_park_selangor,Forest Research Institute Malaysia Forest Park Selangor,MYS,Cultural,2025,https://whc.unesco.org/en/list/1734
kinabalu_park,Kinabalu Park,MYS,Natural,2000,https://whc.unesco.org/en/list/1012
melaka_and_george_town_historic_cities_of_the_straits_of_malacca,"Melaka and George Town, Historic Cities of the Straits of Malacca",MYS,Cultural,2008,https://whc.unesco.org/en/list/1223
cliff_of_bandiagara_land_of_the_dogons,Cliff of Bandiagara (Land of the Dogons),MLI,Mixed,1989,https://whc.unesco.org/en/list/516
old_towns_of_djenne,Old Towns of Djenné,MLI,Cultural,1988,https://whc.unesco.org/en/list/116
hal_saflieni_hypogeum,Ħal Saflieni Hypogeum,MLT,Cultural,1980,https://whc.unesco.org/en/list/130
bikini_atoll_nuclear_test_site,Bikini Atoll Nuclear Test Site,MHL,Cultural,2010,https://whc.unesco.org/en/list/1339
city_of_valletta,City of Valletta,MLT,Cultural,1980,https://whc.unesco.org/en/list/131
aapravasi_ghat,Aapravasi Ghat,MUS,Cultural,2006,https://whc.unesco.org/en/list/1227
landscape_of_the_pico_island_vineyard_culture,Landscape of the Pico Island Vineyard Culture,PRT,Cultural,2004,https://whc.unesco.org/en/list/1117
agave_landscape_and_ancient_industrial_facilities_of_tequila,Agave Landscape and Ancient Industrial Facilities of Tequila,MEX,Cultural,2006,https://whc.unesco.org/en/list/1209
aranjuez_cultural_landscape,Aranjuez Cultural Landscape,ESP,Cultural,2001,https://whc.unesco.org/en/list/1044
archaeological_zone_of_paquime_casas_grandes,"Archaeological Zone of Paquimé, Casas Grandes",MEX,Cultural,1998,https://whc.unesco.org/en/list/560
archipielago_de_revillagigedo,Archipiélago de Revillagigedo,MEX,Natural,2016,https://whc.unesco.org/en/list/1510
el_pinacate_and_gran_desierto_de_altar_biosphere_reserve,El Pinacate and Gran Desierto de Altar Biosphere Reserve,MEX,Natural,2013,https://whc.unesco.org/en/list/1410
historic_centre_of_mexico_city_and_xochimilco,Historic Centre of Mexico City and Xochimilco,MEX,Cultural,1987,https://whc.unesco.org/en/list/412
historic_centre_of_puebla,Historic Centre of Puebla,MEX,Cultural,1987,https://whc.unesco.org/en/list/416
historic_centre_of_zacatecas,Historic Centre of Zacatecas,MEX,Cultural,1993,https://whc.unesco.org/en/list/676
historic_monuments_zone_of_tlacotalpan,Historic Monuments Zone of Tlacotalpan,MEX,Cultural,1998,https://whc.unesco.org/en/list/862
historic_town_of_guanajuato_and_adjacent_mines,Historic Town of Guanajuato and Adjacent Mines,MEX,Cultural,1988,https://whc.unesco.org/en/list/482
pre_hispanic_city_and_national_park_of_palenque,Pre-Hispanic City and National Park of Palenque,MEX,Cultural,1987,https://whc.unesco.org/en/list/411
islands_and_protected_areas_of_the_gulf_of_california,Islands and Protected Areas of the Gulf of California,MEX,Natural,2005,https://whc.unesco.org/en/list/1182
pre_hispanic_city_of_chichen_itza,Pre-Hispanic City of Chichen-Itza,MEX,Cultural,1988,https://whc.unesco.org/en/list/483
protective_town_of_san_miguel_and_the_sanctuary_of_jesus_nazareno_de_atotonilco,Protective town of San Miguel and the Sanctuary of Jesús Nazareno de Atotonilco,MEX,Cultural,2008,https://whc.unesco.org/en/list/1274
crac_des_chevaliers_and_qalat_salah_el_din,Crac des Chevaliers and Qal’at Salah El-Din,SYR,Cultural,2006,https://whc.unesco.org/en/list/1229
wixarika_route_through_sacred_sites_to_wirikuta_tatehuari_huajuye,Wixárika Route through Sacred Sites to Wirikuta (Tatehuarí Huajuyé),MEX,Cultural,2025,https://whc.unesco.org/en/list/1704
phu_phrabat_a_testimony_to_the_sima_stone_tradition_of_the_dvaravati_period,"Phu Phrabat, a testimony to the Sīma stone tradition of the Dvaravati period",THA,Cultural,2024,https://whc.unesco.org/en/list/1507
deer_stone_monuments_and_related_bronze_age_sites,Deer Stone Monuments and Related Bronze Age Sites,MNG,Cultural,2023,https://whc.unesco.org/en/list/1621
archaeological_site_of_volubilis,Archaeological Site of Volubilis,MAR,Cultural,1997,https://whc.unesco.org/en/list/836
uvs_nuur_basin,Uvs Nuur Basin,MNG,Natural,2003,https://whc.unesco.org/en/list/769
natural_and_culturo_historical_region_of_kotor,Natural and Culturo-Historical Region of Kotor,MNE,Cultural,1979,https://whc.unesco.org/en/list/125
medina_of_marrakesh,Medina of Marrakesh,MAR,Cultural,1985,https://whc.unesco.org/en/list/331
chitwan_national_park,Chitwan National Park,NPL,Natural,1984,https://whc.unesco.org/en/list/284
schokland_and_surroundings,Schokland and Surroundings,NLD,Cultural,1995,https://whc.unesco.org/en/list/739
rock_art_of_alta,Rock Art of Alta,NOR,Cultural,1985,https://whc.unesco.org/en/list/352
bryggen,Bryggen,NOR,Cultural,1979,https://whc.unesco.org/en/list/59
rjukan_notodden_industrial_heritage_site,Rjukan-Notodden Industrial Heritage Site,NOR,Cultural,2015,https://whc.unesco.org/en/list/1486
roros_mining_town_and_the_circumference,Røros Mining Town and the Circumference,NOR,Cultural,1980,https://whc.unesco.org/en/list/55
ancient_city_of_qalhat,Ancient City of Qalhat,OMN,Cultural,2018,https://whc.unesco.org/en/list/1537
bahla_fort,Bahla Fort,OMN,Cultural,1987,https://whc.unesco.org/en/list/433
land_of_frankincense,Land of Frankincense,OMN,Cultural,2000,https://whc.unesco.org/en/list/1010
fortifications_on_the_caribbean_side_of_panama_portobelo_san_lorenzo,Fortifications on the Caribbean Side of Panama: Portobelo-San Lorenzo,PAN,Cultural,1980,https://whc.unesco.org/en/list/135
the_colonial_transisthmian_route_of_panama,The Colonial Transisthmian Route of Panamá,PAN,Cultural,2025,https://whc.unesco.org/en/list/1582
chankillo_archaeoastronomical_complex,Chankillo Archaeoastronomical Complex,PER,Cultural,2021,https://whc.unesco.org/en/list/1624
chavin_archaeological_site,Chavin (Archaeological Site),PER,Cultural,1985,https://whc.unesco.org/en/list/330
baroque_churches_of_the_philippines,Baroque Churches of the Philippines,PHL,Cultural,1993,https://whc.unesco.org/en/list/677
mount_hamiguitan_range_wildlife_sanctuary,Mount Hamiguitan Range Wildlife Sanctuary,PHL,Natural,2014,https://whc.unesco.org/en/list/1403
puerto_princesa_subterranean_river_national_park,Puerto-Princesa Subterranean River National Park,PHL,Natural,1999,https://whc.unesco.org/en/list/652
castle_of_the_teutonic_order_in_malbork,Castle of the Teutonic Order in Malbork,POL,Cultural,1997,https://whc.unesco.org/en/list/847
kalwaria_zebrzydowska_the_mannerist_architectural_and_park_landscape_complex_and_pilgrimage_park,Kalwaria Zebrzydowska: the Mannerist Architectural and Park Landscape Complex and Pilgrimage Park,POL,Cultural,1999,https://whc.unesco.org/en/list/905
wooden_em_tserkvas_em_of_the_carpathian_region_in_poland_and_ukraine,Wooden <em>Tserkvas</em> of the Carpathian Region in Poland and Ukraine,POL,Cultural,2013,https://whc.unesco.org/en/list/1424
historic_centre_of_evora,Historic Centre of Évora,PRT,Cultural,1986,https://whc.unesco.org/en/list/361
sanctuary_of_bom_jesus_do_monte_in_braga,Sanctuary of Bom Jesus do Monte in Braga,PRT,Cultural,2019,https://whc.unesco.org/en/list/1590
university_of_coimbra_alta_and_sofia,University of Coimbra – Alta and Sofia,PRT,Cultural,2013,https://whc.unesco.org/en/list/1387
gochang_hwasun_and_ganghwa_dolmen_sites,"Gochang, Hwasun and Ganghwa Dolmen Sites",KOR,Cultural,2000,https://whc.unesco.org/en/list/977
jeju_volcanic_island_and_lava_tubes,Jeju Volcanic Island and Lava Tubes,KOR,Natural,2007,https://whc.unesco.org/en/list/1264
petroglyphs_along_the_bangucheon_stream,Petroglyphs along the Bangucheon Stream,KOR,Cultural,2025,https://whc.unesco.org/en/list/1740
seokguram_grotto_and_bulguksa_temple,Seokguram Grotto and Bulguksa Temple,KOR,Cultural,1995,https://whc.unesco.org/en/list/736
seowon_korean_neo_confucian_academies,"Seowon, Korean Neo-Confucian Academies",KOR,Cultural,2019,https://whc.unesco.org/en/list/1498
monastery_of_horezu,Monastery of Horezu,ROU,Cultural,1993,https://whc.unesco.org/en/list/597
rosia_montana_mining_landscape,Roșia Montană Mining Landscape,ROU,Cultural,2021,https://whc.unesco.org/en/list/1552
churches_of_the_pskov_school_of_architecture,Churches of the Pskov School of Architecture,RUS,Cultural,2019,https://whc.unesco.org/en/list/1523
church_of_the_ascension_kolomenskoye,"Church of the Ascension, Kolomenskoye",RUS,Cultural,1994,https://whc.unesco.org/en/list/634
cultural_and_historic_ensemble_of_the_solovetsky_islands,Cultural and Historic Ensemble of the Solovetsky Islands,RUS,Cultural,1992,https://whc.unesco.org/en/list/632
citadel_ancient_city_and_fortress_buildings_of_derbent,"Citadel, Ancient City and Fortress Buildings of Derbent",RUS,Cultural,2003,https://whc.unesco.org/en/list/1070
historic_and_architectural_complex_of_the_kazan_kremlin,Historic and Architectural Complex of the Kazan Kremlin,RUS,Cultural,2000,https://whc.unesco.org/en/list/980
lake_baikal,Lake Baikal,RUS,Natural,1996,https://whc.unesco.org/en/list/754
rock_paintings_of_shulgan_tash_cave,Rock Paintings of Shulgan-Tash Cave,RUS,Cultural,2025,https://whc.unesco.org/en/list/1743
petroglyphs_of_lake_onega_and_the_white_sea,Petroglyphs of Lake Onega and the White Sea,RUS,Cultural,2021,https://whc.unesco.org/en/list/1654
virgin_komi_forests,Virgin Komi Forests,RUS,Natural,1995,https://whc.unesco.org/en/list/719
brimstone_hill_fortress_national_park,Brimstone Hill Fortress National Park,KNA,Cultural,1999,https://whc.unesco.org/en/list/910
white_monuments_of_vladimir_and_suzdal,White Monuments of Vladimir and Suzdal,RUS,Cultural,1992,https://whc.unesco.org/en/list/633
al_ahsa_oasis_an_evolving_cultural_landscape,"Al-Ahsa Oasis, an Evolving Cultural Landscape",SAU,Cultural,2018,https://whc.unesco.org/en/list/1563
bassari_country_bassari_fula_and_bedik_cultural_landscapes,"Bassari Country: Bassari, Fula and Bedik Cultural Landscapes",SEN,Cultural,2012,https://whc.unesco.org/en/list/1407
medieval_monuments_in_kosovo,Medieval Monuments in Kosovo,SRB,Cultural,2004,https://whc.unesco.org/en/list/724
gamzigrad_romuliana_palace_of_galerius,"Gamzigrad-Romuliana, Palace of Galerius",SRB,Cultural,2007,https://whc.unesco.org/en/list/1253
singapore_botanic_gardens,Singapore Botanic Gardens,SGP,Cultural,2015,https://whc.unesco.org/en/list/1483
gola_tiwai_complex,Gola-Tiwai Complex,SLE,Natural,2025,https://whc.unesco.org/en/list/1746
vallee_de_mai_nature_reserve,Vallée de Mai Nature Reserve,SYC,Natural,1983,https://whc.unesco.org/en/list/261
aldabra_atoll,Aldabra Atoll,SYC,Natural,1982,https://whc.unesco.org/en/list/185
wooden_churches_of_the_slovak_part_of_the_carpathian_mountain_area,Wooden Churches of the Slovak part of the Carpathian Mountain Area,SVK,Cultural,2008,https://whc.unesco.org/en/list/1273
levoca_spissky_hrad_and_the_associated_cultural_monuments,"Levoča, Spišský Hrad and the Associated Cultural Monuments",SVK,Cultural,1993,https://whc.unesco.org/en/list/620
vlkolinec,Vlkolínec,SVK,Cultural,1993,https://whc.unesco.org/en/list/622
cape_floral_region_protected_areas,Cape Floral Region Protected Areas,ZAF,Natural,2004,https://whc.unesco.org/en/list/1007
east_rennell,East Rennell,SLB,Natural,1998,https://whc.unesco.org/en/list/854
human_rights_liberation_and_reconciliation_nelson_mandela_legacy_sites,"Human Rights, Liberation and Reconciliation: Nelson Mandela Legacy Sites",ZAF,Cultural,2024,https://whc.unesco.org/en/list/1676
richtersveld_cultural_and_botanical_landscape,Richtersveld Cultural and Botanical Landscape,ZAF,Cultural,2007,https://whc.unesco.org/en/list/1265
antequera_dolmens_site,Antequera Dolmens Site,ESP,Cultural,2016,https://whc.unesco.org/en/list/1501
archaeological_ensemble_of_tarraco,Archaeological Ensemble of Tarraco,ESP,Cultural,2000,https://whc.unesco.org/en/list/875
archaeological_site_of_atapuerca,Archaeological Site of Atapuerca,ESP,Cultural,2000,https://whc.unesco.org/en/list/989
archaeological_ensemble_of_merida,Archaeological Ensemble of Mérida,ESP,Cultural,1993,https://whc.unesco.org/en/list/664
cultural_landscape_of_the_serra_de_tramuntana,Cultural Landscape of the Serra de Tramuntana,ESP,Cultural,2011,https://whc.unesco.org/en/list/1371
ibiza_biodiversity_and_culture,"Ibiza, Biodiversity and Culture",ESP,Mixed,1999,https://whc.unesco.org/en/list/417
las_medulas,Las Médulas,ESP,Cultural,1997,https://whc.unesco.org/en/list/803
mudejar_architecture_of_aragon,Mudejar Architecture of Aragon,ESP,Cultural,1986,https://whc.unesco.org/en/list/378
old_town_of_avila_with_its_extra_muros_churches,Old Town of Ávila with its Extra-Muros Churches,ESP,Cultural,1985,https://whc.unesco.org/en/list/348
old_town_of_caceres,Old Town of Cáceres,ESP,Cultural,1986,https://whc.unesco.org/en/list/384
old_city_of_salamanca,Old City of Salamanca,ESP,Cultural,1988,https://whc.unesco.org/en/list/381
palau_de_la_musica_catalana_and_hospital_de_sant_pau_barcelona,"Palau de la Música Catalana and Hospital de Sant Pau, Barcelona",ESP,Cultural,1997,https://whc.unesco.org/en/list/804
san_cristobal_de_la_laguna,San Cristóbal de La Laguna,ESP,Cultural,1999,https://whc.unesco.org/en/list/929
university_and_historic_precinct_of_alcala_de_henares,University and Historic Precinct of Alcalá de Henares,ESP,Cultural,1998,https://whc.unesco.org/en/list/876
ancient_city_of_polonnaruwa,Ancient City of Polonnaruwa,LKA,Cultural,1982,https://whc.unesco.org/en/list/201
central_highlands_of_sri_lanka,Central Highlands of Sri Lanka,LKA,Natural,2010,https://whc.unesco.org/en/list/1203
rangiri_dambulla_cave_temple,Rangiri Dambulla Cave Temple,LKA,Cultural,1991,https://whc.unesco.org/en/list/561
hebron_al_khalil_old_town,Hebron/Al-Khalil Old Town,PSE,Cultural,2017,https://whc.unesco.org/en/list/1565
palestine_land_of_olives_and_vines_cultural_landscape_of_southern_jerusalem_battir,"Palestine: Land of Olives and Vines – Cultural Landscape of Southern Jerusalem, Battir",PSE,Cultural,2014,https://whc.unesco.org/en/list/1492
jodensavanne_archaeological_site_jodensavanne_settlement_and_cassipora_creek_cemetery,Jodensavanne Archaeological Site: Jodensavanne Settlement and Cassipora Creek Cemetery,SUR,Cultural,2023,https://whc.unesco.org/en/list/1680
grimeton_radio_station_varberg,"Grimeton Radio Station, Varberg",SWE,Cultural,2004,https://whc.unesco.org/en/list/1134
decorated_farmhouses_of_halsingland,Decorated Farmhouses of Hälsingland,SWE,Cultural,2012,https://whc.unesco.org/en/list/1282
church_town_of_gammelstad_lulea,"Church Town of Gammelstad, Luleå",SWE,Cultural,1996,https://whc.unesco.org/en/list/762
naval_port_of_karlskrona,Naval Port of Karlskrona,SWE,Cultural,1998,https://whc.unesco.org/en/list/871
royal_domain_of_drottningholm,Royal Domain of Drottningholm,SWE,Cultural,1991,https://whc.unesco.org/en/list/559
abbey_of_st_gall,Abbey of St Gall,CHE,Cultural,1983,https://whc.unesco.org/en/list/268
lavaux_vineyard_terraces,"Lavaux, Vineyard Terraces",CHE,Cultural,2007,https://whc.unesco.org/en/list/1243
three_castles_defensive_wall_and_ramparts_of_the_market_town_of_bellinzona,"Three Castles, Defensive Wall and Ramparts of the Market-Town of Bellinzona",CHE,Cultural,2000,https://whc.unesco.org/en/list/884
swiss_tectonic_arena_sardona,Swiss Tectonic Arena Sardona,CHE,Natural,2008,https://whc.unesco.org/en/list/1179
swiss_alps_jungfrau_aletsch,Swiss Alps Jungfrau-Aletsch,CHE,Natural,2001,https://whc.unesco.org/en/list/1037
ancient_city_of_damascus,Ancient City of Damascus,SYR,Cultural,1979,https://whc.unesco.org/en/list/20
site_of_palmyra,Site of Palmyra,SYR,Cultural,1980,https://whc.unesco.org/en/list/23
silk_roads_zarafshan_karakum_corridor,Silk Roads: Zarafshan-Karakum Corridor,TJK,Cultural,2023,https://whc.unesco.org/en/list/1675
kaeng_krachan_forest_complex,Kaeng Krachan Forest Complex,THA,Natural,2021,https://whc.unesco.org/en/list/1461
thungyai_huai_kha_khaeng_wildlife_sanctuaries,Thungyai-Huai Kha Khaeng Wildlife Sanctuaries,THA,Natural,1991,https://whc.unesco.org/en/list/591
ichkeul_national_park,Ichkeul National Park,TUN,Natural,1980,https://whc.unesco.org/en/list/8
medina_of_sousse,Medina of Sousse,TUN,Cultural,1988,https://whc.unesco.org/en/list/498
archaeological_site_of_ani,Archaeological Site of Ani,TUR,Cultural,2016,https://whc.unesco.org/en/list/1518
aphrodisias,Aphrodisias,TUR,Cultural,2017,https://whc.unesco.org/en/list/1519
bursa_and_cumalikizik_the_birth_of_the_ottoman_empire,Bursa and Cumalıkızık: the Birth of the Ottoman Empire,TUR,Cultural,2014,https://whc.unesco.org/en/list/1452
ephesus,Ephesus,TUR,Cultural,2015,https://whc.unesco.org/en/list/1018
gordion,Gordion,TUR,Cultural,2023,https://whc.unesco.org/en/list/1669
goreme_national_park_and_the_rock_sites_of_cappadocia,Göreme National Park and the Rock Sites of Cappadocia,TUR,Mixed,1985,https://whc.unesco.org/en/list/357
sardis_and_the_lydian_tumuli_of_bin_tepe,Sardis and the Lydian Tumuli of Bin Tepe,TUR,Cultural,2025,https://whc.unesco.org/en/list/1731
xanthos_letoon,Xanthos-Letoon,TUR,Cultural,1988,https://whc.unesco.org/en/list/484
castles_and_town_walls_of_king_edward_in_gwynedd,Castles and Town Walls of King Edward in Gwynedd,GBR,Cultural,1986,https://whc.unesco.org/en/list/374
residence_of_bukovinian_and_dalmatian_metropolitans,Residence of Bukovinian and Dalmatian Metropolitans,UKR,Cultural,2011,https://whc.unesco.org/en/list/1330
l_viv_the_ensemble_of_the_historic_centre,L'viv – the Ensemble of the Historic Centre,UKR,Cultural,1998,https://whc.unesco.org/en/list/865
kyiv_saint_sophia_cathedral_and_related_monastic_buildings_kyiv_pechersk_lavra,"Kyiv: Saint-Sophia Cathedral and Related Monastic Buildings, Kyiv-Pechersk Lavra",UKR,Cultural,1990,https://whc.unesco.org/en/list/527
the_historic_centre_of_odesa,The Historic Centre of Odesa,UKR,Cultural,2023,https://whc.unesco.org/en/list/1703
cultural_sites_of_al_ain_hafit_hili_bidaa_bint_saud_and_oases_areas,"Cultural Sites of Al Ain (Hafit, Hili, Bidaa Bint Saud and Oases Areas)",ARE,Cultural,2011,https://whc.unesco.org/en/list/1343
blenheim_palace,Blenheim Palace,GBR,Cultural,1987,https://whc.unesco.org/en/list/425
cornwall_and_west_devon_mining_landscape,Cornwall and West Devon Mining Landscape,GBR,Cultural,2006,https://whc.unesco.org/en/list/1215
gough_and_inaccessible_islands,Gough and Inaccessible Islands,GBR,Natural,1995,https://whc.unesco.org/en/list/740
ironbridge_gorge,Ironbridge Gorge,GBR,Cultural,1986,https://whc.unesco.org/en/list/371
maritime_greenwich,Maritime Greenwich,GBR,Cultural,1997,https://whc.unesco.org/en/list/795
historic_town_of_st_george_and_related_fortifications_bermuda,"Historic Town of St George and Related Fortifications, Bermuda",GBR,Cultural,2000,https://whc.unesco.org/en/list/983
pontcysyllte_aqueduct_and_canal,Pontcysyllte Aqueduct and Canal,GBR,Cultural,2009,https://whc.unesco.org/en/list/1303
royal_botanic_gardens_kew,"Royal Botanic Gardens, Kew",GBR,Cultural,2003,https://whc.unesco.org/en/list/1084
the_english_lake_district,The English Lake District,GBR,Cultural,2017,https://whc.unesco.org/en/list/422
studley_royal_park_including_the_ruins_of_fountains_abbey,Studley Royal Park including the Ruins of Fountains Abbey,GBR,Cultural,1986,https://whc.unesco.org/en/list/372
selous_game_reserve,Selous Game Reserve,TZA,Natural,1982,https://whc.unesco.org/en/list/199
ngorongoro_conservation_area,Ngorongoro Conservation Area,TZA,Mixed,1979,https://whc.unesco.org/en/list/39
carlsbad_caverns_national_park,Carlsbad Caverns National Park,USA,Natural,1995,https://whc.unesco.org/en/list/721
hawaii_volcanoes_national_park,Hawaii Volcanoes National Park,USA,Natural,1987,https://whc.unesco.org/en/list/409
grand_canyon_national_park,Grand Canyon National Park,USA,Natural,1979,https://whc.unesco.org/en/list/75
la_fortaleza_and_san_juan_national_historic_site_in_puerto_rico,La Fortaleza and San Juan National Historic Site in Puerto Rico,USA,Cultural,1983,https://whc.unesco.org/en/list/266
mesa_verde_national_park,Mesa Verde National Park,USA,Cultural,1978,https://whc.unesco.org/en/list/27
papahanaumokuakea,Papahānaumokuākea,USA,Mixed,2010,https://whc.unesco.org/en/list/1326
statue_of_liberty,Statue of Liberty,USA,Cultural,1984,https://whc.unesco.org/en/list/307
redwood_national_and_state_parks,Redwood National and State Parks,USA,Natural,1980,https://whc.unesco.org/en/list/134
yosemite_national_park,Yosemite National Park,USA,Natural,1984,https://whc.unesco.org/en/list/308
yellowstone_national_park,Yellowstone National Park,USA,Natural,1978,https://whc.unesco.org/en/list/28
itchan_kala,Itchan Kala,UZB,Cultural,1990,https://whc.unesco.org/en/list/543
coro_and_its_port,Coro and its Port,VEN,Cultural,1993,https://whc.unesco.org/en/list/658
hoi_an_ancient_town,Hoi An Ancient Town,VNM,Cultural,1999,https://whc.unesco.org/en/list/948
historic_town_of_zabid,Historic Town of Zabid,YEM,Cultural,1993,https://whc.unesco.org/en/list/611
great_zimbabwe_national_monument,Great Zimbabwe National Monument,ZWE,Cultural,1986,https://whc.unesco.org/en/list/364
old_city_of_sana_a,Old City of Sana'a,YEM,Cultural,1986,https://whc.unesco.org/en/list/385
khami_ruins_national_monument,Khami Ruins National Monument,ZWE,Cultural,1986,https://whc.unesco.org/en/list/365
mana_pools_national_park_sapi_and_chewore_safari_areas,"Mana Pools National Park, Sapi and Chewore Safari Areas",ZWE,Natural,1984,https://whc.unesco.org/en/list/302
matobo_hills,Matobo Hills,ZWE,Cultural,2003,https://whc.unesco.org/en/list/306
